ArmSpan,149.12
Timestamp,HeadX,HeadY,HeadZ,HeadPitch,HeadYaw,HeadRoll,LeftX_norm,LeftY_norm,LeftZ_norm,RightX_norm,RightY_norm,RightZ_norm
0.0412,261.76,-1117.95,80.52,0.03,95.75,-3.95,0.0755,0.2986,-0.1080,-0.0711,0.3043,-0.1039
0.0830,261.86,-1117.86,80.55,0.02,95.79,-4.39,0.0728,0.2979,-0.1088,-0.0703,0.3044,-0.1067
0.1253,261.95,-1117.71,80.62,0.01,95.75,-4.78,0.0706,0.2975,-0.1101,-0.0704,0.3041,-0.1094
0.1667,262.03,-1117.54,80.66,-0.03,95.72,-4.92,0.0689,0.2969,-0.1116,-0.0701,0.3036,-0.1124
0.2087,262.10,-1117.34,80.71,-0.13,95.87,-5.24,0.0671,0.2963,-0.1145,-0.0704,0.3025,-0.1159
0.2501,262.18,-1117.11,80.74,-0.24,95.96,-5.53,0.0652,0.2955,-0.1173,-0.0709,0.3012,-0.1189
0.2919,262.23,-1116.88,80.74,-0.48,95.95,-5.78,0.0634,0.2952,-0.1199,-0.0710,0.2997,-0.1217
0.3341,262.24,-1116.66,80.69,-0.97,95.93,-5.86,0.0624,0.2950,-0.1224,-0.0717,0.2984,-0.1244
0.3760,262.26,-1116.42,80.65,-1.66,95.93,-5.53,0.0623,0.2948,-0.1258,-0.0736,0.2976,-0.1281
0.4176,262.26,-1116.15,80.63,-2.10,95.78,-5.34,0.0630,0.2946,-0.1297,-0.0760,0.2968,-0.1327
0.4595,262.30,-1115.87,80.65,-2.38,95.66,-4.93,0.0632,0.2946,-0.1340,-0.0785,0.2963,-0.1376
0.5012,262.33,-1115.56,80.69,-2.44,95.47,-4.70,0.0627,0.2934,-0.1381,-0.0798,0.2961,-0.1428
0.5429,262.35,-1115.24,80.70,-2.67,95.36,-4.46,0.0621,0.2927,-0.1409,-0.0792,0.2955,-0.1480
0.5847,262.35,-1114.89,80.75,-2.84,95.41,-4.46,0.0614,0.2927,-0.1445,-0.0787,0.2949,-0.1530
0.6267,262.37,-1114.48,80.79,-2.99,95.51,-4.68,0.0612,0.2916,-0.1489,-0.0784,0.2940,-0.1576
0.6685,262.42,-1114.00,80.80,-3.18,95.64,-4.87,0.0613,0.2900,-0.1526,-0.0785,0.2926,-0.1606
0.7100,262.45,-1113.50,80.77,-3.50,95.90,-5.34,0.0612,0.2885,-0.1551,-0.0777,0.2913,-0.1613
0.7519,262.48,-1113.02,80.68,-4.10,96.23,-5.74,0.0597,0.2873,-0.1567,-0.0772,0.2898,-0.1609
0.7940,262.53,-1112.51,80.60,-4.58,96.92,-6.36,0.0588,0.2857,-0.1579,-0.0770,0.2868,-0.1609
0.8357,262.65,-1112.05,80.51,-5.19,97.79,-7.26,0.0576,0.2844,-0.1593,-0.0785,0.2801,-0.1624
0.8775,262.90,-1111.64,80.37,-5.88,99.36,-7.61,0.0560,0.2833,-0.1599,-0.0837,0.2669,-0.1660
0.9187,263.23,-1111.25,80.27,-6.39,101.32,-8.30,0.0544,0.2832,-0.1607,-0.0963,0.2462,-0.1727
0.9600,263.69,-1110.84,80.23,-6.21,103.15,-9.40,0.0518,0.2841,-0.1609,-0.1183,0.2195,-0.1808
1.0019,264.21,-1110.39,80.22,-5.75,105.08,-10.24,0.0493,0.2848,-0.1602,-0.1496,0.1867,-0.1857
1.0440,264.73,-1109.87,80.23,-5.08,107.31,-11.20,0.0472,0.2850,-0.1587,-0.1897,0.1517,-0.1836
1.0855,265.30,-1109.24,80.21,-4.38,109.25,-12.24,0.0455,0.2855,-0.1570,-0.2341,0.1145,-0.1724
1.1274,265.83,-1108.49,80.20,-3.74,111.12,-13.62,0.0441,0.2851,-0.1559,-0.2779,0.0722,-0.1465
1.1688,266.33,-1107.69,80.15,-3.04,112.69,-14.61,0.0426,0.2845,-0.1555,-0.3102,0.0250,-0.1077
1.2108,266.73,-1106.94,80.15,-2.34,114.27,-15.82,0.0413,0.2839,-0.1562,-0.3239,-0.0191,-0.0616
1.2528,267.08,-1106.21,80.09,-1.38,115.52,-17.06,0.0399,0.2828,-0.1563,-0.3207,-0.0548,-0.0137
1.2946,267.42,-1105.71,79.94,-1.05,116.85,-17.53,0.0374,0.2831,-0.1557,-0.3050,-0.0716,0.0352
1.3361,267.72,-1105.33,79.79,-0.92,117.41,-18.55,0.0344,0.2837,-0.1548,-0.2803,-0.0692,0.0795
1.3778,268.00,-1105.03,79.68,-0.77,117.19,-19.20,0.0306,0.2832,-0.1537,-0.2518,-0.0509,0.1126
1.4192,268.26,-1104.90,79.57,-0.80,116.34,-19.67,0.0266,0.2824,-0.1521,-0.2260,-0.0213,0.1373
1.4609,268.49,-1104.88,79.44,-0.99,115.33,-19.88,0.0223,0.2807,-0.1504,-0.2030,0.0219,0.1487
1.5033,268.63,-1104.96,79.33,-1.54,113.86,-20.11,0.0189,0.2772,-0.1489,-0.1824,0.0691,0.1449
1.5447,268.77,-1105.01,79.24,-1.99,112.11,-19.82,0.0156,0.2724,-0.1483,-0.1655,0.1154,0.1289
1.5863,268.82,-1105.17,79.10,-2.88,110.33,-19.50,0.0134,0.2680,-0.1488,-0.1495,0.1634,0.1051
1.6279,268.80,-1105.27,78.95,-4.15,108.29,-19.15,0.0127,0.2633,-0.1509,-0.1341,0.2047,0.0709
1.6698,268.76,-1105.26,78.78,-5.44,105.58,-17.89,0.0119,0.2571,-0.1549,-0.1159,0.2355,0.0364
1.7121,268.72,-1105.11,78.59,-6.86,102.27,-16.31,0.0135,0.2480,-0.1598,-0.0937,0.2585,-0.0004
1.7538,268.65,-1104.76,78.44,-8.33,98.21,-14.45,0.0175,0.2370,-0.1675,-0.0749,0.2679,-0.0352
1.7957,268.37,-1104.40,78.13,-9.98,94.08,-12.37,0.0253,0.2245,-0.1771,-0.0574,0.2762,-0.0661
1.8373,268.07,-1103.85,77.98,-11.76,89.34,-9.80,0.0359,0.2098,-0.1909,-0.0484,0.2828,-0.0950
1.8790,267.53,-1103.28,77.66,-13.20,85.37,-6.16,0.0520,0.1906,-0.2059,-0.0397,0.2878,-0.1212
1.9209,266.93,-1102.53,77.49,-14.16,81.05,-3.10,0.0751,0.1655,-0.2209,-0.0318,0.2889,-0.1412
1.9632,266.20,-1101.79,77.19,-14.92,77.53,0.49,0.1008,0.1343,-0.2348,-0.0218,0.2903,-0.1568
2.0051,265.43,-1100.87,76.92,-15.47,74.54,2.49,0.1320,0.0925,-0.2424,-0.0163,0.2898,-0.1672
2.0463,264.68,-1099.98,76.58,-15.87,72.25,5.18,0.1617,0.0490,-0.2453,-0.0112,0.2907,-0.1754
2.0885,264.00,-1098.97,76.24,-16.32,70.21,7.29,0.1893,-0.0011,-0.2374,-0.0093,0.2901,-0.1812
2.1300,263.41,-1098.05,75.91,-16.55,68.39,10.41,0.2105,-0.0491,-0.2218,-0.0086,0.2903,-0.1863
2.1717,262.83,-1097.09,75.53,-16.89,67.15,12.22,0.2291,-0.0941,-0.1953,-0.0099,0.2891,-0.1901
2.2136,262.39,-1096.28,75.17,-17.45,66.26,14.75,0.2405,-0.1310,-0.1573,-0.0112,0.2883,-0.1945
2.2549,262.02,-1095.50,74.87,-17.89,65.77,16.69,0.2501,-0.1588,-0.1128,-0.0140,0.2860,-0.1988
2.2967,261.73,-1094.96,74.67,-17.98,65.21,18.47,0.2521,-0.1743,-0.0613,-0.0166,0.2846,-0.2038
2.3388,261.41,-1094.43,74.52,-17.85,64.77,19.54,0.2484,-0.1818,-0.0078,-0.0198,0.2814,-0.2077
2.3805,261.10,-1094.09,74.39,-17.73,64.66,20.47,0.2415,-0.1813,0.0449,-0.0217,0.2799,-0.2113
2.4223,260.73,-1093.81,74.27,-17.60,64.78,20.81,0.2315,-0.1742,0.0901,-0.0243,0.2775,-0.2127
2.4640,260.32,-1093.69,74.20,-17.63,64.91,21.04,0.2184,-0.1566,0.1253,-0.0241,0.2763,-0.2139
2.5054,259.84,-1093.76,74.13,-17.77,65.13,21.21,0.2098,-0.1270,0.1511,-0.0227,0.2741,-0.2126
2.5478,259.27,-1093.93,74.10,-18.16,65.89,21.30,0.2018,-0.0887,0.1659,-0.0190,0.2718,-0.2096
2.5893,258.68,-1094.21,74.15,-18.27,67.14,20.69,0.1933,-0.0467,0.1674,-0.0145,0.2683,-0.2052
2.6312,258.06,-1094.61,74.23,-18.30,68.69,20.26,0.1871,-0.0018,0.1624,-0.0087,0.2647,-0.1997
2.6733,257.43,-1095.09,74.39,-18.43,70.88,19.70,0.1811,0.0446,0.1489,-0.0021,0.2603,-0.1952
2.7145,256.82,-1095.75,74.62,-18.59,73.55,18.87,0.1744,0.0915,0.1276,0.0034,0.2564,-0.1920
2.7563,256.32,-1096.31,74.95,-18.32,76.65,17.70,0.1669,0.1375,0.0995,0.0078,0.2520,-0.1906
2.7982,255.88,-1096.95,75.28,-17.97,80.70,16.55,0.1575,0.1759,0.0639,0.0094,0.2483,-0.1896
2.8403,255.62,-1097.46,75.66,-17.48,85.15,15.17,0.1470,0.2041,0.0295,0.0089,0.2430,-0.1889
2.8819,255.43,-1097.98,75.99,-17.30,90.19,12.98,0.1329,0.2285,-0.0050,0.0073,0.2386,-0.1884
2.9236,255.40,-1098.37,76.29,-17.05,95.86,9.77,0.1168,0.2469,-0.0426,0.0031,0.2334,-0.1890
2.9652,255.56,-1098.68,76.56,-17.08,101.79,6.47,0.1047,0.2592,-0.0765,-0.0057,0.2273,-0.1917
3.0074,255.77,-1098.94,76.72,-16.64,108.47,2.03,0.0957,0.2707,-0.1054,-0.0174,0.2207,-0.1961
3.0495,256.07,-1099.12,76.96,-15.86,115.49,-2.43,0.0832,0.2789,-0.1329,-0.0313,0.2104,-0.2037
3.0911,256.48,-1099.26,77.11,-14.34,122.40,-6.59,0.0723,0.2856,-0.1534,-0.0503,0.1977,-0.2118
3.1328,256.98,-1099.22,77.30,-12.17,128.21,-10.15,0.0626,0.2906,-0.1705,-0.0721,0.1825,-0.2208
3.1741,257.64,-1099.04,77.49,-10.01,131.99,-12.43,0.0531,0.2913,-0.1834,-0.0980,0.1621,-0.2292
3.2163,258.39,-1098.78,77.57,-7.93,136.05,-14.25,0.0462,0.2917,-0.1903,-0.1296,0.1333,-0.2324
3.2579,259.28,-1098.42,77.56,-5.72,140.14,-17.23,0.0387,0.2927,-0.1954,-0.1652,0.0960,-0.2306
3.2997,260.25,-1097.88,77.43,-3.46,143.88,-20.40,0.0315,0.2930,-0.1976,-0.2052,0.0503,-0.2227
3.3415,261.19,-1097.27,77.26,-0.47,148.04,-23.94,0.0246,0.2944,-0.1991,-0.2440,-0.0008,-0.2080
3.3824,262.15,-1096.63,76.90,2.27,151.58,-27.68,0.0168,0.2948,-0.1988,-0.2752,-0.0564,-0.1800
3.4238,262.99,-1096.01,76.39,4.73,154.57,-31.76,0.0091,0.2938,-0.1967,-0.2966,-0.1093,-0.1427
3.4662,263.71,-1095.43,75.94,7.29,157.23,-34.88,0.0010,0.2915,-0.1947,-0.3048,-0.1547,-0.0959
3.5081,264.22,-1094.86,75.54,9.58,158.52,-38.43,-0.0060,0.2878,-0.1924,-0.2945,-0.1866,-0.0417
3.5500,264.62,-1094.34,75.09,10.65,158.26,-40.54,-0.0115,0.2834,-0.1889,-0.2723,-0.1996,0.0145
3.5918,264.93,-1093.91,74.74,10.65,157.33,-41.77,-0.0158,0.2805,-0.1856,-0.2459,-0.1971,0.0657
3.6336,265.18,-1093.57,74.37,9.61,155.79,-42.01,-0.0180,0.2784,-0.1818,-0.2199,-0.1787,0.1087
3.6748,265.43,-1093.47,74.09,7.66,154.12,-42.19,-0.0186,0.2774,-0.1781,-0.1985,-0.1524,0.1406
3.7166,265.66,-1093.31,73.78,5.68,152.13,-41.17,-0.0181,0.2752,-0.1746,-0.1829,-0.1204,0.1630
3.7587,265.98,-1093.14,73.67,4.10,149.36,-40.86,-0.0157,0.2713,-0.1726,-0.1737,-0.0825,0.1738
3.8003,266.34,-1093.16,73.39,1.87,146.81,-39.87,-0.0117,0.2680,-0.1702,-0.1687,-0.0406,0.1781
3.8418,266.76,-1093.15,73.19,-0.50,144.09,-38.60,-0.0058,0.2646,-0.1682,-0.1667,0.0023,0.1748
3.8836,267.21,-1093.15,72.99,-3.04,140.74,-38.03,0.0022,0.2604,-0.1657,-0.1665,0.0444,0.1617
3.9254,267.74,-1093.16,72.68,-6.39,137.02,-36.70,0.0101,0.2567,-0.1628,-0.1662,0.0845,0.1446
3.9672,268.24,-1093.11,72.47,-9.18,132.60,-35.57,0.0196,0.2523,-0.1599,-0.1633,0.1217,0.1217
4.0090,268.75,-1093.07,72.22,-12.33,128.18,-33.85,0.0294,0.2479,-0.1561,-0.1576,0.1544,0.0976
4.0508,269.26,-1092.86,71.93,-15.55,122.96,-31.84,0.0399,0.2418,-0.1519,-0.1484,0.1785,0.0741
4.0926,269.63,-1092.78,71.78,-18.31,117.92,-29.69,0.0498,0.2357,-0.1504,-0.1357,0.1982,0.0505
4.1348,269.95,-1092.78,71.51,-21.36,112.57,-27.29,0.0592,0.2289,-0.1493,-0.1220,0.2163,0.0282
4.1765,270.11,-1092.89,71.32,-24.25,107.75,-24.54,0.0681,0.2221,-0.1520,-0.1071,0.2306,0.0054
4.2188,270.17,-1093.01,71.18,-27.36,102.03,-21.66,0.0767,0.2136,-0.1565,-0.0921,0.2418,-0.0205
4.2602,270.02,-1093.05,71.09,-29.76,97.02,-17.46,0.0863,0.2036,-0.1616,-0.0800,0.2499,-0.0447
4.3016,269.77,-1093.12,70.96,-31.75,92.32,-13.84,0.0961,0.1913,-0.1652,-0.0697,0.2561,-0.0670
4.3436,269.52,-1093.13,70.86,-33.36,88.50,-9.65,0.1044,0.1778,-0.1697,-0.0607,0.2608,-0.0856
4.3858,269.18,-1093.08,70.81,-34.32,84.76,-6.26,0.1136,0.1612,-0.1730,-0.0522,0.2624,-0.1001
4.4276,268.72,-1092.92,70.87,-34.49,80.72,-2.27,0.1231,0.1376,-0.1774,-0.0436,0.2644,-0.1128
4.4694,268.25,-1092.63,70.85,-34.08,77.20,1.99,0.1373,0.1092,-0.1798,-0.0377,0.2633,-0.1212
4.5109,267.56,-1092.38,70.75,-34.23,73.90,5.15,0.1556,0.0762,-0.1805,-0.0312,0.2638,-0.1278
4.5531,266.92,-1092.14,70.63,-34.75,71.16,9.69,0.1748,0.0408,-0.1811,-0.0254,0.2647,-0.1351
4.5946,266.20,-1091.79,70.51,-34.88,69.38,12.70,0.1985,0.0034,-0.1781,-0.0218,0.2651,-0.1418
4.6365,265.58,-1091.45,70.43,-35.04,68.04,14.98,0.2197,-0.0358,-0.1734,-0.0181,0.2656,-0.1506
4.6784,265.03,-1091.04,70.30,-34.98,67.43,16.34,0.2400,-0.0786,-0.1640,-0.0177,0.2637,-0.1577
4.7193,264.58,-1090.68,70.17,-34.98,67.36,17.08,0.2568,-0.1236,-0.1473,-0.0183,0.2628,-0.1648
4.7615,264.25,-1090.36,70.10,-35.53,67.93,17.33,0.2650,-0.1691,-0.1237,-0.0215,0.2620,-0.1704
4.8037,264.06,-1090.12,70.02,-35.66,68.53,16.70,0.2657,-0.2084,-0.0962,-0.0257,0.2619,-0.1746
4.8453,263.93,-1089.92,70.07,-35.84,69.53,16.09,0.2568,-0.2400,-0.0635,-0.0307,0.2620,-0.1776
4.8872,263.93,-1089.78,70.18,-34.96,69.83,15.61,0.2438,-0.2613,-0.0290,-0.0363,0.2632,-0.1798
4.9286,263.81,-1089.93,70.25,-34.33,68.93,14.53,0.2337,-0.2705,0.0098,-0.0402,0.2664,-0.1799
4.9703,263.66,-1090.15,70.32,-34.10,67.61,14.31,0.2233,-0.2679,0.0490,-0.0424,0.2689,-0.1789
5.0121,263.40,-1090.34,70.45,-33.46,66.89,14.24,0.2178,-0.2565,0.0869,-0.0422,0.2703,-0.1776
5.0543,263.11,-1090.70,70.49,-33.26,66.30,14.05,0.2147,-0.2357,0.1241,-0.0404,0.2716,-0.1758
5.0960,262.82,-1091.08,70.51,-33.73,66.37,13.56,0.2139,-0.2111,0.1570,-0.0377,0.2710,-0.1740
5.1380,262.59,-1091.43,70.52,-33.56,66.32,12.75,0.2144,-0.1770,0.1845,-0.0352,0.2697,-0.1720
5.1793,262.38,-1091.85,70.50,-34.19,66.87,12.11,0.2138,-0.1366,0.2002,-0.0318,0.2681,-0.1698
5.2212,262.24,-1092.31,70.47,-34.53,67.34,11.64,0.2114,-0.0912,0.2080,-0.0284,0.2660,-0.1676
5.2632,262.13,-1092.75,70.53,-34.95,67.92,11.05,0.2054,-0.0414,0.2055,-0.0257,0.2646,-0.1657
5.3049,262.05,-1093.12,70.62,-34.88,68.64,10.80,0.1986,0.0072,0.1905,-0.0237,0.2627,-0.1640
5.3468,261.96,-1093.39,70.74,-34.63,69.83,9.94,0.1899,0.0556,0.1663,-0.0217,0.2598,-0.1629
5.3882,261.92,-1093.68,70.87,-34.77,71.81,9.18,0.1797,0.1004,0.1283,-0.0201,0.2568,-0.1630
5.4299,261.93,-1093.71,70.97,-34.57,74.74,6.80,0.1661,0.1337,0.0879,-0.0201,0.2513,-0.1633
5.4717,261.95,-1093.75,71.10,-34.14,77.67,4.66,0.1508,0.1608,0.0492,-0.0198,0.2458,-0.1660
5.5138,261.86,-1093.68,71.20,-33.98,81.74,1.96,0.1356,0.1812,0.0068,-0.0200,0.2387,-0.1688
5.5555,261.77,-1093.59,71.38,-33.00,86.48,-1.19,0.1217,0.1957,-0.0312,-0.0214,0.2321,-0.1730
5.5971,261.64,-1093.39,71.51,-31.57,92.17,-4.00,0.1114,0.2068,-0.0647,-0.0254,0.2243,-0.1768
5.6388,261.43,-1093.22,71.70,-29.54,98.40,-8.07,0.1034,0.2140,-0.0920,-0.0304,0.2155,-0.1830
5.6807,261.13,-1092.97,71.93,-27.12,105.25,-12.84,0.0977,0.2206,-0.1171,-0.0421,0.2024,-0.1899
5.7224,260.95,-1092.85,72.16,-24.50,111.97,-15.96,0.0930,0.2254,-0.1376,-0.0588,0.1874,-0.1967
5.7643,260.85,-1092.67,72.45,-21.53,118.57,-19.24,0.0899,0.2294,-0.1550,-0.0827,0.1665,-0.2012
5.8060,260.95,-1092.65,72.67,-19.21,124.54,-21.52,0.0863,0.2351,-0.1695,-0.1114,0.1405,-0.2016
5.8474,261.11,-1092.63,72.96,-16.42,130.26,-24.15,0.0832,0.2402,-0.1817,-0.1432,0.1085,-0.1980
5.8894,261.43,-1092.61,73.19,-13.22,135.40,-26.34,0.0792,0.2471,-0.1923,-0.1798,0.0746,-0.1891
5.9307,261.78,-1092.62,73.38,-10.42,140.11,-28.91,0.0733,0.2535,-0.2013,-0.2141,0.0367,-0.1749
5.9727,262.16,-1092.63,73.43,-7.75,144.66,-30.84,0.0678,0.2612,-0.2087,-0.2432,-0.0050,-0.1542
6.0143,262.47,-1092.58,73.41,-5.33,148.82,-33.38,0.0629,0.2675,-0.2143,-0.2641,-0.0483,-0.1277
6.0556,262.79,-1092.49,73.29,-3.45,152.18,-35.45,0.0569,0.2726,-0.2191,-0.2765,-0.0911,-0.0952
6.0974,263.01,-1092.35,73.23,-1.84,154.66,-37.52,0.0508,0.2743,-0.2224,-0.2772,-0.1282,-0.0593
6.1390,263.14,-1092.14,73.18,-0.20,156.30,-38.63,0.0458,0.2750,-0.2254,-0.2702,-0.1599,-0.0208
6.1813,263.24,-1091.99,73.08,1.05,157.59,-40.27,0.0425,0.2763,-0.2275,-0.2592,-0.1810,0.0194
6.2230,263.35,-1091.83,72.93,1.61,158.34,-41.40,0.0402,0.2754,-0.2280,-0.2466,-0.1928,0.0581
6.2646,263.42,-1091.67,72.78,1.71,158.60,-42.01,0.0371,0.2750,-0.2294,-0.2332,-0.1958,0.0940
6.3063,263.51,-1091.51,72.59,1.11,157.84,-42.37,0.0354,0.2732,-0.2275,-0.2246,-0.1865,0.1270
6.3484,263.61,-1091.41,72.38,0.14,156.61,-42.76,0.0340,0.2709,-0.2251,-0.2154,-0.1673,0.1542
6.3900,263.81,-1091.38,72.13,-1.47,155.23,-42.61,0.0339,0.2677,-0.2209,-0.2091,-0.1381,0.1746
6.4322,264.05,-1091.36,71.80,-3.59,153.14,-42.37,0.0351,0.2641,-0.2158,-0.2031,-0.1031,0.1881
6.4740,264.40,-1091.43,71.44,-6.27,150.70,-41.93,0.0371,0.2592,-0.2100,-0.1989,-0.0635,0.1927
6.5154,264.87,-1091.52,71.10,-9.28,147.60,-40.72,0.0406,0.2537,-0.2040,-0.1958,-0.0215,0.1884
6.5573,265.37,-1091.66,70.80,-12.49,143.67,-39.87,0.0452,0.2481,-0.1980,-0.1926,0.0199,0.1771
6.5993,265.91,-1091.85,70.61,-15.49,139.30,-37.88,0.0507,0.2419,-0.1920,-0.1882,0.0620,0.1605
6.6410,266.54,-1092.09,70.38,-19.23,134.11,-35.99,0.0571,0.2357,-0.1852,-0.1824,0.1022,0.1381
6.6826,267.10,-1092.31,70.20,-22.96,128.29,-33.23,0.0649,0.2278,-0.1785,-0.1746,0.1400,0.1112
6.7240,267.71,-1092.39,70.07,-26.51,121.02,-29.55,0.0735,0.2180,-0.1718,-0.1637,0.1723,0.0791
6.7661,268.16,-1092.40,69.93,-29.49,113.57,-25.38,0.0834,0.2088,-0.1651,-0.1502,0.1985,0.0453
6.8081,268.59,-1092.52,69.73,-32.79,105.81,-21.15,0.0923,0.2008,-0.1580,-0.1352,0.2226,0.0121
6.8499,268.85,-1092.57,69.50,-35.70,98.32,-16.51,0.1005,0.1940,-0.1522,-0.1208,0.2399,-0.0227
6.8918,268.96,-1092.63,69.26,-37.98,91.84,-11.87,0.1080,0.1895,-0.1459,-0.1067,0.2514,-0.0541
6.9334,268.95,-1092.60,68.93,-40.34,86.69,-8.13,0.1123,0.1852,-0.1426,-0.0898,0.2555,-0.0841
6.9755,268.80,-1092.47,68.66,-41.84,82.52,-4.56,0.1160,0.1793,-0.1411,-0.0741,0.2538,-0.1080
7.0178,268.53,-1092.12,68.45,-42.45,79.94,-1.82,0.1208,0.1701,-0.1415,-0.0596,0.2512,-0.1263
7.0595,268.18,-1091.82,68.29,-42.87,77.49,0.61,0.1265,0.1569,-0.1437,-0.0492,0.2479,-0.1396
7.1015,267.72,-1091.42,68.16,-43.09,75.12,2.96,0.1357,0.1362,-0.1467,-0.0405,0.2452,-0.1497
7.1432,267.16,-1091.03,68.12,-43.34,73.19,4.71,0.1480,0.1075,-0.1517,-0.0351,0.2437,-0.1551
7.1850,266.60,-1090.68,68.08,-43.08,70.89,7.19,0.1639,0.0719,-0.1565,-0.0295,0.2441,-0.1605
7.2263,266.05,-1090.18,68.09,-42.53,68.55,10.15,0.1832,0.0293,-0.1589,-0.0266,0.2411,-0.1654
7.2683,265.46,-1089.86,68.07,-41.91,65.84,13.13,0.2034,-0.0149,-0.1583,-0.0236,0.2410,-0.1689
7.3104,264.87,-1089.62,68.03,-42.13,63.11,16.27,0.2249,-0.0604,-0.1524,-0.0187,0.2416,-0.1735
7.3520,264.39,-1089.30,67.97,-41.54,60.85,18.68,0.2442,-0.1066,-0.1392,-0.0157,0.2403,-0.1767
7.3937,263.99,-1089.19,67.87,-41.34,58.74,20.69,0.2587,-0.1498,-0.1211,-0.0123,0.2411,-0.1796
7.4359,263.73,-1089.12,67.78,-41.43,56.69,22.69,0.2677,-0.1918,-0.0932,-0.0109,0.2407,-0.1814
7.4781,263.61,-1089.21,67.67,-41.35,54.74,23.96,0.2710,-0.2234,-0.0560,-0.0110,0.2416,-0.1818
7.5199,263.59,-1089.39,67.58,-41.80,53.07,24.71,0.2686,-0.2415,-0.0129,-0.0121,0.2434,-0.1812
7.5622,263.70,-1089.63,67.49,-41.78,51.35,25.55,0.2594,-0.2451,0.0335,-0.0139,0.2453,-0.1803
7.6039,263.83,-1090.09,67.42,-42.40,49.98,25.93,0.2499,-0.2336,0.0789,-0.0158,0.2475,-0.1782
7.6458,264.01,-1090.56,67.39,-42.84,48.66,25.64,0.2367,-0.2106,0.1220,-0.0171,0.2497,-0.1761
7.6879,264.14,-1091.07,67.44,-43.43,47.77,25.05,0.2230,-0.1772,0.1559,-0.0176,0.2515,-0.1739
7.7297,264.26,-1091.54,67.50,-43.45,47.90,24.00,0.2099,-0.1406,0.1805,-0.0172,0.2518,-0.1712
7.7718,264.28,-1092.06,67.56,-43.61,48.01,23.07,0.2002,-0.1019,0.1928,-0.0157,0.2514,-0.1686
7.8141,264.18,-1092.63,67.65,-43.77,48.58,22.24,0.1939,-0.0594,0.1922,-0.0132,0.2501,-0.1661
7.8553,263.95,-1093.13,67.83,-43.99,49.84,21.49,0.1907,-0.0141,0.1793,-0.0106,0.2482,-0.1643
7.8974,263.63,-1093.54,68.07,-43.83,52.10,20.16,0.1885,0.0307,0.1570,-0.0084,0.2457,-0.1632
7.9393,263.22,-1093.83,68.29,-43.67,55.70,18.39,0.1856,0.0722,0.1278,-0.0072,0.2411,-0.1617
7.9811,262.76,-1094.13,68.56,-44.00,60.51,16.40,0.1799,0.1081,0.0948,-0.0061,0.2353,-0.1618
8.0231,262.33,-1094.22,68.85,-43.82,66.56,13.45,0.1692,0.1375,0.0606,-0.0073,0.2272,-0.1627
8.0643,261.89,-1094.31,69.21,-43.31,73.08,10.26,0.1567,0.1624,0.0257,-0.0096,0.2191,-0.1653
8.1052,261.43,-1094.32,69.58,-42.71,80.47,6.23,0.1451,0.1819,-0.0071,-0.0142,0.2118,-0.1680
8.1461,261.02,-1094.47,70.04,-41.34,88.27,2.46,0.1342,0.1992,-0.0384,-0.0206,0.2069,-0.1707
8.1876,260.61,-1094.56,70.62,-39.90,96.46,-2.34,0.1252,0.2141,-0.0729,-0.0271,0.2017,-0.1751
8.2294,260.36,-1094.61,71.15,-37.19,103.43,-6.75,0.1175,0.2238,-0.1000,-0.0362,0.1966,-0.1800
8.2703,260.14,-1094.71,71.62,-34.76,110.70,-10.48,0.1097,0.2359,-0.1273,-0.0465,0.1911,-0.1853
8.3123,260.00,-1094.76,72.03,-32.37,116.98,-14.25,0.1037,0.2414,-0.1466,-0.0586,0.1843,-0.1901
8.3535,259.89,-1094.75,72.39,-29.55,123.56,-17.47,0.0974,0.2482,-0.1645,-0.0730,0.1747,-0.1942
8.3954,259.84,-1094.70,72.65,-26.60,130.16,-21.58,0.0902,0.2521,-0.1769,-0.0930,0.1593,-0.1946
8.4368,259.90,-1094.56,72.88,-23.41,136.62,-24.20,0.0826,0.2549,-0.1871,-0.1161,0.1375,-0.1937
8.4789,260.04,-1094.39,72.97,-20.31,142.76,-27.64,0.0754,0.2572,-0.1949,-0.1456,0.1067,-0.1871
8.5203,260.24,-1094.11,72.90,-17.23,148.83,-30.23,0.0690,0.2593,-0.2007,-0.1780,0.0713,-0.1757
8.5625,260.43,-1093.84,72.84,-14.06,154.25,-33.74,0.0655,0.2624,-0.2050,-0.2104,0.0312,-0.1570
8.6037,260.69,-1093.35,72.69,-11.20,158.63,-36.27,0.0614,0.2646,-0.2088,-0.2388,-0.0125,-0.1299
8.6456,260.93,-1092.84,72.51,-8.51,161.51,-39.05,0.0583,0.2651,-0.2116,-0.2600,-0.0542,-0.0950
8.6878,261.17,-1092.29,72.31,-7.00,163.13,-40.90,0.0554,0.2655,-0.2146,-0.2716,-0.0937,-0.0525
8.7296,261.26,-1091.64,72.22,-5.73,162.79,-42.56,0.0542,0.2649,-0.2170,-0.2688,-0.1202,-0.0064
8.7717,261.31,-1091.00,72.05,-5.91,160.98,-43.34,0.0537,0.2625,-0.2179,-0.2575,-0.1342,0.0419
8.8139,261.34,-1090.57,71.71,-7.41,159.24,-42.64,0.0536,0.2606,-0.2168,-0.2403,-0.1337,0.0851
8.8555,261.41,-1090.22,71.41,-9.83,157.45,-42.40,0.0534,0.2588,-0.2151,-0.2242,-0.1217,0.1193
8.8971,261.49,-1090.01,71.07,-12.70,155.29,-41.99,0.0541,0.2571,-0.2120,-0.2096,-0.0977,0.1435
8.9383,261.55,-1089.84,70.76,-15.81,152.79,-41.14,0.0560,0.2552,-0.2077,-0.1959,-0.0651,0.1583
8.9795,261.74,-1089.84,70.22,-20.01,150.06,-39.73,0.0583,0.2537,-0.1998,-0.1838,-0.0253,0.1653
9.0213,262.02,-1089.77,69.70,-24.52,146.79,-38.68,0.0609,0.2503,-0.1912,-0.1718,0.0165,0.1607
9.0636,262.59,-1089.69,69.03,-29.66,141.91,-35.18,0.0624,0.2454,-0.1817,-0.1618,0.0564,0.1506
9.1052,263.13,-1089.48,68.66,-33.94,135.63,-32.68,0.0652,0.2385,-0.1751,-0.1522,0.0927,0.1325
9.1472,263.80,-1089.41,68.28,-37.13,128.74,-28.45,0.0683,0.2307,-0.1679,-0.1435,0.1256,0.1087
9.1887,264.54,-1089.38,67.98,-39.68,121.21,-24.93,0.0713,0.2214,-0.1619,-0.1352,0.1514,0.0796
9.2306,265.31,-1089.53,67.78,-42.27,113.86,-20.89,0.0750,0.2097,-0.1573,-0.1267,0.1740,0.0491
9.2730,266.05,-1089.76,67.81,-43.78,105.55,-17.39,0.0797,0.1977,-0.1543,-0.1174,0.1917,0.0165
9.3147,266.70,-1090.10,68.00,-44.85,98.29,-12.45,0.0863,0.1889,-0.1531,-0.1081,0.2079,-0.0179
9.3563,267.25,-1090.54,68.26,-44.64,90.95,-8.38,0.0925,0.1827,-0.1523,-0.0993,0.2210,-0.0505
9.3981,267.68,-1091.07,68.59,-44.90,85.58,-4.32,0.0971,0.1798,-0.1531,-0.0903,0.2320,-0.0822
9.4399,268.00,-1091.36,68.88,-43.79,81.80,-2.50,0.1011,0.1766,-0.1539,-0.0814,0.2356,-0.1084
9.4819,268.16,-1091.78,69.13,-43.56,78.97,-1.22,0.1044,0.1749,-0.1546,-0.0711,0.2378,-0.1308
9.5236,268.27,-1091.97,69.25,-42.76,76.95,0.32,0.1069,0.1720,-0.1558,-0.0607,0.2372,-0.1462
9.5655,268.30,-1092.09,69.30,-42.81,74.61,1.99,0.1108,0.1640,-0.1565,-0.0508,0.2349,-0.1558
9.6082,268.33,-1092.13,69.21,-42.84,71.39,5.03,0.1188,0.1487,-0.1557,-0.0413,0.2345,-0.1618
9.6505,268.23,-1092.12,69.01,-43.46,66.84,9.16,0.1329,0.1304,-0.1531,-0.0341,0.2345,-0.1662
9.6914,268.11,-1092.11,68.88,-43.91,64.67,11.51,0.1494,0.1067,-0.1508,-0.0302,0.2367,-0.1700
9.7328,267.91,-1092.03,68.68,-44.60,60.97,14.71,0.1678,0.0734,-0.1462,-0.0262,0.2390,-0.1726
9.7746,267.73,-1091.79,68.49,-44.59,57.73,18.13,0.1895,0.0341,-0.1399,-0.0226,0.2410,-0.1755
9.8165,267.45,-1091.46,68.19,-44.55,55.39,20.74,0.2124,-0.0075,-0.1309,-0.0189,0.2436,-0.1788
9.8583,267.17,-1091.10,67.78,-44.80,53.23,22.78,0.2338,-0.0526,-0.1154,-0.0158,0.2456,-0.1822
9.9001,266.87,-1090.67,67.31,-45.25,51.36,24.97,0.2502,-0.0979,-0.0947,-0.0124,0.2464,-0.1864
9.9422,266.55,-1090.26,66.85,-45.35,49.81,27.77,0.2598,-0.1407,-0.0697,-0.0094,0.2470,-0.1924
9.9839,266.28,-1089.85,66.42,-45.96,49.30,29.00,0.2643,-0.1797,-0.0402,-0.0075,0.2462,-0.1983
10.0257,266.14,-1089.52,66.03,-46.16,49.09,30.24,0.2583,-0.2102,-0.0042,-0.0072,0.2442,-0.2038
10.0673,266.04,-1089.21,65.68,-46.42,49.49,30.49,0.2466,-0.2294,0.0324,-0.0090,0.2429,-0.2081
10.1091,265.94,-1089.06,65.40,-47.25,49.93,30.76,0.2297,-0.2366,0.0726,-0.0113,0.2427,-0.2112
10.1511,265.91,-1088.90,65.18,-47.70,50.23,30.37,0.2117,-0.2333,0.1123,-0.0146,0.2414,-0.2119
10.1931,265.82,-1088.86,65.08,-48.19,50.86,30.16,0.1983,-0.2186,0.1475,-0.0166,0.2414,-0.2115
10.2353,265.65,-1088.89,64.98,-48.38,51.20,28.63,0.1870,-0.1993,0.1779,-0.0169,0.2414,-0.2100
10.2769,265.40,-1089.08,65.01,-48.98,51.34,27.94,0.1758,-0.1681,0.1987,-0.0175,0.2419,-0.2085
10.3189,265.13,-1089.25,65.10,-49.06,51.47,27.62,0.1692,-0.1309,0.2109,-0.0165,0.2411,-0.2065
10.3610,264.72,-1089.44,65.21,-48.92,51.96,26.98,0.1660,-0.0897,0.2120,-0.0152,0.2391,-0.2036
10.4029,264.28,-1089.66,65.32,-48.83,53.19,26.41,0.1655,-0.0447,0.2035,-0.0136,0.2366,-0.2008
10.4451,263.69,-1089.96,65.40,-49.05,53.57,26.16,0.1676,0.0032,0.1856,-0.0110,0.2340,-0.1981
10.4872,263.00,-1090.06,65.50,-49.27,55.86,25.76,0.1705,0.0478,0.1598,-0.0081,0.2292,-0.1961
10.5289,262.21,-1090.10,65.70,-48.93,58.79,25.64,0.1740,0.0856,0.1271,-0.0050,0.2237,-0.1950
10.5708,261.27,-1090.11,65.88,-48.58,63.32,23.75,0.1738,0.1161,0.0899,-0.0019,0.2177,-0.1942
10.6126,260.34,-1090.29,66.18,-48.93,68.66,22.18,0.1725,0.1446,0.0501,0.0002,0.2136,-0.1941
10.6546,259.40,-1090.33,66.51,-48.47,75.12,18.23,0.1695,0.1666,0.0132,0.0014,0.2086,-0.1938
10.6968,258.57,-1090.53,66.92,-47.82,81.64,15.21,0.1654,0.1844,-0.0205,0.0015,0.2048,-0.1938
10.7378,257.75,-1090.86,67.41,-47.31,87.84,11.27,0.1587,0.2002,-0.0544,0.0016,0.2026,-0.1953
10.7786,257.01,-1091.03,67.96,-45.63,94.78,7.85,0.1519,0.2109,-0.0878,0.0003,0.1986,-0.1971
10.8192,256.32,-1091.44,68.63,-43.92,102.09,2.93,0.1441,0.2197,-0.1156,-0.0010,0.1963,-0.2019
10.8604,255.79,-1091.68,69.26,-41.49,109.16,-1.82,0.1355,0.2242,-0.1405,-0.0066,0.1915,-0.2073
10.9015,255.41,-1092.10,69.90,-38.90,115.99,-6.81,0.1260,0.2292,-0.1570,-0.0166,0.1855,-0.2143
10.9427,255.39,-1092.47,70.43,-36.76,122.91,-11.26,0.1151,0.2346,-0.1706,-0.0344,0.1732,-0.2190
10.9840,255.53,-1092.70,71.00,-33.78,129.48,-15.32,0.1067,0.2388,-0.1805,-0.0579,0.1526,-0.2212
11.0260,255.93,-1092.88,71.48,-30.43,135.20,-18.59,0.0974,0.2423,-0.1901,-0.0873,0.1224,-0.2181
11.0677,256.35,-1093.00,71.96,-26.90,141.03,-21.97,0.0900,0.2470,-0.1979,-0.1208,0.0850,-0.2120
11.1097,256.93,-1093.00,72.39,-22.80,145.96,-25.12,0.0826,0.2520,-0.2053,-0.1565,0.0465,-0.2027
11.1510,257.50,-1092.96,72.68,-18.57,150.79,-28.53,0.0757,0.2570,-0.2103,-0.1903,0.0039,-0.1868
11.1925,258.11,-1092.86,72.70,-15.23,155.21,-31.80,0.0682,0.2617,-0.2132,-0.2193,-0.0383,-0.1635
11.2347,258.56,-1092.71,72.46,-12.74,159.33,-35.84,0.0619,0.2645,-0.2142,-0.2406,-0.0801,-0.1326
11.2764,258.77,-1092.54,72.10,-10.53,163.14,-39.24,0.0583,0.2668,-0.2141,-0.2518,-0.1186,-0.0930
11.3187,258.95,-1092.26,71.79,-9.57,165.89,-41.65,0.0549,0.2675,-0.2140,-0.2507,-0.1477,-0.0468
11.3612,259.06,-1092.08,71.38,-8.98,167.58,-43.29,0.0522,0.2684,-0.2124,-0.2441,-0.1641,0.0020
11.4026,259.20,-1091.90,70.97,-9.04,169.09,-43.73,0.0495,0.2691,-0.2110,-0.2366,-0.1714,0.0480
11.4445,259.38,-1091.79,70.59,-9.12,169.94,-45.09,0.0471,0.2700,-0.2089,-0.2263,-0.1673,0.0894
11.4867,259.70,-1091.61,70.25,-9.95,170.01,-45.31,0.0434,0.2693,-0.2080,-0.2162,-0.1505,0.1238
11.5291,260.03,-1091.49,70.03,-10.53,169.30,-45.76,0.0416,0.2676,-0.2062,-0.2048,-0.1263,0.1483
11.5706,260.46,-1091.42,69.81,-11.73,168.15,-45.22,0.0400,0.2652,-0.2045,-0.1968,-0.0942,0.1649
11.6123,260.91,-1091.31,69.53,-13.44,166.15,-45.41,0.0407,0.2612,-0.2016,-0.1913,-0.0582,0.1734
11.6542,261.49,-1091.19,69.15,-16.10,163.62,-44.65,0.0431,0.2568,-0.1980,-0.1881,-0.0208,0.1748
11.6961,262.10,-1090.99,68.62,-19.76,159.93,-44.21,0.0472,0.2515,-0.1930,-0.1845,0.0177,0.1696
11.7380,262.81,-1090.66,67.81,-24.90,155.23,-42.95,0.0528,0.2453,-0.1846,-0.1801,0.0527,0.1591
11.7801,263.55,-1090.21,66.79,-30.86,149.79,-41.28,0.0595,0.2382,-0.1747,-0.1760,0.0875,0.1456
11.8218,264.29,-1089.67,65.73,-36.71,143.63,-39.49,0.0678,0.2285,-0.1644,-0.1712,0.1181,0.1255
11.8631,265.17,-1089.13,64.68,-41.95,136.16,-36.43,0.0758,0.2177,-0.1544,-0.1653,0.1446,0.1032
11.9058,266.12,-1088.69,63.86,-46.82,128.37,-32.87,0.0841,0.2068,-0.1452,-0.1575,0.1693,0.0776
11.9480,267.24,-1088.35,63.22,-50.26,118.19,-27.01,0.0906,0.1958,-0.1379,-0.1482,0.1897,0.0493
11.9902,268.39,-1088.31,62.80,-53.19,107.43,-19.59,0.0956,0.1872,-0.1319,-0.1382,0.2069,0.0187
12.0325,269.48,-1088.48,62.60,-55.25,96.35,-11.45,0.0979,0.1812,-0.1277,-0.1289,0.2215,-0.0128
12.0743,270.31,-1088.68,62.71,-55.68,87.32,-5.15,0.0996,0.1779,-0.1254,-0.1187,0.2329,-0.0434
12.1168,270.94,-1088.96,62.92,-55.10,81.38,-1.98,0.1003,0.1767,-0.1240,-0.1068,0.2388,-0.0725
12.1585,271.39,-1089.30,63.16,-54.65,76.64,1.02,0.1009,0.1734,-0.1237,-0.0962,0.2407,-0.0965
12.2010,271.59,-1089.62,63.42,-54.42,72.41,3.56,0.1035,0.1661,-0.1247,-0.0845,0.2400,-0.1163
12.2423,271.66,-1089.84,63.65,-53.53,67.83,7.31,0.1093,0.1534,-0.1265,-0.0745,0.2379,-0.1320
12.2841,271.47,-1090.08,64.00,-53.03,64.44,10.19,0.1214,0.1367,-0.1283,-0.0653,0.2369,-0.1456
12.3257,271.06,-1090.29,64.25,-52.56,61.77,11.70,0.1370,0.1135,-0.1320,-0.0586,0.2351,-0.1551
12.3680,270.43,-1090.51,64.47,-52.30,60.02,12.59,0.1565,0.0806,-0.1349,-0.0527,0.2349,-0.1635
12.4097,269.78,-1090.70,64.67,-52.23,58.79,14.43,0.1769,0.0399,-0.1370,-0.0481,0.2347,-0.1724
12.4518,269.03,-1090.76,64.77,-51.80,58.08,14.83,0.1991,-0.0094,-0.1340,-0.0463,0.2330,-0.1783
12.4933,268.36,-1090.85,64.86,-51.77,57.02,16.16,0.2190,-0.0593,-0.1275,-0.0446,0.2335,-0.1847
12.5343,267.78,-1090.73,64.90,-51.88,56.51,16.91,0.2328,-0.1132,-0.1108,-0.0451,0.2333,-0.1892
12.5764,267.35,-1090.68,64.88,-51.35,55.93,17.14,0.2417,-0.1604,-0.0909,-0.0458,0.2354,-0.1917
12.6183,266.97,-1090.65,64.93,-51.69,55.35,17.17,0.2489,-0.2029,-0.0594,-0.0477,0.2383,-0.1946
12.6601,266.80,-1090.65,64.95,-51.51,55.17,17.52,0.2496,-0.2353,-0.0152,-0.0505,0.2408,-0.1947
12.7022,266.69,-1090.63,64.97,-51.40,54.72,17.64,0.2467,-0.2561,0.0339,-0.0530,0.2423,-0.1939
12.7435,266.66,-1090.70,65.02,-51.20,53.86,17.92,0.2379,-0.2632,0.0865,-0.0562,0.2439,-0.1917
12.7856,266.64,-1090.80,65.16,-51.10,53.75,18.03,0.2264,-0.2559,0.1375,-0.0583,0.2456,-0.1901
12.8276,266.69,-1090.91,65.24,-50.58,53.87,17.24,0.2128,-0.2346,0.1814,-0.0612,0.2471,-0.1865
12.8693,266.64,-1091.10,65.34,-50.44,53.59,16.94,0.1989,-0.2017,0.2104,-0.0628,0.2484,-0.1828
12.9112,266.53,-1091.35,65.39,-50.49,53.20,17.06,0.1878,-0.1585,0.2242,-0.0620,0.2494,-0.1788
12.9528,266.33,-1091.62,65.49,-50.53,53.21,17.18,0.1820,-0.1101,0.2258,-0.0595,0.2496,-0.1755
12.9944,266.05,-1091.94,65.57,-50.10,52.68,17.34,0.1794,-0.0588,0.2162,-0.0560,0.2499,-0.1729
13.0365,265.67,-1092.27,65.71,-49.79,52.30,18.40,0.1815,-0.0114,0.2030,-0.0515,0.2486,-0.1713
13.0783,265.22,-1092.55,65.83,-49.37,52.50,19.16,0.1873,0.0327,0.1865,-0.0458,0.2451,-0.1704
13.1204,264.65,-1092.65,66.00,-49.34,54.46,19.22,0.1836,0.0777,0.1508,-0.0401,0.2390,-0.1699
13.1618,264.03,-1092.63,66.16,-49.17,58.11,17.81,0.1683,0.1221,0.0980,-0.0351,0.2321,-0.1697
13.2030,263.32,-1092.44,66.35,-48.58,63.43,15.52,0.1556,0.1524,0.0569,-0.0302,0.2248,-0.1701
13.2454,262.59,-1092.20,66.58,-47.96,70.28,12.42,0.1465,0.1727,0.0171,-0.0256,0.2172,-0.1702
13.2870,261.88,-1092.02,66.82,-47.26,77.19,9.08,0.1359,0.1882,-0.0202,-0.0214,0.2105,-0.1704
13.3282,261.19,-1091.88,67.05,-47.04,84.18,5.56,0.1280,0.1985,-0.0522,-0.0185,0.2044,-0.1696
13.3687,260.52,-1091.78,67.32,-45.93,92.33,0.91,0.1219,0.2076,-0.0795,-0.0158,0.1993,-0.1716
13.4094,259.84,-1091.64,67.70,-44.43,101.31,-5.16,0.1179,0.2145,-0.1061,-0.0192,0.1907,-0.1766
13.4503,259.15,-1091.63,68.11,-41.68,111.17,-11.38,0.1156,0.2201,-0.1253,-0.0281,0.1813,-0.1844
13.4912,258.56,-1091.70,68.60,-38.40,121.46,-18.02,0.1137,0.2296,-0.1444,-0.0444,0.1671,-0.1934
13.5325,258.20,-1091.85,69.11,-34.33,130.81,-23.13,0.1124,0.2377,-0.1600,-0.0675,0.1488,-0.1998
13.5740,258.04,-1092.07,69.53,-30.59,139.23,-27.84,0.1089,0.2482,-0.1737,-0.0966,0.1224,-0.2023
13.6151,258.00,-1092.14,69.90,-27.03,145.48,-31.17,0.1040,0.2553,-0.1862,-0.1284,0.0875,-0.2008
13.6572,258.09,-1092.19,70.10,-23.60,151.05,-33.88,0.0987,0.2615,-0.1965,-0.1588,0.0466,-0.1944
13.6989,258.28,-1092.22,70.22,-20.47,156.66,-36.26,0.0926,0.2683,-0.2048,-0.1874,0.0014,-0.1815
13.7414,258.42,-1092.17,70.32,-16.87,161.56,-39.22,0.0867,0.2740,-0.2104,-0.2094,-0.0456,-0.1615
13.7835,258.59,-1092.10,70.42,-13.68,165.72,-41.88,0.0794,0.2777,-0.2139,-0.2267,-0.0925,-0.1347
13.8253,258.70,-1091.91,70.44,-10.74,168.55,-43.05,0.0722,0.2814,-0.2150,-0.2404,-0.1375,-0.1012
13.8674,258.80,-1091.77,70.37,-8.86,170.84,-44.09,0.0656,0.2840,-0.2144,-0.2417,-0.1769,-0.0598
13.9087,258.84,-1091.66,70.22,-7.51,172.98,-44.95,0.0598,0.2862,-0.2127,-0.2349,-0.2042,-0.0138
13.9504,258.92,-1091.59,70.01,-7.06,174.53,-46.53,0.0535,0.2874,-0.2107,-0.2261,-0.2162,0.0333
13.9926,258.96,-1091.33,69.82,-7.02,175.13,-46.94,0.0488,0.2854,-0.2079,-0.2128,-0.2184,0.0774
14.0344,259.01,-1091.04,69.61,-7.01,174.60,-47.26,0.0452,0.2826,-0.2045,-0.2011,-0.2077,0.1173
14.0760,259.14,-1090.73,69.30,-7.68,173.77,-48.04,0.0416,0.2792,-0.2003,-0.1911,-0.1860,0.1500
14.1180,259.35,-1090.39,68.97,-8.81,172.29,-48.15,0.0391,0.2749,-0.1956,-0.1830,-0.1556,0.1736
14.1594,259.67,-1090.04,68.58,-10.40,170.33,-47.96,0.0375,0.2701,-0.1903,-0.1792,-0.1164,0.1913
14.2017,260.05,-1089.66,68.27,-12.79,167.27,-47.84,0.0370,0.2643,-0.1858,-0.1765,-0.0713,0.1975
14.2439,260.56,-1089.29,67.82,-16.06,163.52,-46.79,0.0382,0.2572,-0.1800,-0.1743,-0.0253,0.1918
14.2849,261.08,-1088.92,67.39,-19.79,159.09,-45.58,0.0412,0.2505,-0.1744,-0.1721,0.0240,0.1755
14.3265,261.82,-1088.55,66.77,-24.86,153.46,-43.22,0.0452,0.2437,-0.1666,-0.1704,0.0711,0.1504
14.3687,262.44,-1088.09,66.34,-29.81,146.61,-40.79,0.0508,0.2354,-0.1602,-0.1676,0.1117,0.1191
14.4105,263.26,-1087.48,65.73,-34.54,137.98,-35.26,0.0570,0.2254,-0.1514,-0.1630,0.1435,0.0878
14.4519,263.97,-1087.02,65.13,-38.67,127.83,-30.73,0.0640,0.2160,-0.1431,-0.1529,0.1716,0.0477
14.4933,264.95,-1087.01,64.43,-43.53,117.98,-23.52,0.0701,0.2090,-0.1346,-0.1420,0.1912,0.0068
14.5345,265.73,-1087.02,63.94,-47.47,107.80,-16.96,0.0779,0.2009,-0.1272,-0.1306,0.2058,-0.0303
14.5765,266.56,-1087.23,63.59,-50.12,97.34,-9.03,0.0837,0.1957,-0.1244,-0.1206,0.2170,-0.0650
14.6196,267.14,-1087.49,63.28,-51.21,88.63,-2.39,0.0911,0.1910,-0.1219,-0.1109,0.2243,-0.0944
14.6625,267.64,-1088.04,63.09,-52.83,81.73,3.62,0.0959,0.1881,-0.1230,-0.1021,0.2284,-0.1201
14.7045,267.91,-1088.37,62.95,-53.33,76.71,6.18,0.1025,0.1799,-0.1235,-0.0929,0.2276,-0.1354
14.7462,268.13,-1088.71,62.97,-53.76,73.13,8.76,0.1089,0.1675,-0.1270,-0.0817,0.2265,-0.1452
14.7878,268.16,-1088.95,62.94,-53.25,69.76,10.64,0.1177,0.1488,-0.1322,-0.0689,0.2244,-0.1501
14.8297,268.02,-1089.34,62.96,-53.44,66.43,13.40,0.1295,0.1234,-0.1392,-0.0571,0.2251,-0.1566
14.8719,267.77,-1089.40,62.92,-53.54,62.99,16.47,0.1450,0.0879,-0.1478,-0.0503,0.2262,-0.1606
14.9140,267.30,-1089.51,62.79,-53.87,60.25,19.42,0.1641,0.0438,-0.1549,-0.0421,0.2284,-0.1643
14.9558,266.73,-1089.65,62.50,-55.26,57.73,22.70,0.1832,-0.0059,-0.1586,-0.0333,0.2304,-0.1667
14.9977,266.17,-1089.55,62.21,-56.16,56.34,25.84,0.2058,-0.0605,-0.1533,-0.0269,0.2311,-0.1685
15.0401,265.64,-1089.33,61.95,-56.75,56.40,26.19,0.2279,-0.1119,-0.1407,-0.0232,0.2312,-0.1700
15.0819,265.21,-1089.22,61.66,-57.44,56.81,26.92,0.2476,-0.1605,-0.1190,-0.0211,0.2311,-0.1710
15.1240,264.78,-1089.15,61.42,-58.35,57.72,26.52,0.2663,-0.2026,-0.0890,-0.0199,0.2310,-0.1720
15.1659,264.39,-1089.07,61.20,-58.95,59.61,25.89,0.2785,-0.2393,-0.0519,-0.0190,0.2312,-0.1729
15.2072,263.99,-1089.03,61.14,-59.49,62.78,24.91,0.2859,-0.2634,-0.0073,-0.0187,0.2293,-0.1743
15.2494,263.64,-1089.11,61.23,-59.93,66.27,22.81,0.2865,-0.2717,0.0397,-0.0187,0.2264,-0.1773
15.2909,263.52,-1089.29,61.46,-59.88,67.56,21.96,0.2794,-0.2619,0.0861,-0.0217,0.2262,-0.1808
15.3327,263.33,-1089.53,61.78,-59.44,69.09,20.27,0.2704,-0.2390,0.1276,-0.0240,0.2276,-0.1834
15.3749,263.22,-1089.84,62.21,-58.74,70.27,18.62,0.2667,-0.2126,0.1626,-0.0262,0.2294,-0.1835
15.4165,263.14,-1090.21,62.66,-57.91,70.89,17.55,0.2613,-0.1779,0.1888,-0.0271,0.2309,-0.1816
15.4582,263.08,-1090.70,63.08,-56.90,70.87,16.45,0.2494,-0.1345,0.2015,-0.0278,0.2323,-0.1780
15.5000,263.00,-1091.27,63.51,-56.24,70.70,16.34,0.2228,-0.0761,0.1973,-0.0285,0.2331,-0.1733
15.5423,262.87,-1091.86,63.92,-55.53,70.24,15.96,0.2154,-0.0309,0.1878,-0.0285,0.2338,-0.1684
15.5838,262.61,-1092.45,64.35,-55.13,70.63,15.91,0.2118,0.0148,0.1705,-0.0273,0.2339,-0.1637
15.6257,262.32,-1092.98,64.66,-54.43,72.22,14.82,0.2090,0.0588,0.1477,-0.0255,0.2336,-0.1586
15.6677,262.02,-1093.49,65.00,-54.29,74.25,13.69,0.2054,0.1023,0.1188,-0.0239,0.2328,-0.1547
15.7094,261.69,-1093.82,65.27,-54.03,77.13,11.65,0.1994,0.1367,0.0851,-0.0222,0.2313,-0.1518
15.7509,261.41,-1093.96,65.52,-53.61,80.79,9.57,0.1893,0.1646,0.0500,-0.0216,0.2287,-0.1495
15.7929,261.10,-1094.02,65.74,-52.77,84.60,6.61,0.2019,0.1330,0.0758,-0.0202,0.2260,-0.1489
15.8346,260.83,-1093.96,66.04,-52.35,88.27,4.28,0.2057,0.1342,0.0708,-0.0205,0.2223,-0.1504
15.8759,260.49,-1093.66,66.34,-50.31,92.26,1.21,0.2017,0.1342,0.0620,-0.0220,0.2182,-0.1547
15.9180,260.16,-1093.46,66.72,-48.47,95.70,-0.98,0.2031,0.1406,0.0611,-0.0255,0.2157,-0.1621
15.9594,259.75,-1093.18,67.05,-46.89,100.17,-3.66,0.1574,0.1530,-0.0137,-0.0318,0.2114,-0.1710
16.0003,259.27,-1092.89,67.42,-44.72,105.93,-7.05,0.1361,0.1698,-0.0581,-0.0409,0.2040,-0.1819
16.0410,258.73,-1092.60,67.81,-41.98,114.09,-11.95,0.1176,0.1888,-0.0956,-0.0549,0.1906,-0.1927
16.0814,258.28,-1092.49,68.22,-38.49,123.80,-17.66,0.1050,0.2098,-0.1228,-0.0769,0.1718,-0.2005
16.1222,258.08,-1092.54,68.64,-34.63,133.23,-23.09,0.1005,0.2229,-0.1314,-0.1060,0.1470,-0.2045
16.1634,258.16,-1092.69,69.02,-31.46,141.65,-28.22,0.0949,0.2345,-0.1385,-0.1429,0.1135,-0.2013
16.2054,258.35,-1092.65,69.42,-27.34,148.45,-31.61,0.0859,0.2430,-0.1465,-0.1814,0.0722,-0.1918
16.2464,258.65,-1092.60,69.75,-23.15,154.18,-33.91,0.0762,0.2527,-0.1534,-0.2161,0.0243,-0.1718
16.2882,258.89,-1092.37,69.89,-19.14,158.70,-35.96,0.0652,0.2615,-0.1607,-0.2399,-0.0259,-0.1427
16.3303,259.10,-1092.17,69.90,-16.24,162.70,-37.88,0.0549,0.2670,-0.1650,-0.2533,-0.0757,-0.1043
16.3723,259.21,-1091.88,69.74,-14.03,166.06,-39.95,0.0468,0.2705,-0.1686,-0.2521,-0.1211,-0.0598
16.4148,259.27,-1091.53,69.41,-12.66,168.45,-42.12,0.0403,0.2718,-0.1714,-0.2418,-0.1581,-0.0147
16.4566,259.36,-1091.19,68.94,-12.00,170.20,-43.83,0.0348,0.2718,-0.1740,-0.2270,-0.1847,0.0309
16.4978,259.41,-1090.80,68.40,-12.23,171.28,-45.57,0.0328,0.2705,-0.1751,-0.2116,-0.1966,0.0742
16.5394,259.38,-1090.42,67.96,-12.39,171.24,-47.29,0.0323,0.2689,-0.1774,-0.1979,-0.1933,0.1118
16.5815,259.45,-1090.05,67.38,-13.55,170.65,-48.72,0.0319,0.2665,-0.1793,-0.1880,-0.1780,0.1444
16.6236,259.54,-1089.78,66.91,-15.20,169.37,-49.50,0.0335,0.2639,-0.1818,-0.1812,-0.1491,0.1677
16.6654,259.80,-1089.52,66.31,-17.79,167.29,-49.87,0.0352,0.2594,-0.1822,-0.1785,-0.1113,0.1821
16.7072,260.12,-1089.16,65.74,-21.44,163.17,-49.83,0.0379,0.2530,-0.1809,-0.1775,-0.0702,0.1875
16.7491,260.87,-1088.89,65.02,-26.90,157.69,-47.43,0.0404,0.2466,-0.1748,-0.1811,-0.0237,0.1862
16.7906,261.76,-1088.72,64.50,-32.61,151.52,-45.22,0.0421,0.2413,-0.1696,-0.1849,0.0234,0.1734
16.8325,262.78,-1088.56,64.11,-37.78,144.40,-41.30,0.0457,0.2353,-0.1623,-0.1887,0.0678,0.1554
16.8749,263.90,-1088.31,63.87,-41.71,135.59,-36.16,0.0501,0.2287,-0.1556,-0.1866,0.1099,0.1258
16.9175,264.94,-1088.06,63.70,-44.69,126.81,-32.06,0.0555,0.2213,-0.1486,-0.1785,0.1443,0.0895
16.9593,266.11,-1087.83,63.55,-47.13,117.23,-26.71,0.0608,0.2136,-0.1418,-0.1646,0.1697,0.0518
17.0010,267.13,-1087.71,63.50,-48.83,108.26,-21.97,0.0669,0.2075,-0.1368,-0.1474,0.1899,0.0137
17.0428,268.09,-1087.50,63.62,-49.38,99.77,-17.43,0.0725,0.2011,-0.1334,-0.1312,0.2049,-0.0241
17.0841,268.88,-1087.44,63.77,-48.67,92.53,-13.62,0.0774,0.1951,-0.1305,-0.1158,0.2154,-0.0596
17.1252,269.45,-1087.43,63.90,-48.30,87.29,-10.79,0.0817,0.1903,-0.1288,-0.1009,0.2224,-0.0917
17.1663,269.89,-1087.50,64.02,-47.89,83.25,-8.74,0.0853,0.1849,-0.1305,-0.0878,0.2265,-0.1163
17.2073,270.15,-1087.51,64.05,-47.65,79.89,-6.56,0.0910,0.1753,-0.1334,-0.0764,0.2260,-0.1315
17.2492,270.25,-1087.70,64.15,-48.03,76.83,-4.37,0.0994,0.1604,-0.1407,-0.0660,0.2265,-0.1417
17.2910,270.20,-1087.81,64.32,-48.53,72.97,-1.10,0.1129,0.1342,-0.1479,-0.0596,0.2260,-0.1481
17.3339,270.04,-1087.90,64.53,-48.23,68.66,2.56,0.1300,0.0999,-0.1556,-0.0536,0.2276,-0.1542
17.3764,269.77,-1087.88,64.87,-47.59,64.96,6.21,0.1542,0.0564,-0.1603,-0.0493,0.2286,-0.1609
17.4182,269.62,-1087.65,65.35,-45.33,61.24,9.60,0.1792,0.0076,-0.1609,-0.0477,0.2300,-0.1661
17.4601,269.38,-1087.55,65.75,-43.52,57.97,12.46,0.2080,-0.0412,-0.1516,-0.0440,0.2337,-0.1710
17.5007,269.09,-1087.36,66.06,-42.53,56.09,13.89,0.2359,-0.0861,-0.1329,-0.0408,0.2355,-0.1745
17.5417,268.85,-1087.29,66.30,-42.00,55.06,14.64,0.2594,-0.1254,-0.1010,-0.0382,0.2382,-0.1781
17.5833,268.64,-1087.30,66.46,-41.96,54.43,15.47,0.2736,-0.1552,-0.0567,-0.0379,0.2398,-0.1794
17.6249,268.44,-1087.41,66.73,-42.20,54.11,15.35,0.2756,-0.1724,-0.0071,-0.0380,0.2439,-0.1812
17.6664,268.34,-1087.54,67.12,-42.24,53.66,15.97,0.2671,-0.1759,0.0383,-0.0392,0.2460,-0.1822
17.7085,268.30,-1087.67,67.48,-41.35,53.10,16.80,0.2538,-0.1676,0.0767,-0.0408,0.2472,-0.1821
17.7505,268.13,-1087.91,67.88,-40.71,52.44,17.65,0.2416,-0.1476,0.1070,-0.0410,0.2489,-0.1825
17.7918,267.88,-1088.21,68.22,-40.32,52.05,17.26,0.2301,-0.1179,0.1276,-0.0414,0.2514,-0.1801
17.8338,267.58,-1088.53,68.49,-40.33,52.72,17.36,0.2192,-0.0801,0.1377,-0.0398,0.2520,-0.1785
17.8753,267.23,-1088.74,68.60,-40.25,53.81,16.29,0.2091,-0.0370,0.1382,-0.0378,0.2501,-0.1765
17.9173,266.84,-1089.11,68.64,-40.78,55.37,16.23,0.1997,0.0112,0.1286,-0.0361,0.2480,-0.1749
17.9588,266.44,-1089.40,68.60,-41.56,57.18,15.45,0.1893,0.0596,0.1130,-0.0346,0.2448,-0.1736
18.0011,266.08,-1089.61,68.58,-41.70,59.63,14.68,0.1755,0.1031,0.0864,-0.0335,0.2402,-0.1734
18.0424,265.68,-1089.73,68.59,-41.89,62.73,13.14,0.1559,0.1353,0.0538,-0.0331,0.2328,-0.1739
18.0840,265.25,-1089.79,68.57,-41.91,66.63,11.27,0.1353,0.1594,0.0163,-0.0335,0.2253,-0.1751
18.1260,264.73,-1089.85,68.48,-42.12,71.27,8.57,0.1188,0.1762,-0.0209,-0.0345,0.2180,-0.1771
18.1675,264.23,-1089.98,68.49,-42.60,76.11,6.16,0.1069,0.1900,-0.0577,-0.0372,0.2118,-0.1793
18.2095,263.62,-1090.14,68.46,-42.85,81.71,2.73,0.1005,0.2017,-0.0913,-0.0403,0.2054,-0.1818
18.2517,263.03,-1090.32,68.52,-42.54,87.35,-0.61,0.0961,0.2084,-0.1204,-0.0467,0.1995,-0.1843
18.2925,262.33,-1090.40,68.66,-41.61,93.58,-4.32,0.0940,0.2090,-0.1409,-0.0546,0.1936,-0.1871
18.3343,261.63,-1090.57,68.73,-40.34,100.24,-8.11,0.0930,0.2083,-0.1518,-0.0671,0.1868,-0.1877
18.3769,260.97,-1090.85,68.80,-39.65,107.24,-12.16,0.0910,0.2119,-0.1579,-0.0813,0.1775,-0.1879
18.4182,260.31,-1090.95,68.85,-37.96,115.40,-16.59,0.0904,0.2131,-0.1595,-0.0987,0.1604,-0.1861
18.4601,259.80,-1091.13,68.77,-36.18,123.89,-21.76,0.0888,0.2194,-0.1585,-0.1184,0.1356,-0.1828
18.5017,259.45,-1091.22,68.46,-34.82,132.09,-26.97,0.0861,0.2272,-0.1585,-0.1413,0.1007,-0.1767
18.5431,259.14,-1091.23,67.82,-33.75,139.81,-32.28,0.0848,0.2352,-0.1563,-0.1665,0.0598,-0.1653
18.5857,258.81,-1091.16,67.12,-33.02,147.28,-37.16,0.0839,0.2442,-0.1548,-0.1916,0.0120,-0.1487
18.6281,258.45,-1091.03,66.53,-32.02,153.37,-41.75,0.0824,0.2516,-0.1530,-0.2154,-0.0372,-0.1277
18.6701,258.10,-1090.87,65.97,-30.93,158.72,-44.12,0.0795,0.2589,-0.1514,-0.2340,-0.0875,-0.1006
18.7124,257.71,-1090.75,65.51,-29.32,163.01,-46.46,0.0769,0.2653,-0.1501,-0.2456,-0.1397,-0.0674
18.7540,257.41,-1090.61,65.10,-28.13,166.74,-48.25,0.0725,0.2706,-0.1498,-0.2451,-0.1875,-0.0296
18.7957,257.09,-1090.53,64.77,-26.82,169.72,-50.39,0.0668,0.2739,-0.1509,-0.2275,-0.2259,0.0141
18.8376,256.78,-1090.51,64.31,-26.24,172.59,-52.55,0.0603,0.2755,-0.1518,-0.2083,-0.2453,0.0591
18.8795,256.47,-1090.59,63.78,-26.52,175.00,-54.67,0.0528,0.2770,-0.1539,-0.1874,-0.2456,0.1040
18.9213,256.25,-1090.68,63.31,-27.12,177.21,-55.96,0.0461,0.2768,-0.1554,-0.1693,-0.2324,0.1434
18.9633,256.09,-1090.68,63.01,-27.59,178.07,-56.85,0.0387,0.2740,-0.1573,-0.1579,-0.2109,0.1752
19.0052,256.19,-1090.64,62.81,-28.50,177.89,-56.66,0.0315,0.2691,-0.1590,-0.1546,-0.1811,0.1977
19.0468,256.36,-1090.54,62.76,-29.37,176.44,-56.37,0.0283,0.2639,-0.1605,-0.1580,-0.1441,0.2090
19.0888,256.74,-1090.44,62.73,-30.83,173.96,-55.35,0.0282,0.2591,-0.1608,-0.1666,-0.1036,0.2103
19.1307,257.27,-1090.39,62.78,-32.84,170.75,-54.15,0.0315,0.2551,-0.1595,-0.1785,-0.0566,0.2043
19.1725,257.95,-1090.34,62.79,-35.58,166.40,-51.95,0.0368,0.2530,-0.1575,-0.1897,-0.0071,0.1901
19.2141,258.61,-1090.31,62.92,-38.14,161.25,-49.23,0.0459,0.2525,-0.1537,-0.1948,0.0470,0.1705
19.2562,259.42,-1090.17,63.05,-41.07,155.77,-46.12,0.0541,0.2497,-0.1501,-0.1908,0.0948,0.1411
19.2986,260.10,-1089.82,63.22,-43.10,148.46,-42.39,0.0652,0.2427,-0.1456,-0.1771,0.1349,0.1056
19.3410,260.96,-1089.42,63.36,-44.81,140.58,-38.32,0.0761,0.2347,-0.1399,-0.1577,0.1643,0.0673
19.3831,261.87,-1089.04,63.58,-46.36,132.80,-34.10,0.0860,0.2255,-0.1347,-0.1371,0.1859,0.0290
19.4248,262.88,-1088.63,63.79,-46.73,123.99,-29.44,0.0935,0.2160,-0.1295,-0.1184,0.1988,-0.0072
19.4668,263.92,-1088.32,64.05,-47.10,116.33,-24.36,0.1000,0.2076,-0.1257,-0.1039,0.2067,-0.0414
19.5085,265.05,-1088.27,64.30,-46.69,109.38,-19.74,0.1047,0.2007,-0.1242,-0.0922,0.2131,-0.0708
19.5494,266.12,-1088.30,64.52,-47.04,104.27,-16.51,0.1073,0.1944,-0.1249,-0.0830,0.2155,-0.0957
19.5899,267.17,-1088.31,64.69,-45.96,99.20,-13.81,0.1079,0.1885,-0.1285,-0.0776,0.2168,-0.1123
19.6302,268.13,-1088.44,64.79,-45.85,94.17,-11.51,0.1087,0.1804,-0.1344,-0.0727,0.2183,-0.1241
19.6713,268.98,-1088.70,64.81,-45.99,88.94,-8.01,0.1100,0.1701,-0.1417,-0.0683,0.2203,-0.1307
19.7133,269.61,-1089.00,64.71,-47.34,83.19,-4.29,0.1147,0.1536,-0.1478,-0.0625,0.2224,-0.1363
19.7548,270.04,-1089.13,64.64,-48.12,77.52,0.10,0.1242,0.1290,-0.1538,-0.0594,0.2233,-0.1402
19.7976,270.21,-1089.28,64.55,-49.18,72.26,3.74,0.1412,0.0947,-0.1574,-0.0560,0.2259,-0.1453
19.8399,270.24,-1089.26,64.50,-49.85,68.25,7.25,0.1606,0.0520,-0.1589,-0.0538,0.2282,-0.1500
19.8820,270.19,-1089.26,64.49,-50.39,64.71,9.18,0.1812,0.0038,-0.1582,-0.0527,0.2320,-0.1560
19.9244,269.89,-1089.03,64.60,-50.60,61.88,11.52,0.2031,-0.0485,-0.1543,-0.0515,0.2340,-0.1624
19.9668,269.54,-1088.85,64.72,-50.57,59.97,13.48,0.2213,-0.1024,-0.1476,-0.0506,0.2354,-0.1694
20.0083,269.16,-1088.64,64.87,-50.40,58.75,15.00,0.2361,-0.1565,-0.1353,-0.0516,0.2355,-0.1758
20.0502,268.72,-1088.44,64.99,-49.87,57.67,16.12,0.2476,-0.2073,-0.1134,-0.0535,0.2357,-0.1818
20.0915,268.30,-1088.28,65.14,-49.34,57.02,17.25,0.2543,-0.2501,-0.0801,-0.0571,0.2366,-0.1870
20.1337,267.87,-1088.17,65.26,-49.02,56.72,18.19,0.2515,-0.2776,-0.0349,-0.0611,0.2376,-0.1910
20.1754,267.50,-1088.11,65.31,-48.70,56.47,18.96,0.2444,-0.2863,0.0146,-0.0653,0.2380,-0.1930
20.2177,267.14,-1088.11,65.35,-48.68,56.07,19.90,0.2348,-0.2754,0.0653,-0.0692,0.2377,-0.1927
20.2594,266.80,-1088.08,65.35,-47.99,56.38,19.78,0.2256,-0.2517,0.1087,-0.0707,0.2366,-0.1912
20.3014,266.41,-1088.34,65.41,-48.16,56.89,19.94,0.2186,-0.2100,0.1425,-0.0699,0.2369,-0.1884
20.3429,265.98,-1088.59,65.45,-48.35,57.51,19.11,0.2124,-0.1582,0.1643,-0.0662,0.2365,-0.1850
20.3849,265.52,-1088.88,65.54,-48.10,58.74,18.14,0.2056,-0.1021,0.1711,-0.0610,0.2350,-0.1814
20.4269,264.96,-1089.27,65.58,-48.00,60.42,17.11,0.2012,-0.0431,0.1650,-0.0541,0.2329,-0.1778
20.4687,264.34,-1089.79,65.69,-48.54,62.08,16.49,0.1991,0.0175,0.1466,-0.0464,0.2304,-0.1756
20.5107,263.71,-1090.21,65.85,-48.88,64.60,15.02,0.1961,0.0766,0.1166,-0.0389,0.2264,-0.1752
20.5522,263.16,-1090.50,66.07,-48.91,67.77,14.09,0.1879,0.1247,0.0805,-0.0349,0.2210,-0.1753
20.5944,262.56,-1090.66,66.36,-48.36,72.18,11.85,0.1740,0.1664,0.0409,-0.0320,0.2153,-0.1752
20.6362,261.97,-1090.76,66.77,-47.85,76.53,10.02,0.1536,0.1890,-0.0039,-0.0311,0.2086,-0.1752
20.6780,261.27,-1090.58,67.30,-45.70,80.70,6.40,0.1332,0.2018,-0.0394,-0.0312,0.1979,-0.1761
20.7189,260.69,-1090.44,67.77,-43.19,85.29,4.62,0.1174,0.2103,-0.0748,-0.0370,0.1874,-0.1744
20.7591,259.97,-1090.48,68.17,-41.50,90.34,1.40,0.1066,0.2126,-0.1054,-0.0434,0.1799,-0.1743
20.7996,259.36,-1090.49,68.46,-40.34,95.37,-1.63,0.0987,0.2119,-0.1311,-0.0533,0.1736,-0.1742
20.8407,258.70,-1090.63,68.73,-39.26,100.87,-4.70,0.0950,0.2136,-0.1461,-0.0642,0.1699,-0.1760
20.8823,258.06,-1090.81,68.95,-38.53,107.34,-9.31,0.0914,0.2165,-0.1550,-0.0802,0.1639,-0.1777
20.9241,257.51,-1091.01,69.23,-37.16,114.93,-13.76,0.0872,0.2203,-0.1608,-0.1020,0.1515,-0.1789
20.9653,256.98,-1091.28,69.52,-35.02,124.43,-19.43,0.0833,0.2259,-0.1636,-0.1274,0.1298,-0.1773
21.0069,256.62,-1091.56,69.90,-32.01,134.28,-25.34,0.0779,0.2326,-0.1673,-0.1551,0.0981,-0.1711
21.0488,256.40,-1091.84,70.18,-28.61,142.86,-31.13,0.0714,0.2385,-0.1709,-0.1830,0.0565,-0.1563
21.0905,256.31,-1092.14,70.37,-25.76,150.46,-35.51,0.0646,0.2444,-0.1741,-0.2061,0.0110,-0.1334
21.1326,256.26,-1092.27,70.53,-23.14,156.29,-38.65,0.0587,0.2491,-0.1770,-0.2236,-0.0353,-0.1050
21.1753,256.24,-1092.20,70.62,-20.90,160.15,-40.54,0.0534,0.2526,-0.1791,-0.2343,-0.0793,-0.0693
21.2170,256.24,-1092.08,70.62,-19.02,162.55,-41.73,0.0477,0.2564,-0.1800,-0.2353,-0.1142,-0.0269
21.2591,256.29,-1091.95,70.48,-18.47,164.29,-43.00,0.0424,0.2586,-0.1803,-0.2298,-0.1398,0.0201
21.3007,256.32,-1091.68,70.29,-17.98,165.29,-43.61,0.0389,0.2589,-0.1797,-0.2151,-0.1524,0.0684
21.3428,256.45,-1091.47,69.97,-17.66,166.00,-44.61,0.0348,0.2593,-0.1781,-0.1975,-0.1496,0.1160
21.3849,256.72,-1091.32,69.62,-17.72,166.94,-46.37,0.0303,0.2591,-0.1756,-0.1848,-0.1356,0.1568
21.4261,257.12,-1091.10,69.24,-17.95,167.19,-47.71,0.0261,0.2575,-0.1730,-0.1741,-0.1119,0.1856
21.4678,257.64,-1090.78,68.87,-18.52,165.97,-48.57,0.0234,0.2544,-0.1708,-0.1688,-0.0816,0.2030
21.5098,258.27,-1090.43,68.56,-19.16,164.12,-48.62,0.0224,0.2491,-0.1696,-0.1707,-0.0440,0.2068
21.5516,259.02,-1090.05,68.16,-20.14,161.43,-49.00,0.0236,0.2430,-0.1682,-0.1760,-0.0038,0.1968
21.5935,259.81,-1089.66,67.77,-21.81,158.32,-48.44,0.0279,0.2375,-0.1677,-0.1819,0.0369,0.1741
21.6348,260.73,-1089.27,67.31,-23.97,154.31,-47.75,0.0343,0.2304,-0.1662,-0.1859,0.0761,0.1428
21.6765,261.70,-1088.91,66.93,-26.86,149.92,-46.44,0.0431,0.2237,-0.1655,-0.1862,0.1113,0.1085
21.7183,262.69,-1088.46,66.49,-29.95,143.92,-44.07,0.0537,0.2161,-0.1647,-0.1808,0.1416,0.0722
21.7603,263.66,-1088.20,66.09,-33.26,137.81,-41.84,0.0654,0.2091,-0.1636,-0.1716,0.1683,0.0352
21.8013,264.67,-1088.02,65.69,-37.07,130.78,-37.85,0.0755,0.2023,-0.1616,-0.1583,0.1899,-0.0020
21.8426,265.57,-1087.84,65.42,-40.39,122.69,-33.30,0.0839,0.1937,-0.1593,-0.1421,0.2044,-0.0416
21.8842,266.54,-1087.86,65.24,-43.50,114.04,-26.39,0.0884,0.1865,-0.1560,-0.1243,0.2101,-0.0787
21.9265,267.29,-1087.90,65.16,-44.95,105.84,-20.94,0.0912,0.1815,-0.1532,-0.1064,0.2120,-0.1106
21.9683,268.05,-1088.10,65.13,-46.30,98.34,-14.66,0.0898,0.1790,-0.1512,-0.0902,0.2097,-0.1353
22.0099,268.53,-1088.19,65.23,-46.11,92.86,-10.28,0.0861,0.1752,-0.1491,-0.0772,0.2058,-0.1500
22.0517,268.89,-1088.46,65.31,-46.50,89.05,-7.15,0.0828,0.1750,-0.1470,-0.0677,0.2054,-0.1575
22.0934,269.07,-1088.72,65.46,-46.59,86.29,-4.30,0.0813,0.1753,-0.1478,-0.0617,0.2063,-0.1606
22.1350,269.05,-1088.96,65.62,-46.74,83.94,-2.63,0.0836,0.1725,-0.1488,-0.0577,0.2072,-0.1601
22.1772,268.94,-1089.15,65.79,-46.69,81.41,-0.04,0.0906,0.1678,-0.1512,-0.0538,0.2098,-0.1592
22.2191,268.64,-1089.29,65.96,-46.81,78.46,2.01,0.1022,0.1564,-0.1541,-0.0500,0.2131,-0.1589
22.2613,268.21,-1089.48,66.16,-47.34,74.02,6.15,0.1252,0.1367,-0.1559,-0.0470,0.2168,-0.1596
22.3037,267.62,-1089.38,66.36,-46.69,70.23,9.98,0.1532,0.1104,-0.1575,-0.0430,0.2197,-0.1614
22.3455,267.01,-1089.29,66.46,-45.92,66.84,13.88,0.1831,0.0779,-0.1578,-0.0381,0.2230,-0.1643
22.3878,266.34,-1089.06,66.52,-45.62,63.92,16.70,0.2159,0.0385,-0.1524,-0.0339,0.2251,-0.1664
22.4299,265.72,-1088.74,66.48,-45.10,62.35,19.59,0.2488,-0.0047,-0.1401,-0.0306,0.2277,-0.1682
22.4718,265.15,-1088.33,66.34,-44.98,61.07,20.66,0.2787,-0.0499,-0.1188,-0.0287,0.2293,-0.1691
22.5134,264.69,-1087.94,66.07,-45.26,60.04,22.64,0.3033,-0.0964,-0.0848,-0.0278,0.2306,-0.1693
22.5551,264.31,-1087.51,65.69,-45.86,59.54,23.69,0.3166,-0.1399,-0.0403,-0.0282,0.2326,-0.1681
22.5967,264.09,-1087.17,65.40,-46.06,58.66,25.50,0.3093,-0.1734,0.0080,-0.0295,0.2347,-0.1673
22.6385,263.93,-1086.99,65.19,-46.29,57.95,26.44,0.2877,-0.1910,0.0529,-0.0294,0.2358,-0.1673
22.6803,263.88,-1086.93,65.05,-46.05,57.27,27.67,0.2663,-0.1901,0.0924,-0.0293,0.2362,-0.1678
22.7219,263.88,-1087.04,64.96,-46.10,56.42,27.98,0.2409,-0.1754,0.1291,-0.0296,0.2366,-0.1682
22.7636,263.91,-1087.30,64.90,-45.97,55.20,29.34,0.2152,-0.1494,0.1586,-0.0283,0.2360,-0.1692
22.8056,263.82,-1087.64,64.92,-46.22,54.27,28.99,0.1920,-0.1143,0.1779,-0.0261,0.2343,-0.1705
22.8473,263.69,-1088.08,64.98,-45.91,54.11,29.25,0.1690,-0.0774,0.1876,-0.0237,0.2336,-0.1725
22.8893,263.39,-1088.55,65.12,-46.12,54.73,28.50,0.1514,-0.0352,0.1870,-0.0209,0.2314,-0.1750
22.9312,263.04,-1089.09,65.27,-45.95,56.06,27.81,0.1374,0.0075,0.1772,-0.0190,0.2291,-0.1763
22.9726,262.58,-1089.61,65.49,-46.15,57.80,27.08,0.1282,0.0504,0.1568,-0.0157,0.2263,-0.1773
23.0145,262.10,-1089.97,65.77,-46.18,60.67,25.62,0.1220,0.0935,0.1275,-0.0141,0.2216,-0.1783
23.0560,261.60,-1090.32,66.03,-45.90,64.41,23.52,0.1181,0.1336,0.0913,-0.0134,0.2173,-0.1800
23.0980,261.11,-1090.57,66.26,-46.10,68.45,21.31,0.1154,0.1702,0.0546,-0.0144,0.2121,-0.1817
23.1398,260.59,-1090.77,66.46,-46.11,73.15,18.09,0.1128,0.1987,0.0167,-0.0169,0.2068,-0.1829
23.1816,260.09,-1090.82,66.63,-46.17,78.67,15.01,0.1106,0.2176,-0.0251,-0.0203,0.2007,-0.1843
23.2226,259.57,-1090.89,66.94,-45.61,84.50,10.05,0.1098,0.2259,-0.0638,-0.0247,0.1946,-0.1858
23.2639,259.13,-1090.91,67.25,-44.73,90.57,5.54,0.1090,0.2288,-0.1005,-0.0307,0.1893,-0.1872
23.3057,258.76,-1091.09,67.60,-43.67,96.57,0.64,0.1058,0.2279,-0.1253,-0.0383,0.1862,-0.1887
23.3471,258.49,-1091.22,67.97,-42.45,102.57,-4.24,0.0986,0.2261,-0.1472,-0.0480,0.1820,-0.1901
23.3890,258.32,-1091.46,68.34,-41.05,108.42,-9.05,0.0921,0.2268,-0.1579,-0.0594,0.1783,-0.1911
23.4303,258.27,-1091.78,68.69,-39.57,114.82,-13.78,0.0849,0.2299,-0.1647,-0.0737,0.1703,-0.1915
23.4725,258.27,-1092.09,69.12,-37.47,121.58,-18.91,0.0777,0.2315,-0.1701,-0.0923,0.1554,-0.1913
23.5141,258.43,-1092.29,69.52,-34.45,127.98,-22.81,0.0699,0.2328,-0.1753,-0.1149,0.1325,-0.1904
23.5555,258.61,-1092.49,69.94,-31.33,134.91,-26.90,0.0619,0.2348,-0.1802,-0.1400,0.1023,-0.1884
23.5974,258.94,-1092.55,70.20,-27.56,141.29,-30.19,0.0533,0.2370,-0.1842,-0.1668,0.0646,-0.1812
23.6388,259.34,-1092.55,70.31,-23.67,147.57,-33.36,0.0450,0.2397,-0.1887,-0.1923,0.0211,-0.1667
23.6806,259.75,-1092.48,70.34,-20.04,153.37,-36.08,0.0375,0.2419,-0.1933,-0.2185,-0.0214,-0.1452
23.7228,260.15,-1092.27,70.30,-16.30,157.95,-38.46,0.0311,0.2440,-0.1975,-0.2370,-0.0640,-0.1157
23.7649,260.50,-1092.04,70.20,-12.65,161.44,-41.05,0.0254,0.2459,-0.2013,-0.2474,-0.1052,-0.0773
23.8073,260.92,-1091.78,70.02,-10.42,163.97,-42.90,0.0194,0.2471,-0.2063,-0.2497,-0.1363,-0.0331
23.8493,261.19,-1091.49,69.85,-8.54,165.34,-44.26,0.0175,0.2471,-0.2112,-0.2404,-0.1557,0.0140
23.8908,261.35,-1091.19,69.60,-7.44,166.05,-45.23,0.0190,0.2470,-0.2139,-0.2287,-0.1586,0.0596
23.9323,261.44,-1090.89,69.32,-7.59,166.09,-46.23,0.0224,0.2457,-0.2160,-0.2173,-0.1474,0.0989
23.9747,261.56,-1090.70,68.95,-8.81,165.64,-46.94,0.0261,0.2447,-0.2162,-0.2063,-0.1247,0.1282
24.0163,261.65,-1090.43,68.61,-10.59,164.58,-47.30,0.0310,0.2423,-0.2161,-0.1981,-0.0913,0.1467
24.0581,261.84,-1090.25,68.18,-13.03,162.67,-47.11,0.0375,0.2390,-0.2130,-0.1924,-0.0484,0.1520
24.0999,262.17,-1090.07,67.75,-15.97,160.48,-46.79,0.0433,0.2349,-0.2088,-0.1873,-0.0001,0.1438
24.1418,262.58,-1089.91,67.32,-19.13,157.64,-46.20,0.0504,0.2309,-0.2021,-0.1801,0.0517,0.1228
24.1839,263.15,-1089.71,66.83,-22.96,153.87,-45.38,0.0571,0.2266,-0.1939,-0.1705,0.0977,0.0969
24.2259,263.74,-1089.37,66.38,-26.85,148.70,-44.32,0.0642,0.2205,-0.1862,-0.1575,0.1393,0.0673
24.2674,264.44,-1088.94,65.99,-30.28,142.71,-41.65,0.0729,0.2127,-0.1778,-0.1414,0.1706,0.0323
24.3087,265.42,-1088.37,65.63,-33.08,135.07,-39.04,0.0794,0.2029,-0.1713,-0.1274,0.1876,-0.0018
24.3500,266.57,-1088.08,65.35,-35.52,126.51,-34.55,0.0849,0.1941,-0.1652,-0.1139,0.1985,-0.0349
24.3916,267.78,-1088.11,65.12,-38.38,118.58,-30.36,0.0881,0.1891,-0.1612,-0.1038,0.2059,-0.0650
24.4329,268.85,-1088.14,65.05,-40.20,110.93,-26.17,0.0906,0.1832,-0.1591,-0.0962,0.2096,-0.0924
24.4750,269.93,-1088.41,64.93,-42.08,103.75,-21.80,0.0909,0.1788,-0.1586,-0.0930,0.2130,-0.1150
24.5166,270.83,-1088.78,64.83,-44.05,96.93,-16.88,0.0901,0.1737,-0.1597,-0.0910,0.2134,-0.1328
24.5582,271.76,-1089.14,64.71,-45.83,90.00,-11.76,0.0873,0.1659,-0.1622,-0.0922,0.2143,-0.1424
24.6001,272.49,-1089.45,64.72,-46.95,83.66,-6.80,0.0847,0.1535,-0.1654,-0.0935,0.2180,-0.1492
24.6421,273.05,-1089.85,64.75,-48.17,77.69,-2.69,0.0860,0.1397,-0.1684,-0.0950,0.2227,-0.1536
24.6847,273.43,-1090.08,64.83,-48.82,72.32,1.89,0.0928,0.1238,-0.1729,-0.0961,0.2269,-0.1575
24.7280,273.50,-1090.24,64.88,-49.04,67.89,5.27,0.1037,0.1016,-0.1767,-0.0955,0.2300,-0.1609
24.7698,273.30,-1090.31,65.01,-49.79,64.48,8.28,0.1204,0.0701,-0.1786,-0.0934,0.2314,-0.1655
24.8120,272.90,-1090.07,65.10,-49.52,62.78,9.68,0.1449,0.0312,-0.1787,-0.0911,0.2298,-0.1698
24.8542,272.35,-1089.72,65.16,-49.57,62.01,11.11,0.1751,-0.0092,-0.1776,-0.0885,0.2273,-0.1737
24.8964,271.72,-1089.35,65.04,-49.74,61.32,12.79,0.2084,-0.0485,-0.1687,-0.0860,0.2247,-0.1765
24.9383,271.06,-1088.96,64.92,-50.42,60.36,15.23,0.2392,-0.0879,-0.1518,-0.0847,0.2226,-0.1782
24.9802,270.42,-1088.54,64.80,-50.55,60.26,16.52,0.2620,-0.1267,-0.1258,-0.0840,0.2202,-0.1795
25.0218,269.76,-1088.12,64.72,-50.66,61.68,16.47,0.2806,-0.1599,-0.0885,-0.0833,0.2171,-0.1809
25.0641,269.15,-1087.80,64.64,-50.74,63.35,15.35,0.2943,-0.1833,-0.0388,-0.0831,0.2151,-0.1818
25.1060,268.62,-1087.60,64.64,-50.74,65.04,14.85,0.2999,-0.1937,0.0108,-0.0828,0.2143,-0.1837
25.1483,268.18,-1087.52,64.62,-50.53,65.88,14.01,0.2960,-0.1889,0.0589,-0.0832,0.2144,-0.1844
25.1897,267.79,-1087.62,64.66,-50.61,66.58,13.49,0.2863,-0.1684,0.1005,-0.0817,0.2157,-0.1845
25.2311,267.54,-1087.87,64.75,-50.42,66.47,13.42,0.2735,-0.1345,0.1329,-0.0793,0.2166,-0.1832
25.2730,267.32,-1088.30,64.92,-50.38,66.17,14.04,0.2536,-0.0896,0.1520,-0.0753,0.2180,-0.1811
25.3152,267.10,-1088.76,65.11,-50.30,65.63,13.90,0.2315,-0.0399,0.1576,-0.0703,0.2184,-0.1782
25.3571,266.90,-1089.24,65.36,-50.01,65.72,14.57,0.2086,0.0078,0.1505,-0.0650,0.2173,-0.1757
25.3991,266.59,-1089.64,65.57,-49.42,66.09,14.06,0.1867,0.0484,0.1357,-0.0597,0.2150,-0.1738
25.4405,266.26,-1089.96,65.79,-48.98,67.42,14.17,0.1675,0.0862,0.1146,-0.0560,0.2121,-0.1726
25.4821,265.83,-1090.09,65.93,-48.29,69.73,12.85,0.1501,0.1194,0.0862,-0.0533,0.2086,-0.1712
25.5241,265.33,-1090.12,66.06,-47.68,72.86,11.47,0.1355,0.1484,0.0526,-0.0515,0.2049,-0.1704
25.5657,264.69,-1090.06,66.13,-47.09,76.76,8.89,0.1246,0.1720,0.0159,-0.0499,0.2008,-0.1701
25.6067,264.10,-1089.99,66.20,-46.45,80.32,5.77,0.1163,0.1936,-0.0218,-0.0500,0.1975,-0.1706
25.6475,263.47,-1090.01,66.26,-46.14,83.20,2.67,0.1101,0.2083,-0.0618,-0.0501,0.1949,-0.1730
25.6881,262.88,-1089.96,66.31,-45.59,85.73,0.75,0.1051,0.2127,-0.0954,-0.0533,0.1920,-0.1756
25.7289,262.12,-1089.93,66.44,-44.84,88.66,-1.58,0.1008,0.2130,-0.1193,-0.0571,0.1882,-0.1770
25.7699,261.38,-1089.93,66.56,-44.30,92.03,-3.81,0.0960,0.2092,-0.1313,-0.0621,0.1828,-0.1775
25.8115,260.58,-1090.09,66.74,-43.84,97.34,-6.73,0.0919,0.2091,-0.1388,-0.0684,0.1758,-0.1783
25.8530,259.80,-1090.34,67.01,-43.41,104.25,-11.20,0.0885,0.2098,-0.1422,-0.0809,0.1644,-0.1796
25.8942,259.17,-1090.59,67.36,-42.29,112.77,-15.78,0.0843,0.2117,-0.1438,-0.1004,0.1445,-0.1799
25.9362,258.61,-1091.03,67.78,-40.75,122.62,-21.29,0.0786,0.2165,-0.1452,-0.1248,0.1165,-0.1802
25.9783,258.30,-1091.31,68.31,-37.87,131.98,-26.31,0.0690,0.2197,-0.1497,-0.1540,0.0804,-0.1795
26.0198,258.12,-1091.46,68.83,-34.07,139.48,-29.96,0.0598,0.2220,-0.1542,-0.1845,0.0376,-0.1760
26.0619,258.06,-1091.68,69.22,-30.52,145.88,-33.12,0.0512,0.2258,-0.1589,-0.2127,-0.0095,-0.1668
26.1034,258.06,-1091.79,69.49,-27.44,151.55,-35.38,0.0422,0.2297,-0.1650,-0.2365,-0.0574,-0.1499
26.1456,258.08,-1091.85,69.65,-24.67,156.10,-37.78,0.0333,0.2337,-0.1723,-0.2540,-0.1043,-0.1223
26.1881,258.17,-1091.82,69.66,-22.58,159.92,-39.53,0.0259,0.2374,-0.1779,-0.2605,-0.1497,-0.0801
26.2303,258.20,-1091.71,69.60,-20.60,162.88,-41.18,0.0198,0.2411,-0.1822,-0.2554,-0.1844,-0.0335
26.2718,258.28,-1091.59,69.47,-18.93,165.36,-42.42,0.0147,0.2430,-0.1853,-0.2421,-0.2057,0.0146
26.3141,258.41,-1091.57,69.30,-17.75,167.89,-43.44,0.0106,0.2449,-0.1873,-0.2264,-0.2112,0.0597
26.3549,258.54,-1091.71,69.11,-16.76,170.40,-44.40,0.0075,0.2477,-0.1882,-0.2144,-0.1970,0.0985
26.3969,258.70,-1091.81,68.98,-16.07,172.19,-44.39,0.0054,0.2491,-0.1885,-0.2090,-0.1715,0.1315
26.4394,258.92,-1091.90,68.89,-15.37,172.55,-44.92,0.0042,0.2487,-0.1889,-0.2067,-0.1364,0.1575
26.4809,259.23,-1091.92,68.70,-15.91,172.26,-45.11,0.0058,0.2471,-0.1888,-0.2055,-0.0909,0.1723
26.5228,259.53,-1091.85,68.44,-16.66,170.36,-45.34,0.0106,0.2439,-0.1890,-0.2002,-0.0405,0.1734
26.5641,259.91,-1091.69,68.14,-18.70,167.63,-45.49,0.0182,0.2394,-0.1884,-0.1920,0.0099,0.1609
26.6061,260.34,-1091.45,67.78,-21.36,163.98,-45.27,0.0288,0.2343,-0.1868,-0.1829,0.0584,0.1381
26.6479,260.84,-1091.13,67.38,-24.93,158.92,-44.51,0.0434,0.2291,-0.1830,-0.1720,0.1016,0.1036
26.6902,261.37,-1090.67,67.11,-28.35,152.49,-41.94,0.0594,0.2218,-0.1801,-0.1603,0.1380,0.0631
26.7315,262.02,-1090.09,66.79,-31.80,144.64,-39.60,0.0765,0.2125,-0.1762,-0.1477,0.1664,0.0218
26.7728,262.81,-1089.47,66.50,-35.23,134.76,-35.19,0.0935,0.2025,-0.1714,-0.1330,0.1892,-0.0197
26.8146,263.78,-1089.03,66.17,-38.42,123.78,-30.26,0.1070,0.1930,-0.1648,-0.1172,0.2073,-0.0577
26.8555,264.79,-1088.82,65.97,-41.53,113.24,-24.03,0.1153,0.1859,-0.1579,-0.1009,0.2200,-0.0920
26.8973,265.79,-1088.62,65.76,-43.07,102.55,-18.18,0.1183,0.1818,-0.1497,-0.0865,0.2249,-0.1164
26.9389,266.78,-1088.74,65.51,-44.76,93.64,-12.36,0.1154,0.1810,-0.1413,-0.0737,0.2282,-0.1328
26.9805,267.62,-1088.93,65.27,-46.25,86.18,-7.69,0.1092,0.1807,-0.1339,-0.0635,0.2263,-0.1388
27.0221,268.31,-1089.07,65.07,-47.55,80.95,-3.98,0.1016,0.1791,-0.1312,-0.0552,0.2240,-0.1408
27.0647,268.85,-1089.11,64.83,-48.14,76.51,-0.85,0.0969,0.1730,-0.1325,-0.0534,0.2208,-0.1388
27.1067,269.09,-1089.26,64.67,-49.25,73.16,2.02,0.0971,0.1635,-0.1390,-0.0524,0.2207,-0.1377
27.1498,269.12,-1089.42,64.56,-50.36,70.34,4.06,0.1031,0.1476,-0.1499,-0.0526,0.2237,-0.1379
27.1923,268.96,-1089.33,64.59,-50.79,67.76,6.64,0.1130,0.1217,-0.1657,-0.0532,0.2242,-0.1406
27.2337,268.61,-1089.12,64.60,-50.10,65.52,8.63,0.1288,0.0849,-0.1805,-0.0548,0.2234,-0.1430
27.2760,268.00,-1089.01,64.60,-50.52,63.35,11.30,0.1522,0.0448,-0.1943,-0.0562,0.2238,-0.1461
27.3179,267.22,-1088.69,64.52,-50.63,60.73,13.61,0.1838,-0.0028,-0.2025,-0.0579,0.2215,-0.1489
27.3602,266.26,-1088.29,64.46,-50.45,59.39,16.68,0.2222,-0.0545,-0.1991,-0.0599,0.2187,-0.1524
27.4019,265.26,-1087.82,64.37,-50.28,59.73,17.75,0.2528,-0.1033,-0.1837,-0.0616,0.2170,-0.1561
27.4438,264.38,-1087.45,64.25,-50.17,60.45,18.96,0.2699,-0.1467,-0.1517,-0.0635,0.2162,-0.1594
27.4858,263.64,-1087.20,64.17,-50.65,61.39,19.11,0.2812,-0.1754,-0.1120,-0.0649,0.2147,-0.1625
27.5277,263.06,-1087.01,64.15,-50.93,62.32,19.15,0.2842,-0.1921,-0.0651,-0.0660,0.2128,-0.1645
27.5697,262.60,-1086.84,64.18,-50.29,63.59,17.27,0.2809,-0.1982,-0.0185,-0.0656,0.2103,-0.1665
27.6120,262.24,-1086.89,64.34,-50.26,64.39,16.57,0.2762,-0.1923,0.0254,-0.0638,0.2102,-0.1681
27.6531,261.96,-1087.11,64.47,-50.27,64.49,15.94,0.2675,-0.1749,0.0650,-0.0612,0.2133,-0.1690
27.6949,261.80,-1087.39,64.69,-50.25,64.22,16.25,0.2594,-0.1462,0.0940,-0.0588,0.2161,-0.1694
27.7370,261.68,-1087.67,64.86,-49.90,64.18,15.63,0.2517,-0.1088,0.1165,-0.0557,0.2167,-0.1678
27.7789,261.62,-1088.01,65.02,-49.53,64.56,15.46,0.2430,-0.0647,0.1299,-0.0526,0.2164,-0.1643
27.8206,261.61,-1088.40,65.13,-49.86,65.89,14.63,0.2330,-0.0137,0.1328,-0.0492,0.2152,-0.1607
27.8627,261.64,-1088.84,65.22,-50.13,67.09,13.38,0.2215,0.0389,0.1287,-0.0473,0.2135,-0.1570
27.9041,261.70,-1089.19,65.32,-50.43,68.94,12.12,0.2064,0.0894,0.1170,-0.0459,0.2120,-0.1539
27.9458,261.75,-1089.40,65.38,-50.36,70.82,10.90,0.1854,0.1269,0.0979,-0.0460,0.2084,-0.1507
27.9880,261.73,-1089.56,65.36,-50.43,73.00,9.89,0.1627,0.1569,0.0727,-0.0463,0.2046,-0.1476
28.0297,261.62,-1089.59,65.36,-50.53,75.53,8.47,0.1416,0.1767,0.0419,-0.0474,0.2015,-0.1449
28.0712,261.41,-1089.51,65.33,-50.20,79.02,6.60,0.1269,0.1907,0.0128,-0.0487,0.1977,-0.1428
28.1131,261.11,-1089.55,65.30,-50.18,83.60,3.87,0.1166,0.2048,-0.0168,-0.0494,0.1939,-0.1422
28.1549,260.74,-1089.52,65.25,-49.67,89.23,0.32,0.1090,0.2137,-0.0440,-0.0523,0.1889,-0.1426
28.1969,260.35,-1089.64,65.27,-49.59,94.86,-4.01,0.1022,0.2210,-0.0719,-0.0586,0.1850,-0.1433
28.2388,259.96,-1089.74,65.33,-48.90,100.31,-8.57,0.0962,0.2226,-0.0937,-0.0668,0.1799,-0.1432
28.2807,259.64,-1089.92,65.44,-48.04,105.22,-11.44,0.0895,0.2234,-0.1082,-0.0766,0.1752,-0.1423
28.3211,259.30,-1090.16,65.62,-47.22,110.61,-14.86,0.0823,0.2237,-0.1194,-0.0861,0.1676,-0.1420
28.3625,259.05,-1090.50,65.85,-45.93,116.49,-18.48,0.0746,0.2249,-0.1277,-0.0986,0.1552,-0.1417
28.4036,258.87,-1091.01,66.22,-44.47,123.66,-22.92,0.0669,0.2287,-0.1359,-0.1134,0.1367,-0.1428
28.4452,258.82,-1091.42,66.74,-42.08,131.43,-27.08,0.0591,0.2324,-0.1434,-0.1311,0.1075,-0.1453
28.4876,258.93,-1091.76,67.36,-37.96,138.68,-30.22,0.0503,0.2362,-0.1511,-0.1513,0.0682,-0.1485
28.5292,259.21,-1092.05,67.96,-33.38,145.29,-33.33,0.0393,0.2396,-0.1604,-0.1737,0.0233,-0.1504
28.5704,259.65,-1092.26,68.40,-29.21,150.72,-35.82,0.0291,0.2423,-0.1691,-0.1975,-0.0250,-0.1462
28.6117,260.04,-1092.36,68.72,-25.52,154.99,-38.22,0.0221,0.2452,-0.1763,-0.2185,-0.0726,-0.1337
28.6530,260.41,-1092.22,68.87,-22.71,157.78,-40.01,0.0174,0.2466,-0.1822,-0.2339,-0.1191,-0.1081
28.6947,260.62,-1091.95,68.85,-20.95,158.94,-41.39,0.0157,0.2465,-0.1861,-0.2427,-0.1601,-0.0709
28.7369,260.79,-1091.69,68.67,-20.28,159.10,-42.68,0.0161,0.2465,-0.1878,-0.2419,-0.1902,-0.0215
28.7779,260.91,-1091.52,68.43,-20.75,159.20,-43.51,0.0189,0.2473,-0.1873,-0.2325,-0.2061,0.0307
28.8196,261.09,-1091.34,68.21,-21.63,158.50,-43.58,0.0218,0.2481,-0.1860,-0.2227,-0.2064,0.0783
28.8609,261.36,-1091.31,68.04,-22.66,157.86,-43.74,0.0246,0.2494,-0.1835,-0.2139,-0.1954,0.1177
28.9029,261.74,-1091.40,67.85,-23.80,156.89,-43.65,0.0260,0.2511,-0.1802,-0.2065,-0.1697,0.1465
28.9452,262.21,-1091.58,67.65,-25.50,155.65,-43.15,0.0271,0.2519,-0.1760,-0.2019,-0.1309,0.1677
28.9861,262.75,-1091.78,67.55,-26.73,154.10,-42.34,0.0278,0.2508,-0.1721,-0.1972,-0.0842,0.1769
29.0279,263.33,-1091.92,67.38,-28.03,151.79,-41.92,0.0287,0.2474,-0.1680,-0.1923,-0.0342,0.1767
29.0709,263.98,-1092.11,67.21,-29.14,149.52,-41.04,0.0305,0.2433,-0.1643,-0.1880,0.0169,0.1633
29.1122,264.70,-1092.24,67.00,-30.80,146.75,-40.65,0.0328,0.2386,-0.1610,-0.1840,0.0667,0.1386
29.1540,265.41,-1092.24,66.80,-32.35,142.88,-39.74,0.0361,0.2325,-0.1587,-0.1771,0.1140,0.1027
29.1954,266.18,-1092.14,66.48,-34.40,138.37,-37.97,0.0403,0.2254,-0.1562,-0.1653,0.1539,0.0597
29.2366,266.84,-1091.75,66.17,-36.01,132.55,-36.64,0.0469,0.2152,-0.1538,-0.1482,0.1836,0.0138
29.2780,267.57,-1091.41,65.74,-38.11,126.18,-34.20,0.0534,0.2056,-0.1508,-0.1288,0.2023,-0.0281
29.3199,268.26,-1091.06,65.23,-40.59,119.45,-31.07,0.0602,0.1955,-0.1473,-0.1113,0.2134,-0.0632
29.3613,269.03,-1090.85,64.74,-43.14,113.31,-26.93,0.0658,0.1867,-0.1440,-0.0995,0.2177,-0.0903
29.4034,269.74,-1090.61,64.30,-45.51,107.64,-22.94,0.0695,0.1795,-0.1425,-0.0919,0.2180,-0.1081
29.4448,270.27,-1090.45,63.97,-46.97,102.78,-19.73,0.0734,0.1728,-0.1413,-0.0882,0.2184,-0.1162
29.4865,270.73,-1090.55,63.65,-49.34,98.41,-16.13,0.0749,0.1698,-0.1435,-0.0847,0.2190,-0.1189
29.5290,270.87,-1090.69,63.48,-51.87,94.51,-12.55,0.0774,0.1617,-0.1502,-0.0812,0.2186,-0.1198
29.5723,270.88,-1090.75,63.40,-53.59,89.49,-7.97,0.0824,0.1465,-0.1608,-0.0777,0.2191,-0.1217
29.6142,270.80,-1090.73,63.42,-54.28,84.82,-3.50,0.0908,0.1260,-0.1718,-0.0753,0.2205,-0.1244
29.6563,270.27,-1090.53,63.62,-54.20,80.73,0.47,0.1056,0.0999,-0.1843,-0.0703,0.2221,-0.1282
29.6984,269.71,-1090.32,63.69,-54.32,77.59,3.72,0.1233,0.0680,-0.1933,-0.0650,0.2233,-0.1318
29.7404,269.04,-1090.10,63.69,-54.47,75.05,6.09,0.1474,0.0302,-0.1991,-0.0607,0.2234,-0.1349
29.7825,268.37,-1089.78,63.67,-55.08,72.96,8.42,0.1755,-0.0110,-0.2008,-0.0570,0.2233,-0.1388
29.8245,267.68,-1089.33,63.53,-55.02,71.58,9.78,0.2074,-0.0574,-0.1927,-0.0542,0.2223,-0.1427
29.8663,267.07,-1088.86,63.31,-55.18,70.29,12.34,0.2390,-0.1020,-0.1751,-0.0524,0.2221,-0.1465
29.9080,266.46,-1088.46,63.01,-55.37,69.85,14.79,0.2648,-0.1438,-0.1474,-0.0505,0.2234,-0.1504
29.9504,265.97,-1088.25,62.87,-56.04,68.96,16.70,0.2762,-0.1772,-0.1057,-0.0493,0.2260,-0.1548
29.9922,265.63,-1088.08,62.88,-56.36,68.30,17.28,0.2767,-0.1993,-0.0625,-0.0488,0.2284,-0.1580
30.0342,265.42,-1088.00,63.04,-55.89,68.08,17.27,0.2723,-0.2078,-0.0166,-0.0470,0.2299,-0.1605
30.0763,265.23,-1088.04,63.25,-55.55,67.71,16.90,0.2665,-0.2036,0.0260,-0.0449,0.2317,-0.1609
30.1177,265.15,-1088.14,63.50,-54.96,67.28,16.62,0.2600,-0.1893,0.0629,-0.0436,0.2332,-0.1599
30.1593,265.07,-1088.38,63.75,-54.57,67.50,15.59,0.2565,-0.1632,0.0944,-0.0417,0.2349,-0.1581
30.2013,264.98,-1088.67,64.01,-54.61,67.99,13.93,0.2566,-0.1310,0.1198,-0.0401,0.2354,-0.1557
30.2434,264.81,-1088.98,64.26,-54.05,69.35,11.45,0.2506,-0.0886,0.1337,-0.0378,0.2352,-0.1532
30.2850,264.56,-1089.41,64.57,-53.84,70.92,9.54,0.2444,-0.0426,0.1359,-0.0349,0.2352,-0.1516
30.3268,264.23,-1089.81,64.86,-53.70,72.43,8.23,0.2368,0.0037,0.1303,-0.0326,0.2337,-0.1511
30.3683,263.89,-1090.16,65.04,-53.14,74.28,7.26,0.2255,0.0488,0.1137,-0.0322,0.2303,-0.1519
30.4104,263.47,-1090.45,65.23,-52.79,76.79,5.90,0.2108,0.0894,0.0896,-0.0329,0.2260,-0.1530
30.4523,263.05,-1090.78,65.40,-52.64,79.69,4.48,0.1915,0.1242,0.0587,-0.0340,0.2218,-0.1545
30.4942,262.62,-1090.95,65.58,-52.17,83.19,2.29,0.1720,0.1508,0.0266,-0.0349,0.2156,-0.1575
30.5360,262.19,-1091.07,65.75,-51.21,86.36,0.50,0.1535,0.1682,-0.0017,-0.0367,0.2092,-0.1618
30.5773,261.70,-1091.28,65.98,-50.47,89.45,-1.32,0.1359,0.1829,-0.0311,-0.0378,0.2039,-0.1676
30.6192,261.18,-1091.41,66.16,-49.86,92.47,-2.44,0.1211,0.1922,-0.0583,-0.0380,0.1971,-0.1733
30.6612,260.59,-1091.59,66.39,-48.60,96.16,-4.37,0.1097,0.2016,-0.0834,-0.0380,0.1909,-0.1791
30.7028,259.96,-1091.73,66.61,-47.53,100.77,-6.72,0.1023,0.2095,-0.1063,-0.0405,0.1844,-0.1841
30.7436,259.29,-1091.90,66.85,-45.79,106.66,-9.80,0.0971,0.2171,-0.1265,-0.0458,0.1783,-0.1884
30.7840,258.67,-1092.14,67.12,-44.31,113.79,-13.54,0.0941,0.2236,-0.1451,-0.0556,0.1708,-0.1918
30.8246,258.13,-1092.24,67.35,-41.88,121.13,-17.93,0.0926,0.2271,-0.1581,-0.0721,0.1591,-0.1930
30.8653,257.73,-1092.52,67.58,-39.53,128.72,-22.17,0.0895,0.2328,-0.1694,-0.0932,0.1420,-0.1929
30.9066,257.42,-1092.65,67.83,-36.71,135.88,-25.94,0.0845,0.2361,-0.1796,-0.1178,0.1146,-0.1905
30.9483,257.26,-1092.78,68.13,-33.41,142.78,-29.72,0.0782,0.2376,-0.1891,-0.1452,0.0794,-0.1854
30.9900,257.30,-1092.80,68.38,-30.12,148.76,-32.64,0.0718,0.2389,-0.1975,-0.1741,0.0346,-0.1744
31.0318,257.42,-1092.70,68.62,-26.40,153.60,-35.42,0.0662,0.2408,-0.2044,-0.1993,-0.0149,-0.1573
31.0741,257.64,-1092.49,68.87,-22.90,157.51,-37.46,0.0596,0.2414,-0.2106,-0.2194,-0.0647,-0.1345
31.1163,257.95,-1092.23,69.07,-19.60,159.79,-38.95,0.0526,0.2413,-0.2158,-0.2352,-0.1108,-0.1041
31.1586,258.37,-1092.01,69.31,-17.07,160.98,-40.64,0.0466,0.2417,-0.2194,-0.2418,-0.1468,-0.0645
31.1996,258.83,-1091.72,69.48,-14.86,161.05,-41.65,0.0411,0.2413,-0.2213,-0.2403,-0.1703,-0.0172
31.2411,259.33,-1091.50,69.65,-13.29,160.47,-42.07,0.0360,0.2407,-0.2209,-0.2308,-0.1725,0.0302
31.2829,259.90,-1091.34,69.67,-12.87,159.40,-42.20,0.0311,0.2408,-0.2182,-0.2201,-0.1619,0.0721
31.3249,260.49,-1091.19,69.60,-13.40,157.92,-41.19,0.0271,0.2404,-0.2140,-0.2125,-0.1394,0.1051
31.3663,261.19,-1091.07,69.37,-14.88,155.50,-40.01,0.0233,0.2402,-0.2085,-0.2107,-0.1081,0.1312
31.4078,261.92,-1090.92,69.07,-17.08,152.43,-38.66,0.0214,0.2381,-0.2026,-0.2088,-0.0672,0.1462
31.4485,262.61,-1090.75,68.80,-18.95,148.89,-38.21,0.0220,0.2333,-0.1968,-0.2034,-0.0209,0.1479
31.4904,263.37,-1090.64,68.34,-21.30,145.31,-37.86,0.0236,0.2276,-0.1908,-0.1942,0.0286,0.1385
31.5320,264.15,-1090.55,67.91,-24.36,141.70,-36.79,0.0275,0.2216,-0.1863,-0.1819,0.0739,0.1173
31.5741,264.93,-1090.42,67.45,-26.84,137.44,-35.95,0.0340,0.2148,-0.1821,-0.1684,0.1141,0.0872
31.6159,265.77,-1090.12,67.00,-29.70,132.70,-33.86,0.0420,0.2067,-0.1786,-0.1549,0.1474,0.0498
31.6573,266.66,-1089.81,66.48,-32.40,126.52,-32.17,0.0526,0.1981,-0.1727,-0.1428,0.1729,0.0112
31.6991,267.56,-1089.55,65.93,-35.34,120.24,-29.19,0.0626,0.1911,-0.1672,-0.1295,0.1954,-0.0288
31.7412,268.42,-1089.33,65.39,-37.91,113.98,-26.13,0.0735,0.1841,-0.1603,-0.1153,0.2079,-0.0667
31.7828,269.24,-1089.14,64.91,-40.14,107.93,-22.75,0.0820,0.1783,-0.1539,-0.1013,0.2146,-0.0982
31.8246,270.02,-1089.14,64.49,-42.48,102.01,-19.29,0.0872,0.1759,-0.1491,-0.0870,0.2182,-0.1218
31.8667,270.68,-1089.24,64.14,-45.00,96.76,-15.47,0.0897,0.1738,-0.1476,-0.0744,0.2169,-0.1383
31.9082,271.22,-1089.36,63.92,-46.46,91.41,-10.96,0.0898,0.1695,-0.1498,-0.0661,0.2146,-0.1468
31.9498,271.54,-1089.56,63.84,-48.01,86.98,-6.66,0.0907,0.1618,-0.1555,-0.0585,0.2138,-0.1511
31.9925,271.65,-1089.63,63.91,-48.72,82.84,-3.00,0.0949,0.1476,-0.1641,-0.0529,0.2117,-0.1519
32.0345,271.51,-1089.85,63.96,-49.55,79.26,0.69,0.1046,0.1258,-0.1725,-0.0470,0.2121,-0.1525
32.0772,271.12,-1089.94,64.13,-50.30,75.87,4.21,0.1208,0.0982,-0.1799,-0.0423,0.2116,-0.1550
32.1193,270.53,-1089.99,64.31,-50.34,73.18,7.60,0.1424,0.0641,-0.1865,-0.0399,0.2121,-0.1585
32.1613,269.81,-1089.90,64.51,-50.25,71.39,10.14,0.1685,0.0250,-0.1891,-0.0378,0.2123,-0.1633
32.2034,269.04,-1089.86,64.67,-49.88,70.33,12.32,0.1954,-0.0174,-0.1863,-0.0379,0.2126,-0.1675
32.2458,268.22,-1089.78,64.84,-50.14,69.69,13.59,0.2197,-0.0615,-0.1756,-0.0377,0.2133,-0.1720
32.2877,267.44,-1089.58,64.93,-49.89,70.10,14.26,0.2419,-0.1052,-0.1574,-0.0386,0.2131,-0.1751
32.3293,266.64,-1089.40,64.99,-49.70,71.30,13.02,0.2585,-0.1478,-0.1334,-0.0395,0.2130,-0.1780
32.3712,265.96,-1089.32,65.14,-49.91,72.40,12.07,0.2675,-0.1829,-0.1013,-0.0411,0.2138,-0.1821
32.4133,265.34,-1089.24,65.26,-49.56,73.42,10.63,0.2717,-0.2048,-0.0651,-0.0426,0.2142,-0.1872
32.4552,264.92,-1089.24,65.43,-48.75,72.55,11.23,0.2725,-0.2147,-0.0229,-0.0450,0.2147,-0.1938
32.4975,264.50,-1089.34,65.54,-48.24,70.75,12.61,0.2692,-0.2133,0.0203,-0.0461,0.2150,-0.2002
32.5390,264.11,-1089.54,65.64,-47.82,69.23,13.46,0.2634,-0.2010,0.0614,-0.0455,0.2154,-0.2052
32.5806,263.71,-1089.68,65.79,-47.52,68.22,14.01,0.2541,-0.1790,0.0990,-0.0435,0.2158,-0.2088
32.6226,263.29,-1089.84,65.94,-46.62,68.20,13.84,0.2431,-0.1482,0.1274,-0.0401,0.2159,-0.2101
32.6648,262.83,-1090.02,66.04,-45.83,68.68,13.19,0.2339,-0.1109,0.1457,-0.0355,0.2150,-0.2097
32.7057,262.35,-1090.41,66.08,-45.63,69.22,12.91,0.2260,-0.0687,0.1538,-0.0312,0.2143,-0.2081
32.7472,261.82,-1090.78,66.11,-46.00,69.87,12.64,0.2190,-0.0251,0.1494,-0.0271,0.2130,-0.2059
32.7887,261.27,-1091.11,66.14,-46.22,71.02,12.57,0.2108,0.0185,0.1337,-0.0229,0.2111,-0.2037
32.8298,260.66,-1091.50,66.18,-46.30,72.94,11.70,0.2016,0.0631,0.1078,-0.0197,0.2093,-0.2007
32.8709,260.06,-1091.69,66.32,-46.65,76.33,10.57,0.1907,0.1026,0.0755,-0.0164,0.2058,-0.1979
32.9125,259.41,-1091.77,66.48,-45.87,81.33,7.67,0.1773,0.1342,0.0408,-0.0137,0.2006,-0.1938
32.9534,258.80,-1091.89,66.56,-45.34,87.09,3.96,0.1633,0.1599,0.0095,-0.0126,0.1956,-0.1889
32.9943,258.27,-1092.06,66.66,-45.15,93.54,-0.80,0.1503,0.1815,-0.0198,-0.0135,0.1914,-0.1828
33.0361,257.80,-1092.22,66.85,-44.67,100.25,-5.84,0.1383,0.1979,-0.0464,-0.0154,0.1865,-0.1773
33.0779,257.41,-1092.41,67.13,-43.53,107.15,-11.08,0.1283,0.2122,-0.0738,-0.0196,0.1821,-0.1731
33.1198,257.13,-1092.67,67.55,-41.94,113.31,-15.98,0.1194,0.2215,-0.0994,-0.0260,0.1774,-0.1735
33.1615,256.93,-1092.82,68.02,-39.49,118.62,-19.76,0.1098,0.2256,-0.1259,-0.0364,0.1715,-0.1775
33.2029,256.77,-1092.99,68.59,-36.67,123.18,-22.88,0.1005,0.2270,-0.1477,-0.0499,0.1661,-0.1838
33.2442,256.61,-1093.11,69.14,-33.62,126.87,-25.31,0.0911,0.2265,-0.1673,-0.0653,0.1594,-0.1884
33.2863,256.49,-1093.17,69.73,-30.29,130.03,-26.67,0.0819,0.2256,-0.1788,-0.0823,0.1557,-0.1898
33.3280,256.40,-1093.22,70.21,-27.27,132.75,-27.26,0.0706,0.2262,-0.1877,-0.0986,0.1515,-0.1873
33.3695,256.29,-1093.29,70.61,-24.44,135.79,-28.00,0.0620,0.2279,-0.1930,-0.1148,0.1416,-0.1833
33.4109,256.25,-1093.39,71.02,-21.61,139.72,-29.65,0.0555,0.2303,-0.1966,-0.1329,0.1231,-0.1794
33.4527,256.31,-1093.47,71.43,-18.54,144.22,-31.07,0.0491,0.2325,-0.2001,-0.1528,0.0932,-0.1772
33.4943,256.51,-1093.52,71.86,-14.92,149.02,-32.67,0.0421,0.2346,-0.2048,-0.1766,0.0543,-0.1761
33.5361,256.88,-1093.49,72.12,-11.56,153.73,-34.92,0.0359,0.2359,-0.2091,-0.2015,0.0077,-0.1717
33.5782,257.38,-1093.22,72.21,-8.02,157.57,-37.01,0.0311,0.2369,-0.2130,-0.2219,-0.0441,-0.1641
33.6205,258.01,-1092.84,72.13,-5.31,160.26,-39.25,0.0280,0.2381,-0.2168,-0.2419,-0.0960,-0.1512
33.6619,258.58,-1092.23,72.02,-2.79,161.14,-41.92,0.0281,0.2389,-0.2193,-0.2540,-0.1468,-0.1255
33.7035,259.06,-1091.58,71.80,-1.59,160.42,-43.90,0.0289,0.2403,-0.2209,-0.2577,-0.1827,-0.0853
33.7455,259.43,-1091.04,71.42,-1.73,158.92,-45.26,0.0304,0.2412,-0.2210,-0.2507,-0.1980,-0.0321
33.7875,259.73,-1090.62,70.96,-3.17,157.19,-45.98,0.0319,0.2406,-0.2201,-0.2388,-0.1900,0.0194
33.8289,260.01,-1090.28,70.56,-5.55,154.64,-45.03,0.0322,0.2382,-0.2202,-0.2287,-0.1665,0.0603
33.8705,260.47,-1089.92,70.14,-8.26,151.34,-43.10,0.0304,0.2334,-0.2199,-0.2200,-0.1347,0.0906
33.9121,261.05,-1089.69,69.69,-11.59,147.58,-40.73,0.0281,0.2277,-0.2199,-0.2146,-0.0944,0.1081
33.9538,261.75,-1089.63,69.21,-15.60,143.22,-37.92,0.0283,0.2221,-0.2180,-0.2124,-0.0473,0.1154
33.9956,262.45,-1089.71,68.76,-19.46,139.13,-36.29,0.0309,0.2171,-0.2144,-0.2112,0.0030,0.1145
34.0376,263.25,-1089.83,68.25,-23.85,134.69,-33.53,0.0353,0.2134,-0.2070,-0.2070,0.0526,0.1062
34.0791,264.03,-1090.03,67.75,-27.90,130.31,-31.90,0.0413,0.2104,-0.1970,-0.1973,0.1011,0.0866
34.1207,264.80,-1090.20,67.31,-31.80,126.07,-28.80,0.0485,0.2077,-0.1861,-0.1813,0.1419,0.0611
34.1625,265.58,-1090.30,66.84,-35.15,121.42,-27.31,0.0562,0.2043,-0.1747,-0.1600,0.1694,0.0306
34.2052,266.32,-1090.43,66.40,-38.50,117.18,-25.42,0.0637,0.2009,-0.1646,-0.1359,0.1920,-0.0022
34.2468,267.05,-1090.48,65.86,-41.56,112.57,-24.02,0.0710,0.1966,-0.1535,-0.1156,0.2085,-0.0334
34.2888,267.67,-1090.36,65.50,-43.45,107.89,-21.15,0.0778,0.1904,-0.1448,-0.0973,0.2196,-0.0643
34.3306,268.35,-1090.21,65.14,-44.49,102.54,-17.74,0.0830,0.1848,-0.1370,-0.0814,0.2257,-0.0929
34.3724,268.96,-1090.12,64.84,-45.42,98.25,-14.18,0.0865,0.1790,-0.1315,-0.0682,0.2288,-0.1149
34.4144,269.51,-1090.02,64.58,-46.07,93.95,-11.05,0.0900,0.1731,-0.1287,-0.0584,0.2295,-0.1272
34.4562,270.00,-1089.90,64.33,-46.86,89.99,-7.84,0.0925,0.1650,-0.1314,-0.0495,0.2268,-0.1345
34.4984,270.35,-1089.91,64.05,-47.84,85.67,-4.03,0.0969,0.1532,-0.1370,-0.0447,0.2266,-0.1376
34.5404,270.48,-1089.95,63.83,-49.26,81.15,0.68,0.1025,0.1368,-0.1487,-0.0411,0.2269,-0.1414
34.5834,270.38,-1089.93,63.64,-50.15,77.34,5.27,0.1166,0.1176,-0.1656,-0.0399,0.2265,-0.1451
34.6260,270.06,-1089.84,63.50,-50.48,74.36,8.97,0.1377,0.0949,-0.1841,-0.0393,0.2270,-0.1492
34.6680,269.53,-1089.70,63.50,-50.80,72.14,12.09,0.1640,0.0632,-0.1977,-0.0389,0.2267,-0.1539
34.7102,268.89,-1089.46,63.58,-50.48,71.08,14.63,0.1895,0.0261,-0.2084,-0.0395,0.2251,-0.1576
34.7521,268.15,-1089.10,63.68,-49.91,70.66,15.76,0.2137,-0.0164,-0.2108,-0.0402,0.2237,-0.1618
34.7942,267.40,-1088.72,63.83,-49.24,70.89,16.33,0.2348,-0.0615,-0.2023,-0.0427,0.2228,-0.1660
34.8361,266.62,-1088.34,63.96,-48.75,72.07,15.88,0.2511,-0.1049,-0.1853,-0.0457,0.2219,-0.1697
34.8781,265.97,-1088.00,64.16,-48.30,73.04,15.28,0.2609,-0.1428,-0.1594,-0.0495,0.2213,-0.1733
34.9200,265.37,-1087.85,64.37,-47.96,73.10,14.91,0.2697,-0.1712,-0.1277,-0.0522,0.2222,-0.1767
34.9620,264.81,-1087.78,64.64,-47.92,72.72,15.00,0.2753,-0.1887,-0.0865,-0.0542,0.2238,-0.1799
35.0035,264.26,-1087.82,64.84,-47.52,72.15,14.82,0.2788,-0.1934,-0.0416,-0.0544,0.2259,-0.1823
35.0451,263.78,-1087.93,65.11,-47.17,70.78,15.68,0.2781,-0.1854,0.0018,-0.0532,0.2273,-0.1849
35.0872,263.28,-1088.06,65.30,-46.84,69.28,16.50,0.2713,-0.1684,0.0429,-0.0503,0.2283,-0.1863
35.1288,262.83,-1088.17,65.47,-46.20,68.74,17.08,0.2628,-0.1410,0.0759,-0.0458,0.2281,-0.1873
35.1703,262.33,-1088.35,65.61,-45.76,68.76,16.93,0.2533,-0.1044,0.1002,-0.0399,0.2272,-0.1880
35.2117,261.84,-1088.56,65.72,-45.29,69.20,16.85,0.2425,-0.0643,0.1148,-0.0340,0.2256,-0.1882
35.2525,261.34,-1088.86,65.81,-45.26,69.99,16.51,0.2319,-0.0195,0.1169,-0.0273,0.2230,-0.1886
35.2930,260.83,-1089.11,65.88,-44.97,71.24,16.25,0.2206,0.0262,0.1078,-0.0212,0.2190,-0.1890
35.3343,260.28,-1089.48,65.95,-45.11,72.73,15.65,0.2079,0.0719,0.0870,-0.0158,0.2158,-0.1898
35.3753,259.68,-1089.84,66.10,-45.10,74.86,14.98,0.1943,0.1166,0.0559,-0.0109,0.2128,-0.1915
35.4170,259.07,-1090.00,66.29,-44.60,78.50,13.74,0.1812,0.1546,0.0188,-0.0078,0.2077,-0.1934
35.4583,258.43,-1090.13,66.45,-43.47,83.07,11.48,0.1676,0.1839,-0.0192,-0.0061,0.2025,-0.1950
35.4999,257.80,-1090.23,66.60,-42.70,88.34,8.59,0.1538,0.2046,-0.0579,-0.0060,0.1963,-0.1965
35.5414,257.19,-1090.22,66.78,-41.51,94.38,4.72,0.1405,0.2137,-0.0980,-0.0084,0.1887,-0.1978
35.5834,256.60,-1090.31,66.84,-40.60,99.93,0.13,0.1295,0.2173,-0.1322,-0.0128,0.1815,-0.1991
35.6251,256.05,-1090.38,66.94,-39.88,105.61,-3.38,0.1208,0.2143,-0.1566,-0.0211,0.1755,-0.1999
35.6667,255.57,-1090.47,67.06,-38.66,111.14,-7.85,0.1137,0.2131,-0.1724,-0.0319,0.1694,-0.2017
35.7082,255.27,-1090.65,67.32,-37.52,116.79,-11.79,0.1075,0.2133,-0.1840,-0.0481,0.1606,-0.2054
35.7504,255.21,-1090.86,67.60,-36.35,122.54,-15.95,0.1027,0.2145,-0.1928,-0.0710,0.1465,-0.2079
35.7920,255.31,-1090.99,68.01,-34.10,128.54,-19.77,0.1003,0.2179,-0.1982,-0.0977,0.1237,-0.2086
35.8337,255.67,-1091.10,68.48,-31.53,134.15,-23.73,0.0976,0.2224,-0.2039,-0.1290,0.0915,-0.2070
35.8754,256.27,-1091.08,68.99,-28.62,138.75,-26.78,0.0936,0.2260,-0.2103,-0.1642,0.0514,-0.2021
35.9172,256.97,-1090.96,69.47,-25.31,142.34,-29.59,0.0898,0.2300,-0.2166,-0.1997,0.0059,-0.1890
35.9590,257.78,-1090.76,69.90,-22.29,145.02,-31.63,0.0857,0.2346,-0.2223,-0.2339,-0.0398,-0.1679
36.0006,258.52,-1090.51,70.28,-19.52,146.86,-34.32,0.0809,0.2385,-0.2277,-0.2628,-0.0888,-0.1354
36.0426,259.21,-1090.26,70.45,-17.47,148.65,-35.83,0.0759,0.2413,-0.2317,-0.2816,-0.1375,-0.0928
36.0843,259.88,-1090.04,70.52,-15.61,150.27,-36.55,0.0702,0.2443,-0.2352,-0.2830,-0.1800,-0.0408
36.1260,260.55,-1089.88,70.47,-14.15,151.31,-37.67,0.0638,0.2465,-0.2391,-0.2729,-0.2077,0.0144
36.1675,261.18,-1089.71,70.44,-13.21,151.81,-38.31,0.0591,0.2471,-0.2408,-0.2522,-0.2164,0.0678
36.2094,261.77,-1089.54,70.36,-12.21,151.15,-38.83,0.0514,0.2459,-0.2416,-0.2307,-0.2073,0.1147
36.2516,262.37,-1089.51,70.20,-12.10,149.83,-39.07,0.0428,0.2423,-0.2395,-0.2151,-0.1826,0.1523
36.2932,263.02,-1089.56,69.92,-12.87,148.08,-38.52,0.0352,0.2387,-0.2350,-0.2040,-0.1491,0.1796
36.3343,263.71,-1089.75,69.69,-14.47,145.94,-38.40,0.0278,0.2348,-0.2301,-0.1974,-0.1034,0.1953
36.3760,264.41,-1090.01,69.49,-15.95,143.24,-37.66,0.0223,0.2294,-0.2243,-0.1932,-0.0481,0.1906
36.4182,265.13,-1090.31,69.39,-17.56,140.05,-36.55,0.0201,0.2245,-0.2169,-0.1907,0.0054,0.1723
36.4600,265.83,-1090.59,69.27,-18.90,136.41,-35.16,0.0196,0.2202,-0.2085,-0.1900,0.0603,0.1448
36.5017,266.56,-1090.98,69.07,-20.80,132.65,-33.72,0.0200,0.2172,-0.1993,-0.1862,0.1104,0.1066
36.5434,267.29,-1091.18,68.84,-22.70,128.88,-31.97,0.0228,0.2129,-0.1897,-0.1767,0.1529,0.0689
36.5851,268.03,-1091.21,68.44,-24.78,124.34,-30.76,0.0280,0.2075,-0.1794,-0.1602,0.1804,0.0279
36.6272,268.80,-1091.18,67.93,-26.78,120.09,-28.94,0.0342,0.2028,-0.1690,-0.1437,0.1968,-0.0093
36.6692,269.59,-1091.06,67.43,-29.22,115.38,-27.46,0.0399,0.1986,-0.1611,-0.1297,0.2059,-0.0449
36.7110,270.31,-1091.10,66.94,-31.69,110.35,-25.21,0.0466,0.1953,-0.1561,-0.1201,0.2129,-0.0784
36.7532,270.90,-1091.12,66.61,-34.27,105.40,-22.31,0.0544,0.1896,-0.1558,-0.1131,0.2166,-0.1093
36.7941,271.31,-1091.10,66.43,-35.72,100.11,-18.72,0.0617,0.1821,-0.1603,-0.1049,0.2153,-0.1362
36.8364,271.55,-1091.17,66.45,-36.95,95.81,-14.66,0.0701,0.1755,-0.1663,-0.0966,0.2114,-0.1549
36.8780,271.64,-1091.19,66.58,-37.59,92.01,-11.32,0.0767,0.1709,-0.1732,-0.0874,0.2086,-0.1668
36.9199,271.55,-1091.23,66.83,-37.75,89.08,-7.69,0.0824,0.1652,-0.1807,-0.0805,0.2069,-0.1718
36.9619,271.21,-1091.23,67.06,-37.79,86.74,-5.58,0.0900,0.1573,-0.1879,-0.0728,0.2071,-0.1745
37.0034,270.73,-1091.29,67.26,-38.41,84.24,-2.47,0.0999,0.1458,-0.1973,-0.0682,0.2092,-0.1739
37.0454,269.95,-1091.20,67.47,-39.19,82.39,0.04,0.1170,0.1278,-0.2050,-0.0629,0.2111,-0.1745
37.0875,269.05,-1090.96,67.66,-39.21,80.35,2.96,0.1368,0.1035,-0.2127,-0.0582,0.2128,-0.1748
37.1294,267.98,-1090.65,67.80,-39.37,78.76,5.73,0.1610,0.0717,-0.2177,-0.0524,0.2136,-0.1757
37.1710,266.89,-1090.20,67.84,-39.36,77.16,8.42,0.1871,0.0342,-0.2186,-0.0471,0.2131,-0.1777
37.2127,265.75,-1089.69,67.83,-39.32,75.85,10.98,0.2144,-0.0079,-0.2154,-0.0420,0.2130,-0.1808
37.2539,264.67,-1089.14,67.74,-39.29,74.62,12.91,0.2402,-0.0527,-0.2042,-0.0375,0.2128,-0.1847
37.2957,263.76,-1088.49,67.69,-38.70,73.67,15.15,0.2608,-0.0972,-0.1862,-0.0333,0.2115,-0.1903
37.3376,263.00,-1087.93,67.65,-38.19,72.55,16.65,0.2770,-0.1389,-0.1576,-0.0306,0.2103,-0.1964
37.3795,262.39,-1087.42,67.66,-36.97,71.23,18.24,0.2883,-0.1713,-0.1243,-0.0292,0.2099,-0.2025
37.4213,261.80,-1087.12,67.68,-36.42,70.32,19.35,0.2951,-0.1946,-0.0844,-0.0268,0.2102,-0.2082
37.4629,261.26,-1086.96,67.70,-36.06,69.91,20.17,0.2962,-0.2034,-0.0412,-0.0248,0.2101,-0.2122
37.5046,260.78,-1086.91,67.79,-35.90,69.64,20.41,0.2953,-0.1992,-0.0002,-0.0227,0.2105,-0.2155
37.5470,260.34,-1086.84,67.94,-34.96,69.55,20.46,0.2917,-0.1867,0.0374,-0.0216,0.2106,-0.2175
37.5885,259.92,-1086.97,68.07,-33.79,69.14,20.97,0.2870,-0.1634,0.0675,-0.0196,0.2117,-0.2175
37.6301,259.56,-1087.31,68.18,-33.82,68.59,22.39,0.2812,-0.1290,0.0905,-0.0175,0.2139,-0.2170
37.6716,259.20,-1087.65,68.29,-33.77,68.79,22.29,0.2731,-0.0878,0.1051,-0.0167,0.2149,-0.2137
37.7137,258.90,-1088.04,68.39,-33.46,69.90,21.46,0.2629,-0.0386,0.1118,-0.0141,0.2148,-0.2101
37.7556,258.63,-1088.50,68.47,-33.79,71.06,20.41,0.2482,0.0148,0.1058,-0.0117,0.2132,-0.2058
37.7974,258.37,-1089.03,68.58,-34.07,72.65,19.43,0.2310,0.0663,0.0878,-0.0096,0.2114,-0.2020
37.8391,258.05,-1089.44,68.66,-34.32,75.21,17.42,0.2141,0.1141,0.0624,-0.0082,0.2082,-0.1984
37.8809,257.67,-1089.73,68.78,-34.51,78.84,15.40,0.1963,0.1526,0.0275,-0.0083,0.2042,-0.1954
37.9221,257.26,-1090.03,68.87,-34.31,84.16,12.01,0.1769,0.1839,-0.0114,-0.0097,0.2005,-0.1921
37.9642,256.93,-1090.24,69.02,-34.01,89.72,8.39,0.1574,0.2063,-0.0534,-0.0129,0.1953,-0.1907
38.0063,256.57,-1090.31,69.21,-32.99,96.59,4.32,0.1382,0.2172,-0.0932,-0.0197,0.1864,-0.1916
38.0480,256.20,-1090.47,69.42,-31.43,104.48,-1.28,0.1220,0.2259,-0.1263,-0.0307,0.1763,-0.1959
38.0897,256.03,-1090.57,69.69,-29.68,112.29,-7.07,0.1085,0.2300,-0.1588,-0.0492,0.1620,-0.2025
38.1313,255.87,-1090.68,70.00,-26.82,119.60,-12.81,0.1001,0.2297,-0.1837,-0.0715,0.1459,-0.2106
38.1733,255.92,-1090.74,70.24,-24.23,125.69,-17.14,0.0945,0.2311,-0.2020,-0.0996,0.1286,-0.2156
38.2148,255.89,-1090.79,70.40,-21.71,130.87,-21.55,0.0895,0.2325,-0.2134,-0.1246,0.1118,-0.2172
38.2567,255.92,-1090.90,70.50,-19.91,134.86,-25.04,0.0838,0.2346,-0.2201,-0.1474,0.0948,-0.2154
38.2983,255.97,-1091.03,70.60,-18.52,138.90,-27.61,0.0778,0.2364,-0.2241,-0.1687,0.0739,-0.2099
38.3399,256.12,-1091.14,70.68,-17.21,142.82,-29.63,0.0724,0.2379,-0.2264,-0.1874,0.0464,-0.2019
38.3809,256.39,-1091.24,70.73,-15.77,146.97,-31.91,0.0674,0.2405,-0.2267,-0.2070,0.0133,-0.1914
38.4229,256.69,-1091.24,70.70,-13.79,151.39,-35.18,0.0619,0.2437,-0.2270,-0.2232,-0.0278,-0.1754
38.4651,257.16,-1091.19,70.58,-12.04,155.69,-38.00,0.0554,0.2464,-0.2257,-0.2368,-0.0719,-0.1522
38.5072,257.64,-1090.94,70.41,-9.83,158.91,-40.88,0.0490,0.2471,-0.2232,-0.2438,-0.1180,-0.1184
38.5492,258.01,-1090.58,70.22,-7.43,161.16,-43.63,0.0436,0.2473,-0.2200,-0.2436,-0.1577,-0.0781
38.5912,258.47,-1090.29,69.93,-6.32,161.92,-46.57,0.0386,0.2477,-0.2151,-0.2371,-0.1852,-0.0286
38.6332,258.87,-1090.01,69.72,-5.60,162.02,-48.20,0.0343,0.2474,-0.2105,-0.2294,-0.2011,0.0233
38.6753,259.34,-1089.78,69.49,-5.81,161.43,-49.09,0.0295,0.2470,-0.2051,-0.2194,-0.2012,0.0707
38.7172,259.85,-1089.62,69.24,-6.79,160.02,-49.22,0.0246,0.2460,-0.1996,-0.2132,-0.1882,0.1113
38.7592,260.40,-1089.48,69.11,-8.19,157.79,-48.46,0.0201,0.2439,-0.1953,-0.2109,-0.1621,0.1445
38.8002,261.02,-1089.41,68.94,-10.23,155.00,-46.85,0.0160,0.2410,-0.1909,-0.2073,-0.1246,0.1682
38.8417,261.64,-1089.32,68.78,-12.79,151.02,-44.89,0.0136,0.2372,-0.1861,-0.2021,-0.0759,0.1772
38.8834,262.30,-1089.39,68.57,-15.63,146.77,-42.21,0.0118,0.2342,-0.1806,-0.1954,-0.0252,0.1745
38.9252,263.05,-1089.48,68.25,-19.78,142.02,-39.12,0.0108,0.2310,-0.1741,-0.1889,0.0255,0.1571
38.9670,263.77,-1089.56,68.03,-23.38,136.91,-36.15,0.0118,0.2276,-0.1683,-0.1838,0.0740,0.1286
39.0085,264.57,-1089.60,67.88,-26.83,130.56,-32.86,0.0128,0.2242,-0.1638,-0.1802,0.1186,0.0917
39.0498,265.12,-1089.50,67.93,-28.47,124.11,-29.23,0.0171,0.2182,-0.1614,-0.1714,0.1565,0.0502
39.0918,265.70,-1089.52,67.84,-30.07,117.63,-25.68,0.0241,0.2139,-0.1569,-0.1563,0.1859,0.0061
39.1341,266.09,-1089.55,67.70,-32.07,112.44,-22.19,0.0319,0.2091,-0.1529,-0.1365,0.2039,-0.0371
39.1756,266.55,-1089.61,67.62,-33.66,107.65,-18.42,0.0400,0.2030,-0.1512,-0.1185,0.2159,-0.0767
39.2174,266.84,-1089.53,67.69,-34.47,103.75,-15.02,0.0494,0.1965,-0.1523,-0.1052,0.2189,-0.1124
39.2588,267.12,-1089.57,67.79,-34.84,100.09,-11.72,0.0575,0.1904,-0.1573,-0.0954,0.2187,-0.1399
39.3008,267.25,-1089.56,67.82,-35.41,96.76,-8.41,0.0674,0.1819,-0.1630,-0.0854,0.2160,-0.1584
39.3426,267.38,-1089.70,67.84,-36.39,93.51,-4.19,0.0760,0.1745,-0.1724,-0.0767,0.2151,-0.1691
39.3848,267.33,-1089.65,67.92,-36.61,90.63,-0.48,0.0882,0.1641,-0.1833,-0.0673,0.2141,-0.1773
39.4266,267.13,-1089.80,67.88,-37.11,88.50,2.38,0.1030,0.1538,-0.1932,-0.0593,0.2160,-0.1797
39.4687,266.81,-1089.88,67.74,-38.27,87.58,5.16,0.1178,0.1404,-0.2017,-0.0501,0.2176,-0.1814
39.5101,266.26,-1089.97,67.72,-38.80,89.05,5.94,0.1344,0.1260,-0.2076,-0.0420,0.2197,-0.1816
39.5521,265.73,-1089.95,67.76,-38.51,92.66,5.21,0.1488,0.1115,-0.2113,-0.0347,0.2213,-0.1825
39.5938,265.29,-1089.97,67.87,-38.38,94.88,3.60,0.1597,0.0921,-0.2128,-0.0313,0.2226,-0.1829
39.6355,264.89,-1090.01,67.90,-38.75,94.82,3.65,0.1719,0.0673,-0.2137,-0.0287,0.2246,-0.1831
39.6777,264.41,-1089.99,67.87,-39.34,93.95,4.71,0.1887,0.0358,-0.2141,-0.0251,0.2254,-0.1834
39.7189,263.88,-1089.88,67.93,-39.93,91.67,6.70,0.2089,0.0001,-0.2123,-0.0214,0.2257,-0.1852
39.7609,263.24,-1089.67,68.01,-40.13,88.91,9.41,0.2276,-0.0403,-0.2018,-0.0171,0.2255,-0.1883
39.8028,262.53,-1089.40,68.10,-39.81,86.67,11.80,0.2473,-0.0808,-0.1861,-0.0127,0.2253,-0.1914
39.8447,261.95,-1089.17,68.12,-39.67,84.20,13.66,0.2662,-0.1215,-0.1590,-0.0092,0.2253,-0.1939
39.8864,261.46,-1088.97,68.06,-39.73,81.76,15.40,0.2804,-0.1583,-0.1248,-0.0057,0.2249,-0.1958
39.9281,261.04,-1088.88,67.99,-40.08,79.03,17.08,0.2874,-0.1880,-0.0807,-0.0027,0.2240,-0.1974
39.9699,260.66,-1088.82,67.97,-39.58,76.95,18.60,0.2850,-0.2040,-0.0318,-0.0006,0.2248,-0.1981
40.0118,260.24,-1088.92,68.01,-39.24,75.33,19.36,0.2787,-0.2011,0.0155,0.0030,0.2267,-0.1984
40.0535,259.81,-1089.10,68.12,-38.17,74.67,19.60,0.2702,-0.1816,0.0556,0.0068,0.2283,-0.1976
40.0953,259.38,-1089.39,68.31,-37.32,74.55,18.98,0.2590,-0.1475,0.0886,0.0113,0.2288,-0.1966
40.1369,259.02,-1089.76,68.50,-36.53,74.64,18.59,0.2463,-0.1054,0.1117,0.0152,0.2278,-0.1955
40.1786,258.70,-1090.30,68.65,-35.94,74.53,18.48,0.2315,-0.0595,0.1239,0.0179,0.2268,-0.1949
40.2203,258.34,-1090.84,68.80,-35.62,74.51,18.21,0.2183,-0.0135,0.1228,0.0201,0.2253,-0.1946
40.2622,257.98,-1091.43,68.93,-35.43,74.88,18.22,0.2072,0.0336,0.1119,0.0215,0.2233,-0.1952
40.3038,257.58,-1091.93,69.01,-35.19,75.90,18.20,0.1966,0.0784,0.0922,0.0204,0.2206,-0.1961
40.3455,257.13,-1092.33,69.11,-35.09,78.19,17.54,0.1853,0.1174,0.0650,0.0185,0.2179,-0.1969
40.3870,256.59,-1092.79,69.29,-35.29,81.70,16.35,0.1735,0.1520,0.0330,0.0169,0.2156,-0.1979
40.4291,255.98,-1093.10,69.53,-34.77,86.42,14.07,0.1624,0.1791,-0.0011,0.0147,0.2121,-0.1994
40.4707,255.39,-1093.36,69.83,-33.96,91.35,11.67,0.1506,0.1995,-0.0354,0.0114,0.2083,-0.2012
40.5128,254.89,-1093.56,70.08,-32.93,96.19,9.00,0.1395,0.2145,-0.0684,0.0061,0.2044,-0.2015
40.5543,254.47,-1093.81,70.34,-32.27,100.57,6.02,0.1317,0.2252,-0.1017,0.0005,0.2022,-0.2013
40.5959,254.01,-1093.91,70.64,-30.98,105.49,2.91,0.1275,0.2303,-0.1294,-0.0056,0.1990,-0.2016
40.6379,253.80,-1094.06,70.89,-29.98,109.80,-0.24,0.1218,0.2327,-0.1517,-0.0142,0.1968,-0.2025
40.6802,253.64,-1094.13,71.10,-28.76,114.09,-3.54,0.1157,0.2337,-0.1678,-0.0239,0.1929,-0.2046
40.7218,253.67,-1094.24,71.25,-27.84,118.27,-6.96,0.1083,0.2360,-0.1794,-0.0365,0.1872,-0.2074
40.7632,253.84,-1094.30,71.35,-26.96,122.96,-10.55,0.1017,0.2378,-0.1869,-0.0528,0.1771,-0.2103
40.8043,254.15,-1094.30,71.48,-25.77,128.34,-15.30,0.0947,0.2397,-0.1918,-0.0741,0.1607,-0.2120
40.8462,254.67,-1094.24,71.53,-23.97,134.04,-20.18,0.0860,0.2422,-0.1946,-0.1008,0.1345,-0.2121
40.8882,255.40,-1094.06,71.57,-22.32,139.30,-24.60,0.0758,0.2442,-0.1971,-0.1319,0.0997,-0.2115
40.9303,256.15,-1093.73,71.52,-20.03,143.64,-28.92,0.0663,0.2449,-0.1992,-0.1648,0.0560,-0.2082
40.9722,256.85,-1093.27,71.45,-17.72,147.24,-32.50,0.0584,0.2445,-0.2009,-0.1962,0.0055,-0.1997
41.0136,257.46,-1092.74,71.32,-16.13,149.62,-35.66,0.0515,0.2433,-0.2025,-0.2238,-0.0475,-0.1839
41.0554,257.78,-1092.10,71.16,-14.61,150.80,-37.40,0.0475,0.2406,-0.2038,-0.2431,-0.1012,-0.1578
41.0975,258.14,-1091.68,70.91,-14.25,151.81,-38.27,0.0454,0.2403,-0.2027,-0.2569,-0.1467,-0.1200
41.1394,258.42,-1091.26,70.71,-14.49,152.32,-38.73,0.0441,0.2412,-0.2006,-0.2628,-0.1794,-0.0715
41.1814,258.71,-1090.95,70.54,-14.76,152.06,-39.28,0.0432,0.2415,-0.1973,-0.2588,-0.1947,-0.0167
41.2231,259.07,-1090.76,70.42,-15.30,151.72,-39.49,0.0412,0.2427,-0.1939,-0.2507,-0.1884,0.0347
41.2641,259.51,-1090.64,70.28,-15.76,151.07,-39.85,0.0392,0.2439,-0.1900,-0.2437,-0.1690,0.0794
41.3059,259.99,-1090.70,70.20,-16.89,149.56,-39.99,0.0368,0.2464,-0.1866,-0.2385,-0.1344,0.1169
41.3479,260.55,-1090.86,70.03,-18.84,147.95,-39.71,0.0347,0.2469,-0.1825,-0.2318,-0.0887,0.1450
41.3894,261.05,-1090.94,69.79,-20.99,145.72,-38.65,0.0340,0.2454,-0.1768,-0.2196,-0.0381,0.1570
41.4316,261.62,-1091.07,69.38,-24.76,142.14,-37.43,0.0339,0.2425,-0.1702,-0.2040,0.0131,0.1532
41.4728,262.17,-1091.20,68.81,-29.55,137.99,-35.32,0.0367,0.2389,-0.1634,-0.1879,0.0594,0.1375
41.5151,262.62,-1091.03,68.36,-33.68,132.33,-31.49,0.0429,0.2331,-0.1574,-0.1730,0.1010,0.1076
41.5570,263.02,-1090.71,67.88,-36.68,125.27,-27.80,0.0529,0.2270,-0.1509,-0.1611,0.1379,0.0714
41.5991,263.44,-1090.42,67.32,-40.05,117.86,-22.92,0.0646,0.2218,-0.1433,-0.1504,0.1680,0.0343
41.6407,263.77,-1090.03,66.81,-42.16,111.23,-18.44,0.0771,0.2165,-0.1352,-0.1363,0.1910,-0.0016
41.6823,264.07,-1089.63,66.27,-44.30,104.59,-14.24,0.0882,0.2129,-0.1264,-0.1202,0.2065,-0.0341
41.7242,264.32,-1089.17,65.75,-45.75,98.73,-10.01,0.0970,0.2081,-0.1197,-0.1054,0.2152,-0.0621
41.7661,264.58,-1088.65,65.22,-46.65,93.22,-5.54,0.1039,0.2030,-0.1131,-0.0924,0.2189,-0.0853
41.8081,264.78,-1088.17,64.82,-46.97,89.05,-1.86,0.1064,0.1987,-0.1096,-0.0791,0.2188,-0.1042
41.8502,265.01,-1087.72,64.47,-46.83,85.94,1.35,0.1043,0.1931,-0.1079,-0.0687,0.2166,-0.1161
41.8920,265.14,-1087.41,64.21,-47.11,83.57,3.09,0.0996,0.1877,-0.1101,-0.0599,0.2165,-0.1248
41.9336,265.28,-1087.07,64.01,-47.02,81.94,5.20,0.0956,0.1797,-0.1148,-0.0545,0.2161,-0.1295
41.9752,265.27,-1086.82,63.87,-46.93,81.12,5.83,0.0947,0.1702,-0.1227,-0.0481,0.2157,-0.1331
42.0173,265.18,-1086.44,63.72,-46.61,80.51,6.98,0.1004,0.1572,-0.1311,-0.0443,0.2139,-0.1350
42.0595,264.94,-1086.20,63.68,-46.51,79.82,7.77,0.1119,0.1429,-0.1421,-0.0414,0.2144,-0.1364
42.1008,264.69,-1085.90,63.71,-45.70,78.37,10.26,0.1261,0.1222,-0.1558,-0.0389,0.2155,-0.1385
42.1422,264.30,-1085.68,63.80,-45.21,76.55,12.79,0.1453,0.0958,-0.1696,-0.0363,0.2166,-0.1411
42.1839,263.90,-1085.37,63.88,-44.68,73.89,15.94,0.1664,0.0625,-0.1832,-0.0330,0.2172,-0.1453
42.2259,263.43,-1085.09,63.95,-43.98,71.41,18.78,0.1896,0.0230,-0.1938,-0.0294,0.2184,-0.1494
42.2673,263.00,-1084.73,64.00,-43.43,68.72,22.07,0.2145,-0.0225,-0.1979,-0.0262,0.2174,-0.1515
42.3096,262.60,-1084.39,63.93,-42.76,66.65,24.21,0.2382,-0.0734,-0.1935,-0.0219,0.2191,-0.1565
42.3512,262.38,-1084.31,63.73,-43.39,63.30,26.82,0.2581,-0.1232,-0.1746,-0.0194,0.2212,-0.1595
42.3934,262.27,-1084.15,63.54,-43.87,59.84,29.42,0.2701,-0.1675,-0.1447,-0.0175,0.2223,-0.1629
42.4358,262.22,-1084.08,63.46,-44.01,57.18,30.78,0.2737,-0.2038,-0.1065,-0.0155,0.2231,-0.1671
42.4775,262.22,-1083.97,63.42,-43.69,55.30,31.74,0.2743,-0.2303,-0.0633,-0.0141,0.2223,-0.1712
42.5200,262.27,-1083.97,63.34,-43.35,54.06,32.27,0.2677,-0.2417,-0.0146,-0.0132,0.2225,-0.1741
42.5613,262.38,-1084.34,63.37,-43.66,52.27,33.18,0.2591,-0.2398,0.0294,-0.0135,0.2241,-0.1768
42.6029,262.45,-1084.58,63.47,-43.11,50.83,33.08,0.2490,-0.2317,0.0725,-0.0133,0.2248,-0.1789
42.6450,262.46,-1084.96,63.60,-42.82,50.21,32.72,0.2407,-0.2159,0.1112,-0.0131,0.2254,-0.1798
42.6868,262.53,-1085.44,63.77,-42.57,49.53,32.04,0.2322,-0.1896,0.1443,-0.0130,0.2263,-0.1801
42.7287,262.58,-1086.01,63.96,-42.52,48.88,30.96,0.2273,-0.1582,0.1690,-0.0129,0.2283,-0.1798
42.7707,262.67,-1086.65,64.12,-42.66,48.61,29.81,0.2184,-0.1168,0.1847,-0.0118,0.2280,-0.1780
42.8122,262.64,-1087.34,64.32,-42.89,48.80,28.42,0.2115,-0.0706,0.1907,-0.0101,0.2278,-0.1763
42.8542,262.52,-1088.02,64.53,-43.28,49.23,26.99,0.2040,-0.0239,0.1853,-0.0074,0.2272,-0.1737
42.8961,262.26,-1088.50,64.82,-43.58,50.97,25.52,0.1966,0.0217,0.1685,-0.0050,0.2249,-0.1712
42.9380,261.97,-1088.98,65.08,-43.48,53.58,23.81,0.1886,0.0660,0.1418,-0.0033,0.2235,-0.1676
42.9801,261.58,-1089.25,65.35,-43.65,56.85,21.64,0.1791,0.1038,0.1103,-0.0018,0.2200,-0.1639
43.0219,261.20,-1089.54,65.57,-43.94,60.97,19.33,0.1685,0.1387,0.0760,-0.0011,0.2167,-0.1604
43.0638,260.83,-1089.72,65.72,-44.17,65.81,16.28,0.1561,0.1680,0.0411,-0.0011,0.2133,-0.1567
43.1072,260.62,-1089.90,65.79,-44.81,71.17,12.50,0.1379,0.2015,-0.0037,-0.0032,0.2085,-0.1518
43.1480,260.47,-1090.04,65.86,-45.40,76.27,7.65,0.1263,0.2098,-0.0270,-0.0040,0.2056,-0.1513
43.1888,260.33,-1089.99,65.95,-45.19,81.73,2.79,0.1107,0.2166,-0.0608,-0.0081,0.2010,-0.1503
43.2295,260.18,-1089.89,66.16,-44.17,87.10,-1.55,0.1006,0.2158,-0.0905,-0.0141,0.1972,-0.1516
43.2699,260.01,-1089.81,66.36,-42.90,92.32,-5.87,0.0949,0.2124,-0.1157,-0.0229,0.1928,-0.1558
43.3113,259.88,-1089.79,66.64,-41.48,96.88,-9.65,0.0906,0.2094,-0.1350,-0.0345,0.1901,-0.1613
43.3530,259.74,-1089.77,66.91,-39.73,101.48,-13.22,0.0883,0.2061,-0.1471,-0.0468,0.1870,-0.1653
43.3944,259.69,-1089.86,67.30,-38.09,105.58,-15.90,0.0855,0.2047,-0.1539,-0.0591,0.1846,-0.1678
43.4358,259.63,-1089.99,67.78,-36.02,109.52,-18.94,0.0823,0.2055,-0.1599,-0.0700,0.1822,-0.1707
43.4775,259.60,-1090.24,68.35,-33.58,113.77,-21.66,0.0795,0.2080,-0.1638,-0.0817,0.1756,-0.1740
43.5192,259.67,-1090.62,68.97,-31.15,119.25,-24.17,0.0764,0.2121,-0.1666,-0.0978,0.1604,-0.1765
43.5612,259.80,-1090.99,69.66,-27.66,125.87,-27.73,0.0727,0.2170,-0.1692,-0.1184,0.1380,-0.1790
43.6031,260.16,-1091.38,70.27,-24.08,132.23,-30.58,0.0670,0.2233,-0.1714,-0.1467,0.1060,-0.1770
43.6446,260.59,-1091.68,70.82,-20.32,137.71,-33.38,0.0613,0.2304,-0.1736,-0.1791,0.0660,-0.1705
43.6859,261.13,-1091.88,71.18,-16.93,142.54,-35.27,0.0557,0.2368,-0.1749,-0.2121,0.0172,-0.1582
43.7276,261.59,-1091.94,71.40,-13.70,146.55,-36.47,0.0513,0.2420,-0.1759,-0.2410,-0.0350,-0.1390
43.7685,262.02,-1091.82,71.46,-11.25,149.59,-38.01,0.0480,0.2454,-0.1770,-0.2658,-0.0886,-0.1117
43.8102,262.28,-1091.59,71.33,-9.98,151.41,-39.40,0.0467,0.2474,-0.1773,-0.2805,-0.1369,-0.0737
43.8528,262.50,-1091.29,71.05,-9.50,151.99,-40.32,0.0467,0.2483,-0.1761,-0.2796,-0.1740,-0.0225
43.8940,262.62,-1091.01,70.71,-9.93,152.03,-41.61,0.0470,0.2485,-0.1745,-0.2676,-0.1883,0.0313
43.9355,262.78,-1090.80,70.32,-10.92,151.39,-41.93,0.0475,0.2478,-0.1728,-0.2513,-0.1806,0.0820
43.9782,262.99,-1090.72,69.91,-12.26,150.74,-42.40,0.0490,0.2483,-0.1697,-0.2346,-0.1584,0.1237
44.0202,263.20,-1090.58,69.51,-13.60,149.61,-42.64,0.0497,0.2474,-0.1669,-0.2220,-0.1232,0.1568
44.0621,263.51,-1090.50,69.11,-15.46,147.66,-42.39,0.0507,0.2446,-0.1638,-0.2094,-0.0801,0.1778
44.1035,263.85,-1090.34,68.69,-17.60,144.67,-42.34,0.0517,0.2408,-0.1609,-0.1970,-0.0316,0.1830
44.1448,264.26,-1090.27,68.26,-20.47,141.13,-41.06,0.0536,0.2359,-0.1585,-0.1859,0.0191,0.1759
44.1868,264.74,-1090.21,67.84,-23.80,137.22,-39.26,0.0563,0.2301,-0.1569,-0.1758,0.0690,0.1538
44.2288,265.26,-1090.13,67.48,-26.97,132.40,-37.00,0.0591,0.2243,-0.1562,-0.1657,0.1148,0.1183
44.2707,265.81,-1090.08,67.22,-30.76,126.30,-33.69,0.0625,0.2185,-0.1554,-0.1543,0.1548,0.0732
44.3127,266.29,-1089.81,67.07,-33.35,118.86,-29.69,0.0666,0.2107,-0.1542,-0.1407,0.1882,0.0253
44.3544,266.69,-1089.54,66.94,-35.43,111.08,-24.20,0.0715,0.2026,-0.1509,-0.1240,0.2096,-0.0225
44.3963,267.02,-1089.32,66.73,-37.32,103.30,-18.90,0.0756,0.1954,-0.1477,-0.1038,0.2230,-0.0645
44.4384,267.22,-1089.06,66.55,-38.86,96.15,-13.16,0.0800,0.1891,-0.1447,-0.0855,0.2254,-0.0974
44.4802,267.44,-1088.83,66.39,-40.16,89.23,-7.75,0.0813,0.1838,-0.1434,-0.0693,0.2265,-0.1202
44.5219,267.49,-1088.59,66.28,-40.38,84.32,-2.39,0.0825,0.1797,-0.1432,-0.0579,0.2238,-0.1339
44.5633,267.43,-1088.57,66.13,-41.04,80.86,0.92,0.0831,0.1784,-0.1436,-0.0481,0.2232,-0.1417
44.6049,267.25,-1088.53,65.94,-42.22,78.67,4.11,0.0835,0.1764,-0.1470,-0.0432,0.2223,-0.1444
44.6473,267.00,-1088.48,65.77,-42.88,77.75,5.55,0.0861,0.1705,-0.1515,-0.0403,0.2217,-0.1439
44.6893,266.65,-1088.49,65.58,-43.97,76.81,7.05,0.0904,0.1614,-0.1580,-0.0386,0.2211,-0.1422
44.7315,266.16,-1088.47,65.43,-44.81,75.77,8.89,0.0990,0.1462,-0.1659,-0.0373,0.2213,-0.1394
44.7729,265.51,-1088.53,65.29,-46.11,74.58,11.07,0.1121,0.1262,-0.1732,-0.0354,0.2226,-0.1388
44.8145,264.77,-1088.35,65.11,-46.28,73.18,13.61,0.1309,0.0991,-0.1806,-0.0334,0.2213,-0.1398
44.8570,263.93,-1088.16,64.94,-46.41,71.98,16.10,0.1557,0.0647,-0.1837,-0.0317,0.2206,-0.1415
44.8992,263.08,-1087.94,64.73,-46.47,71.09,18.67,0.1820,0.0254,-0.1813,-0.0292,0.2202,-0.1436
44.9417,262.33,-1087.71,64.60,-46.66,70.31,20.39,0.2106,-0.0137,-0.1716,-0.0261,0.2192,-0.1471
44.9836,261.74,-1087.40,64.49,-46.65,69.69,21.63,0.2363,-0.0521,-0.1531,-0.0247,0.2175,-0.1504
45.0250,261.41,-1087.15,64.46,-46.54,68.89,22.61,0.2564,-0.0857,-0.1257,-0.0243,0.2172,-0.1541
45.0666,261.34,-1086.97,64.51,-46.11,67.61,23.01,0.2705,-0.1081,-0.0901,-0.0257,0.2173,-0.1576
45.1089,261.43,-1086.90,64.65,-45.77,66.42,23.32,0.2771,-0.1177,-0.0467,-0.0272,0.2187,-0.1610
45.1506,261.62,-1086.91,64.78,-45.63,65.43,22.53,0.2745,-0.1143,-0.0022,-0.0293,0.2200,-0.1633
45.1923,261.91,-1086.99,64.98,-45.24,64.45,22.05,0.2636,-0.1013,0.0374,-0.0307,0.2202,-0.1641
45.2341,262.13,-1087.16,65.14,-45.12,63.70,21.16,0.2466,-0.0836,0.0711,-0.0315,0.2211,-0.1644
45.2758,262.35,-1087.37,65.44,-44.54,62.73,20.59,0.2285,-0.0590,0.0928,-0.0312,0.2222,-0.1638
45.3178,262.45,-1087.65,65.79,-43.78,62.51,20.06,0.2103,-0.0297,0.1019,-0.0299,0.2230,-0.1638
45.3594,262.54,-1087.99,66.17,-42.96,62.77,19.34,0.1926,0.0029,0.0995,-0.0282,0.2231,-0.1638
45.4005,262.53,-1088.33,66.59,-42.25,63.57,18.43,0.1771,0.0384,0.0860,-0.0260,0.2226,-0.1636
45.4419,262.49,-1088.64,66.90,-41.57,65.15,17.01,0.1637,0.0757,0.0661,-0.0244,0.2208,-0.1625
45.4828,262.36,-1088.94,67.19,-41.37,67.73,15.54,0.1509,0.1149,0.0429,-0.0231,0.2192,-0.1619
45.5247,262.16,-1089.17,67.40,-41.43,70.99,13.36,0.1382,0.1521,0.0148,-0.0228,0.2167,-0.1609
45.5665,261.96,-1089.20,67.58,-41.01,74.74,11.19,0.1232,0.1785,-0.0153,-0.0235,0.2112,-0.1603
45.6084,261.62,-1089.22,67.73,-40.43,79.28,8.24,0.1101,0.1990,-0.0470,-0.0253,0.2070,-0.1618
45.6503,261.25,-1089.13,67.88,-39.88,84.02,5.33,0.0997,0.2107,-0.0788,-0.0276,0.2023,-0.1656
45.6917,260.82,-1089.09,68.08,-39.10,89.20,2.12,0.0927,0.2172,-0.1098,-0.0312,0.1974,-0.1721
45.7338,260.27,-1088.91,68.33,-37.54,95.02,-1.27,0.0893,0.2181,-0.1410,-0.0374,0.1916,-0.1796
45.7754,259.75,-1088.87,68.60,-35.38,100.91,-5.61,0.0871,0.2163,-0.1649,-0.0457,0.1875,-0.1858
45.8173,259.29,-1088.90,68.90,-33.59,106.80,-8.86,0.0855,0.2158,-0.1829,-0.0567,0.1830,-0.1890
45.8587,258.93,-1088.94,69.31,-31.25,112.69,-12.18,0.0824,0.2139,-0.1968,-0.0710,0.1760,-0.1911
45.9004,258.59,-1089.10,69.74,-28.32,119.54,-16.58,0.0791,0.2153,-0.2062,-0.0900,0.1625,-0.1916
45.9417,258.47,-1089.39,70.23,-25.43,126.94,-20.79,0.0752,0.2194,-0.2141,-0.1152,0.1407,-0.1908
45.9833,258.58,-1089.65,70.77,-21.74,134.15,-25.26,0.0705,0.2236,-0.2217,-0.1455,0.1105,-0.1896
46.0252,258.89,-1089.86,71.23,-18.32,140.42,-28.73,0.0660,0.2295,-0.2271,-0.1801,0.0691,-0.1851
46.0663,259.25,-1089.93,71.50,-14.91,145.80,-31.06,0.0610,0.2360,-0.2312,-0.2142,0.0220,-0.1757
46.1081,259.67,-1089.93,71.64,-12.00,150.26,-33.10,0.0564,0.2405,-0.2327,-0.2448,-0.0325,-0.1553
46.1494,260.11,-1089.80,71.64,-9.76,153.63,-34.91,0.0520,0.2437,-0.2335,-0.2653,-0.0876,-0.1260
46.1916,260.51,-1089.45,71.57,-8.12,155.65,-36.63,0.0498,0.2451,-0.2336,-0.2711,-0.1396,-0.0856
46.2335,260.85,-1089.07,71.37,-7.09,156.28,-38.22,0.0491,0.2456,-0.2325,-0.2644,-0.1781,-0.0366
46.2751,261.13,-1088.68,71.11,-6.72,156.03,-40.00,0.0489,0.2445,-0.2308,-0.2475,-0.1951,0.0157
46.3169,261.35,-1088.42,70.71,-7.58,155.43,-41.56,0.0491,0.2445,-0.2281,-0.2288,-0.1910,0.0626
46.3586,261.49,-1088.34,70.16,-9.40,155.34,-41.57,0.0499,0.2452,-0.2240,-0.2124,-0.1724,0.1014
46.4006,261.53,-1088.42,69.56,-11.87,156.09,-42.65,0.0503,0.2454,-0.2194,-0.2024,-0.1448,0.1317
46.4427,261.63,-1088.28,68.99,-14.51,155.93,-42.46,0.0515,0.2421,-0.2137,-0.1988,-0.1062,0.1518
46.4850,261.76,-1088.09,68.51,-16.64,154.21,-43.09,0.0528,0.2370,-0.2091,-0.1941,-0.0616,0.1568
46.5271,261.97,-1087.98,68.06,-18.94,152.22,-42.95,0.0543,0.2327,-0.2049,-0.1902,-0.0154,0.1497
46.5689,262.21,-1087.87,67.71,-20.75,149.90,-42.90,0.0580,0.2272,-0.2003,-0.1890,0.0335,0.1303
46.6103,262.54,-1087.70,67.51,-22.17,147.11,-42.83,0.0611,0.2224,-0.1969,-0.1871,0.0787,0.0998
46.6521,262.97,-1087.48,67.36,-23.13,143.54,-41.70,0.0633,0.2181,-0.1942,-0.1823,0.1171,0.0593
46.6938,263.50,-1087.19,67.05,-25.03,139.33,-40.57,0.0661,0.2126,-0.1915,-0.1719,0.1470,0.0145
46.7355,264.05,-1086.86,66.57,-27.55,134.34,-38.47,0.0708,0.2067,-0.1880,-0.1555,0.1673,-0.0257
46.7772,264.63,-1086.52,65.93,-31.14,128.46,-36.31,0.0760,0.2004,-0.1825,-0.1362,0.1817,-0.0609
46.8185,265.27,-1086.29,65.18,-35.63,121.41,-32.37,0.0811,0.1945,-0.1752,-0.1135,0.1898,-0.0905
46.8603,265.90,-1086.13,64.41,-40.15,113.13,-27.57,0.0854,0.1895,-0.1673,-0.0952,0.1944,-0.1136
46.9025,266.47,-1086.14,63.76,-44.07,104.61,-20.45,0.0886,0.1845,-0.1602,-0.0828,0.1989,-0.1308
46.9443,266.95,-1086.17,63.23,-46.84,96.07,-14.42,0.0910,0.1800,-0.1537,-0.0723,0.2007,-0.1430
46.9861,267.33,-1086.29,62.85,-48.96,88.66,-8.00,0.0912,0.1763,-0.1495,-0.0619,0.1997,-0.1469
47.0282,267.58,-1086.49,62.57,-50.10,84.55,-5.24,0.0911,0.1728,-0.1467,-0.0516,0.1991,-0.1472
47.0714,267.71,-1086.62,62.51,-50.28,82.72,-4.49,0.0898,0.1694,-0.1481,-0.0476,0.1984,-0.1438
47.1137,267.73,-1086.82,62.57,-50.32,82.51,-5.22,0.0895,0.1645,-0.1514,-0.0447,0.1994,-0.1407
47.1558,267.62,-1087.11,62.70,-50.42,82.83,-5.40,0.0911,0.1569,-0.1579,-0.0430,0.2012,-0.1384
47.1980,267.39,-1087.38,63.00,-50.52,82.36,-4.50,0.0975,0.1427,-0.1669,-0.0427,0.2027,-0.1388
47.2398,267.09,-1087.58,63.36,-50.08,81.10,-2.73,0.1103,0.1224,-0.1761,-0.0425,0.2047,-0.1414
47.2813,266.70,-1087.71,63.78,-49.02,79.33,-0.30,0.1300,0.0986,-0.1871,-0.0419,0.2066,-0.1458
47.3232,266.22,-1087.82,64.23,-48.16,77.55,1.98,0.1578,0.0697,-0.1944,-0.0412,0.2084,-0.1512
47.3652,265.69,-1087.97,64.61,-47.48,75.92,3.95,0.1895,0.0353,-0.1977,-0.0394,0.2105,-0.1564
47.4067,265.13,-1088.06,64.95,-47.04,74.77,4.76,0.2212,-0.0041,-0.1928,-0.0376,0.2128,-0.1613
47.4481,264.69,-1088.02,65.27,-46.66,74.02,5.89,0.2467,-0.0484,-0.1782,-0.0375,0.2149,-0.1665
47.4886,264.36,-1087.93,65.52,-45.92,72.80,6.62,0.2664,-0.0907,-0.1522,-0.0380,0.2159,-0.1699
47.5298,264.22,-1087.88,65.78,-45.36,70.62,9.24,0.2755,-0.1257,-0.1172,-0.0390,0.2173,-0.1741
47.5710,264.14,-1087.89,65.94,-44.63,68.61,11.09,0.2782,-0.1495,-0.0806,-0.0402,0.2194,-0.1773
47.6125,264.18,-1088.02,66.09,-44.73,66.26,13.33,0.2773,-0.1598,-0.0364,-0.0409,0.2218,-0.1807
47.6539,264.25,-1088.05,66.17,-44.23,64.05,14.62,0.2694,-0.1583,0.0092,-0.0411,0.2225,-0.1822
47.6958,264.32,-1088.16,66.27,-43.85,61.96,15.93,0.2543,-0.1432,0.0491,-0.0402,0.2235,-0.1848
47.7374,264.30,-1088.29,66.39,-43.36,61.22,15.94,0.2396,-0.1201,0.0793,-0.0369,0.2231,-0.1865
47.7795,264.26,-1088.50,66.56,-43.13,60.41,16.08,0.2241,-0.0868,0.1006,-0.0333,0.2225,-0.1880
47.8213,264.09,-1088.73,66.75,-42.62,60.70,15.66,0.2101,-0.0465,0.1124,-0.0290,0.2216,-0.1893
47.8634,263.87,-1088.99,66.91,-42.31,61.39,15.11,0.1966,-0.0039,0.1126,-0.0252,0.2203,-0.1898
47.9048,263.60,-1089.24,67.08,-42.23,62.61,14.83,0.1856,0.0392,0.1026,-0.0216,0.2185,-0.1900
47.9466,263.32,-1089.41,67.15,-41.87,64.59,13.82,0.1745,0.0824,0.0846,-0.0192,0.2150,-0.1890
47.9882,262.93,-1089.55,67.24,-41.79,67.36,12.58,0.1644,0.1213,0.0588,-0.0179,0.2115,-0.1882
48.0304,262.57,-1089.66,67.28,-42.01,70.91,11.10,0.1539,0.1568,0.0274,-0.0178,0.2082,-0.1870
48.0720,262.11,-1089.66,67.39,-41.73,75.28,8.83,0.1431,0.1839,-0.0115,-0.0179,0.2037,-0.1870
48.1139,261.69,-1089.56,67.44,-41.06,80.31,6.27,0.1323,0.2018,-0.0531,-0.0199,0.1984,-0.1870
48.1554,261.18,-1089.55,67.57,-40.64,85.26,3.13,0.1219,0.2105,-0.0938,-0.0220,0.1936,-0.1883
48.1977,260.69,-1089.41,67.65,-39.39,90.84,0.39,0.1134,0.2119,-0.1292,-0.0264,0.1876,-0.1896
48.2391,260.09,-1089.37,67.83,-37.85,96.53,-3.66,0.1064,0.2109,-0.1537,-0.0316,0.1836,-0.1919
48.2810,259.57,-1089.39,68.00,-36.22,102.55,-7.03,0.1004,0.2103,-0.1721,-0.0395,0.1811,-0.1934
48.3227,259.03,-1089.56,68.27,-34.59,108.95,-11.36,0.0975,0.2108,-0.1794,-0.0500,0.1775,-0.1945
48.3640,258.69,-1089.70,68.59,-32.58,115.28,-14.77,0.0927,0.2133,-0.1853,-0.0658,0.1692,-0.1941
48.4058,258.43,-1089.97,68.99,-30.46,121.98,-19.11,0.0876,0.2169,-0.1867,-0.0871,0.1536,-0.1924
48.4475,258.46,-1090.14,69.43,-27.92,128.26,-22.46,0.0812,0.2216,-0.1893,-0.1168,0.1280,-0.1894
48.4893,258.62,-1090.36,69.89,-25.19,134.21,-26.30,0.0759,0.2270,-0.1924,-0.1549,0.0924,-0.1864
48.5313,258.97,-1090.37,70.31,-22.54,138.70,-28.29,0.0692,0.2311,-0.1965,-0.1942,0.0452,-0.1822
48.5726,259.38,-1090.39,70.69,-19.87,142.61,-29.25,0.0622,0.2345,-0.1993,-0.2306,-0.0102,-0.1731
48.6141,259.77,-1090.31,70.96,-17.20,145.97,-31.30,0.0548,0.2382,-0.2014,-0.2588,-0.0683,-0.1557
48.6560,260.14,-1090.15,71.19,-15.03,148.55,-32.84,0.0473,0.2414,-0.2034,-0.2738,-0.1237,-0.1274
48.6977,260.50,-1090.07,71.27,-13.32,150.81,-35.30,0.0418,0.2436,-0.2034,-0.2722,-0.1687,-0.0852
48.7397,260.84,-1089.87,71.34,-12.08,152.56,-36.42,0.0380,0.2450,-0.2027,-0.2580,-0.1963,-0.0369
48.7814,261.10,-1089.72,71.30,-11.23,153.47,-37.40,0.0358,0.2465,-0.1999,-0.2428,-0.2018,0.0087
48.8229,261.45,-1089.67,71.11,-11.33,154.33,-38.21,0.0340,0.2482,-0.1957,-0.2298,-0.1880,0.0515
48.8642,261.76,-1089.55,70.91,-11.47,154.80,-38.80,0.0336,0.2478,-0.1913,-0.2187,-0.1642,0.0885
48.9049,262.10,-1089.37,70.60,-11.80,154.15,-39.59,0.0344,0.2467,-0.1874,-0.2113,-0.1279,0.1187
48.9473,262.55,-1089.31,70.23,-13.18,153.26,-40.14,0.0365,0.2453,-0.1840,-0.2038,-0.0835,0.1372
48.9892,263.11,-1089.30,69.81,-15.21,151.79,-40.07,0.0388,0.2440,-0.1819,-0.1973,-0.0356,0.1431
49.0306,263.75,-1089.29,69.40,-17.96,149.29,-39.52,0.0416,0.2406,-0.1814,-0.1933,0.0119,0.1372
49.0723,264.44,-1089.16,69.04,-20.88,145.26,-38.27,0.0461,0.2338,-0.1809,-0.1896,0.0584,0.1176
49.1142,265.17,-1089.03,68.62,-23.91,140.42,-36.33,0.0519,0.2273,-0.1793,-0.1844,0.1043,0.0862
49.1559,265.94,-1088.78,68.07,-27.52,134.46,-33.89,0.0581,0.2197,-0.1755,-0.1734,0.1424,0.0479
49.1978,266.74,-1088.42,67.34,-31.26,127.84,-30.81,0.0655,0.2106,-0.1692,-0.1551,0.1704,0.0085
49.2395,267.53,-1088.08,66.50,-35.56,120.87,-27.49,0.0741,0.2012,-0.1620,-0.1319,0.1893,-0.0299
49.2810,268.32,-1087.73,65.51,-39.86,112.89,-23.48,0.0831,0.1929,-0.1529,-0.1120,0.2014,-0.0614
49.3235,269.09,-1087.53,64.63,-44.39,104.56,-17.68,0.0902,0.1863,-0.1460,-0.0953,0.2141,-0.0899
49.3654,269.76,-1087.38,63.83,-48.03,95.80,-11.42,0.0961,0.1811,-0.1391,-0.0787,0.2203,-0.1146
49.4078,270.37,-1087.11,63.25,-49.90,87.69,-4.59,0.0987,0.1755,-0.1352,-0.0652,0.2196,-0.1327
49.4506,270.89,-1086.96,62.84,-50.61,81.33,0.41,0.1002,0.1711,-0.1335,-0.0552,0.2189,-0.1426
49.4927,271.22,-1086.81,62.59,-50.59,77.73,3.74,0.1013,0.1671,-0.1345,-0.0475,0.2151,-0.1466
49.5353,271.40,-1086.68,62.49,-50.32,75.84,4.93,0.1020,0.1621,-0.1376,-0.0429,0.2116,-0.1466
49.5773,271.46,-1086.59,62.46,-49.58,74.67,6.06,0.1036,0.1546,-0.1423,-0.0416,0.2092,-0.1437
49.6191,271.45,-1086.56,62.50,-49.16,74.05,6.78,0.1074,0.1465,-0.1485,-0.0416,0.2084,-0.1412
49.6609,271.05,-1086.65,62.82,-48.63,73.27,7.99,0.1151,0.1371,-0.1581,-0.0416,0.2098,-0.1393
49.7026,270.53,-1086.73,63.13,-48.10,72.81,8.37,0.1248,0.1213,-0.1679,-0.0411,0.2121,-0.1378
49.7444,269.83,-1086.84,63.47,-47.64,72.21,9.20,0.1378,0.1006,-0.1772,-0.0395,0.2141,-0.1373
49.7864,268.99,-1086.97,63.74,-47.53,71.70,10.14,0.1542,0.0737,-0.1859,-0.0369,0.2165,-0.1377
49.8279,268.07,-1086.96,63.93,-47.41,70.59,11.10,0.1748,0.0396,-0.1905,-0.0339,0.2179,-0.1391
49.8697,267.15,-1086.92,64.09,-47.20,69.48,12.74,0.1972,0.0031,-0.1925,-0.0310,0.2183,-0.1423
49.9116,266.24,-1086.80,64.22,-46.77,68.30,14.18,0.2192,-0.0385,-0.1891,-0.0290,0.2177,-0.1465
49.9531,265.43,-1086.71,64.34,-46.44,66.75,16.24,0.2379,-0.0831,-0.1791,-0.0270,0.2179,-0.1516
49.9948,264.69,-1086.51,64.38,-45.91,66.01,17.57,0.2512,-0.1294,-0.1613,-0.0266,0.2172,-0.1559
50.0361,264.12,-1086.40,64.38,-45.47,65.40,18.61,0.2556,-0.1711,-0.1330,-0.0272,0.2173,-0.1601
50.0779,263.66,-1086.32,64.34,-45.48,65.51,19.09,0.2563,-0.2006,-0.0983,-0.0281,0.2178,-0.1637
50.1193,263.38,-1086.41,64.23,-45.35,65.33,19.11,0.2573,-0.2147,-0.0569,-0.0299,0.2199,-0.1666
50.1610,263.20,-1086.54,64.22,-45.99,64.43,19.47,0.2561,-0.2134,-0.0131,-0.0318,0.2213,-0.1696
50.2024,263.11,-1086.64,64.19,-45.84,63.64,19.49,0.2516,-0.1972,0.0292,-0.0327,0.2219,-0.1720
50.2444,263.00,-1086.94,64.25,-45.89,62.93,19.23,0.2473,-0.1677,0.0638,-0.0322,0.2235,-0.1744
50.2863,262.86,-1087.18,64.40,-45.89,62.53,19.10,0.2435,-0.1304,0.0901,-0.0313,0.2236,-0.1777
50.3283,262.72,-1087.49,64.57,-45.51,63.41,18.03,0.2388,-0.0876,0.1079,-0.0300,0.2233,-0.1807
50.3696,262.55,-1087.89,64.72,-45.45,64.05,17.12,0.2311,-0.0376,0.1154,-0.0279,0.2219,-0.1823
50.4116,262.36,-1088.34,64.92,-45.61,65.02,16.16,0.2202,0.0167,0.1089,-0.0247,0.2198,-0.1834
50.4535,262.15,-1088.76,65.10,-45.70,66.09,15.50,0.2034,0.0666,0.0893,-0.0227,0.2175,-0.1833
50.4956,261.91,-1089.04,65.23,-45.38,68.30,14.53,0.1858,0.1097,0.0619,-0.0210,0.2139,-0.1830
50.5370,261.63,-1089.34,65.43,-45.59,70.63,13.33,0.1692,0.1489,0.0274,-0.0203,0.2100,-0.1829
50.5781,261.30,-1089.41,65.57,-44.99,74.46,11.38,0.1542,0.1774,-0.0089,-0.0200,0.2050,-0.1827
50.6192,260.91,-1089.51,65.80,-44.45,78.34,8.92,0.1397,0.1959,-0.0478,-0.0207,0.2008,-0.1829
50.6609,260.47,-1089.55,65.98,-43.43,83.21,5.99,0.1265,0.2035,-0.0872,-0.0210,0.1963,-0.1832
50.7026,259.97,-1089.49,66.33,-42.27,87.02,2.60,0.1151,0.2026,-0.1210,-0.0221,0.1915,-0.1848
50.7445,259.34,-1089.43,66.74,-40.12,92.63,-0.21,0.1078,0.2021,-0.1416,-0.0243,0.1895,-0.1863
50.7862,258.84,-1089.56,67.20,-38.68,97.94,-4.15,0.1011,0.2039,-0.1540,-0.0281,0.1883,-0.1888
50.8275,258.44,-1089.69,67.63,-37.01,103.40,-7.99,0.0994,0.2070,-0.1601,-0.0352,0.1858,-0.1910
50.8692,258.20,-1089.88,68.14,-35.43,108.75,-11.99,0.0986,0.2103,-0.1653,-0.0459,0.1814,-0.1940
50.9110,258.10,-1090.15,68.57,-33.74,114.71,-16.15,0.0951,0.2138,-0.1696,-0.0614,0.1720,-0.1956
50.9531,258.14,-1090.43,69.01,-32.20,121.08,-20.91,0.0899,0.2190,-0.1733,-0.0815,0.1557,-0.1961
50.9945,258.41,-1090.78,69.39,-30.54,127.72,-25.57,0.0836,0.2252,-0.1765,-0.1045,0.1341,-0.1970
51.0359,258.83,-1091.11,69.69,-28.84,134.68,-30.19,0.0775,0.2305,-0.1788,-0.1321,0.1026,-0.1975
51.0777,259.27,-1091.22,70.07,-25.81,141.10,-34.92,0.0711,0.2356,-0.1819,-0.1612,0.0628,-0.1949
51.1197,259.80,-1091.24,70.29,-22.41,146.71,-37.90,0.0642,0.2406,-0.1830,-0.1907,0.0173,-0.1860
51.1618,260.39,-1091.26,70.39,-19.03,151.98,-39.86,0.0572,0.2482,-0.1822,-0.2197,-0.0295,-0.1699
51.2038,261.02,-1091.17,70.36,-16.18,156.63,-41.57,0.0484,0.2540,-0.1810,-0.2457,-0.0750,-0.1472
51.2461,261.55,-1090.81,70.31,-13.07,159.40,-43.13,0.0398,0.2562,-0.1818,-0.2613,-0.1173,-0.1133
51.2878,261.95,-1090.37,70.13,-10.73,161.15,-44.70,0.0343,0.2554,-0.1834,-0.2642,-0.1491,-0.0676
51.3297,262.15,-1089.92,69.80,-9.23,162.16,-46.65,0.0310,0.2541,-0.1852,-0.2585,-0.1662,-0.0160
51.3719,262.24,-1089.56,69.30,-9.25,163.51,-47.78,0.0298,0.2531,-0.1858,-0.2483,-0.1657,0.0340
51.4136,262.21,-1089.21,68.68,-10.33,164.26,-48.90,0.0310,0.2513,-0.1857,-0.2357,-0.1534,0.0773
51.4553,262.18,-1088.78,68.02,-12.47,164.21,-49.45,0.0329,0.2476,-0.1857,-0.2253,-0.1338,0.1109
51.4970,262.13,-1088.38,67.35,-14.80,163.33,-49.89,0.0372,0.2442,-0.1856,-0.2201,-0.1068,0.1355
51.5390,262.18,-1088.03,66.70,-17.69,161.52,-49.51,0.0418,0.2417,-0.1853,-0.2170,-0.0716,0.1506
51.5809,262.21,-1087.72,66.17,-20.61,159.27,-49.55,0.0475,0.2387,-0.1848,-0.2123,-0.0294,0.1563
51.6230,262.29,-1087.39,65.69,-23.86,155.93,-48.34,0.0540,0.2350,-0.1825,-0.2050,0.0181,0.1548
51.6648,262.39,-1087.09,65.17,-26.86,152.23,-46.77,0.0610,0.2313,-0.1779,-0.1921,0.0640,0.1457
51.7067,262.66,-1086.87,64.62,-30.56,148.20,-44.72,0.0668,0.2275,-0.1726,-0.1736,0.1090,0.1236
51.7485,263.02,-1086.57,64.12,-33.73,143.16,-42.52,0.0732,0.2221,-0.1663,-0.1524,0.1442,0.0921
51.7911,263.64,-1086.33,63.63,-37.12,137.20,-38.55,0.0776,0.2148,-0.1607,-0.1332,0.1729,0.0531
51.8327,264.37,-1086.15,63.18,-40.10,130.87,-34.70,0.0829,0.2049,-0.1559,-0.1165,0.1914,0.0088
51.8747,265.35,-1086.01,62.88,-42.42,123.49,-30.18,0.0883,0.1947,-0.1525,-0.1038,0.2040,-0.0338
51.9154,266.32,-1086.05,62.82,-44.21,116.55,-26.10,0.0929,0.1851,-0.1528,-0.0891,0.2105,-0.0744
51.9571,267.27,-1086.07,62.96,-44.67,109.11,-22.02,0.0957,0.1750,-0.1550,-0.0748,0.2112,-0.1112
51.9982,268.17,-1086.21,63.14,-44.67,101.68,-17.31,0.0977,0.1665,-0.1568,-0.0681,0.2104,-0.1375
52.0398,268.94,-1086.49,63.37,-44.75,94.92,-12.76,0.0976,0.1607,-0.1595,-0.0640,0.2099,-0.1544
52.0817,269.57,-1086.84,63.69,-45.13,88.61,-9.02,0.0968,0.1552,-0.1620,-0.0606,0.2105,-0.1653
52.1234,270.07,-1087.27,64.07,-45.15,82.20,-5.34,0.0957,0.1499,-0.1682,-0.0587,0.2136,-0.1709
52.1646,270.30,-1087.71,64.51,-45.27,76.54,-2.01,0.0975,0.1406,-0.1793,-0.0560,0.2168,-0.1755
52.2072,270.27,-1087.99,64.97,-44.65,71.87,0.81,0.1047,0.1244,-0.1925,-0.0551,0.2189,-0.1774
52.2489,269.92,-1088.30,65.39,-44.71,67.99,3.98,0.1165,0.1002,-0.2038,-0.0518,0.2209,-0.1791
52.2906,269.37,-1088.34,65.76,-44.72,65.33,6.44,0.1330,0.0664,-0.2113,-0.0502,0.2207,-0.1797
52.3323,268.75,-1088.21,66.05,-44.32,63.72,8.26,0.1536,0.0273,-0.2136,-0.0498,0.2208,-0.1809
52.3744,268.15,-1087.97,66.27,-43.81,62.56,9.27,0.1798,-0.0195,-0.2076,-0.0521,0.2200,-0.1825
52.4158,267.75,-1087.74,66.50,-43.05,61.07,10.74,0.2056,-0.0653,-0.1949,-0.0568,0.2206,-0.1851
52.4579,267.50,-1087.48,66.76,-42.06,59.56,12.18,0.2266,-0.1093,-0.1750,-0.0619,0.2213,-0.1896
52.4994,267.29,-1087.41,66.99,-41.09,58.12,12.82,0.2417,-0.1469,-0.1475,-0.0686,0.2235,-0.1940
52.5413,267.09,-1087.42,67.21,-40.91,57.11,13.62,0.2493,-0.1745,-0.1117,-0.0746,0.2269,-0.1974
52.5831,266.91,-1087.54,67.32,-40.66,55.82,13.76,0.2502,-0.1868,-0.0711,-0.0798,0.2300,-0.1984
52.6244,266.70,-1087.77,67.45,-40.90,55.05,14.63,0.2513,-0.1839,-0.0296,-0.0814,0.2330,-0.1990
52.6664,266.45,-1087.97,67.54,-41.18,53.99,14.83,0.2481,-0.1696,0.0116,-0.0811,0.2342,-0.1975
52.7086,266.20,-1088.16,67.64,-41.15,54.31,15.43,0.2425,-0.1436,0.0469,-0.0786,0.2351,-0.1956
52.7501,265.83,-1088.44,67.68,-41.37,54.41,15.21,0.2334,-0.1088,0.0749,-0.0751,0.2362,-0.1928
52.7918,265.51,-1088.70,67.80,-41.50,55.44,15.14,0.2225,-0.0663,0.0909,-0.0699,0.2357,-0.1904
52.8333,265.12,-1088.97,67.87,-41.51,56.35,14.76,0.2093,-0.0191,0.0911,-0.0629,0.2329,-0.1884
52.8752,264.69,-1089.33,67.95,-41.54,58.23,14.33,0.1991,0.0280,0.0803,-0.0558,0.2296,-0.1872
52.9172,264.30,-1089.62,67.96,-41.69,60.12,13.72,0.1880,0.0761,0.0613,-0.0498,0.2260,-0.1861
52.9591,263.86,-1089.78,68.03,-41.68,63.33,12.68,0.1743,0.1224,0.0341,-0.0448,0.2211,-0.1853
53.0010,263.44,-1089.93,68.01,-41.87,66.80,11.65,0.1567,0.1613,0.0048,-0.0406,0.2163,-0.1842
53.0439,262.94,-1089.81,67.97,-41.38,71.59,9.65,0.1378,0.1906,-0.0273,-0.0371,0.2096,-0.1833
53.0833,262.37,-1089.69,67.96,-41.17,76.70,7.33,0.1196,0.2083,-0.0642,-0.0356,0.2035,-0.1829
53.1255,261.76,-1089.35,67.97,-39.90,82.50,4.21,0.1038,0.2139,-0.1030,-0.0357,0.1967,-0.1846
53.1675,261.11,-1089.04,67.95,-38.61,88.23,1.02,0.0932,0.2094,-0.1345,-0.0399,0.1907,-0.1857
53.2101,260.41,-1088.76,67.87,-37.40,94.18,-2.72,0.0875,0.2045,-0.1561,-0.0457,0.1860,-0.1872
53.2509,259.67,-1088.65,67.85,-36.57,100.26,-6.72,0.0862,0.2015,-0.1677,-0.0538,0.1813,-0.1885
53.2921,258.96,-1088.63,67.84,-35.50,106.94,-10.90,0.0856,0.2018,-0.1751,-0.0643,0.1739,-0.1897
53.3342,258.32,-1088.81,67.95,-34.23,114.37,-15.98,0.0864,0.2042,-0.1797,-0.0787,0.1611,-0.1915
53.3758,257.83,-1089.08,68.10,-32.96,120.94,-19.66,0.0862,0.2079,-0.1827,-0.0989,0.1397,-0.1939
53.4179,257.40,-1089.45,68.28,-31.99,127.79,-21.76,0.0842,0.2115,-0.1835,-0.1236,0.1092,-0.1968
53.4596,257.20,-1089.84,68.52,-30.58,134.67,-23.44,0.0807,0.2164,-0.1841,-0.1506,0.0691,-0.1992
53.5011,257.16,-1090.23,68.76,-28.55,141.29,-26.06,0.0783,0.2225,-0.1841,-0.1780,0.0237,-0.1960
53.5431,257.33,-1090.55,68.95,-26.35,147.31,-28.80,0.0752,0.2283,-0.1845,-0.2045,-0.0227,-0.1857
53.5851,257.60,-1090.69,69.05,-24.35,152.19,-31.42,0.0722,0.2336,-0.1840,-0.2254,-0.0694,-0.1670
53.6272,257.92,-1090.68,69.08,-22.05,156.13,-34.04,0.0678,0.2369,-0.1839,-0.2385,-0.1152,-0.1405
53.6689,258.22,-1090.40,69.03,-19.25,158.89,-34.64,0.0636,0.2370,-0.1831,-0.2451,-0.1584,-0.1076
53.7110,258.51,-1090.21,68.81,-17.34,160.79,-36.50,0.0593,0.2364,-0.1806,-0.2435,-0.1939,-0.0664
53.7530,258.93,-1089.95,68.43,-17.32,161.98,-38.86,0.0540,0.2353,-0.1785,-0.2400,-0.2148,-0.0205
53.7952,259.29,-1089.62,68.04,-17.69,162.11,-40.24,0.0509,0.2336,-0.1774,-0.2323,-0.2197,0.0308
53.8372,259.73,-1089.28,67.52,-18.61,161.43,-41.16,0.0476,0.2322,-0.1757,-0.2231,-0.2124,0.0805
53.8788,260.23,-1089.02,67.10,-19.98,160.69,-41.88,0.0435,0.2309,-0.1757,-0.2146,-0.1929,0.1210
53.9207,260.78,-1088.57,66.92,-20.57,158.79,-41.12,0.0394,0.2259,-0.1764,-0.2101,-0.1653,0.1495
53.9618,261.38,-1088.24,66.74,-20.85,155.81,-40.79,0.0350,0.2208,-0.1767,-0.2085,-0.1270,0.1653
54.0041,262.22,-1088.13,66.42,-22.65,153.20,-40.11,0.0321,0.2163,-0.1748,-0.2095,-0.0820,0.1721
54.0460,263.07,-1087.96,66.10,-24.80,150.01,-39.49,0.0290,0.2131,-0.1729,-0.2090,-0.0321,0.1675
54.0880,263.95,-1087.84,65.78,-26.76,146.37,-38.75,0.0295,0.2074,-0.1709,-0.2034,0.0182,0.1463
54.1289,264.88,-1087.78,65.41,-29.34,142.30,-37.87,0.0314,0.2041,-0.1678,-0.1947,0.0654,0.1164
54.1701,265.78,-1087.70,65.15,-31.43,137.69,-37.07,0.0333,0.2010,-0.1662,-0.1833,0.1090,0.0757
54.2118,266.67,-1087.57,64.97,-33.07,131.97,-34.24,0.0365,0.1939,-0.1653,-0.1693,0.1438,0.0266
54.2534,267.48,-1087.46,64.81,-35.09,125.76,-31.82,0.0421,0.1862,-0.1638,-0.1561,0.1684,-0.0229
54.2952,268.26,-1087.46,64.63,-36.80,119.24,-28.07,0.0475,0.1799,-0.1626,-0.1437,0.1860,-0.0671
54.3373,268.89,-1087.49,64.48,-39.04,113.52,-24.86,0.0532,0.1747,-0.1610,-0.1281,0.1978,-0.1048
54.3781,269.44,-1087.53,64.38,-40.78,107.77,-20.63,0.0583,0.1729,-0.1613,-0.1159,0.2036,-0.1311
54.4200,269.79,-1087.62,64.30,-42.28,102.86,-16.78,0.0643,0.1711,-0.1621,-0.1019,0.2056,-0.1493
54.4620,269.95,-1087.70,64.24,-43.58,99.18,-12.90,0.0708,0.1685,-0.1654,-0.0897,0.2016,-0.1586
54.5041,270.02,-1087.72,64.16,-44.70,95.56,-9.84,0.0784,0.1625,-0.1694,-0.0800,0.2002,-0.1614
54.5457,269.95,-1087.80,64.10,-46.10,91.20,-5.50,0.0872,0.1541,-0.1760,-0.0708,0.2007,-0.1624
54.5877,269.69,-1087.76,64.07,-47.31,87.36,-1.70,0.0982,0.1387,-0.1862,-0.0661,0.2008,-0.1627
54.6294,269.28,-1087.65,64.03,-47.96,83.09,2.35,0.1133,0.1159,-0.1978,-0.0636,0.2042,-0.1642
54.6723,268.62,-1087.40,64.04,-48.04,79.98,5.39,0.1324,0.0850,-0.2131,-0.0598,0.2064,-0.1670
54.7152,267.95,-1087.03,63.99,-47.76,77.60,8.39,0.1555,0.0451,-0.2245,-0.0558,0.2073,-0.1699
54.7575,267.18,-1086.65,63.95,-47.68,75.18,10.44,0.1800,-0.0007,-0.2330,-0.0516,0.2079,-0.1733
54.7992,266.45,-1086.24,63.92,-47.53,73.16,12.65,0.2068,-0.0526,-0.2338,-0.0489,0.2082,-0.1765
54.8412,265.70,-1085.80,63.94,-47.28,71.96,13.55,0.2329,-0.1055,-0.2242,-0.0459,0.2083,-0.1805
54.8832,265.07,-1085.33,63.97,-46.33,70.90,14.66,0.2542,-0.1565,-0.2043,-0.0452,0.2076,-0.1840
54.9246,264.52,-1085.03,63.99,-45.84,69.91,15.95,0.2686,-0.1973,-0.1731,-0.0446,0.2084,-0.1871
54.9660,264.07,-1084.90,63.96,-45.65,68.65,17.79,0.2730,-0.2223,-0.1319,-0.0430,0.2089,-0.1884
55.0076,263.70,-1084.85,64.01,-45.90,67.24,18.91,0.2791,-0.2331,-0.0842,-0.0435,0.2108,-0.1910
55.0491,263.42,-1084.84,64.03,-45.29,65.65,19.59,0.2829,-0.2270,-0.0314,-0.0427,0.2115,-0.1910
55.0906,263.20,-1084.99,64.18,-44.50,63.59,21.19,0.2825,-0.2085,0.0177,-0.0396,0.2129,-0.1916
55.1322,262.91,-1085.19,64.32,-43.56,62.30,21.77,0.2780,-0.1789,0.0624,-0.0361,0.2134,-0.1912
55.1737,262.59,-1085.58,64.51,-43.17,61.73,22.02,0.2710,-0.1370,0.1002,-0.0320,0.2150,-0.1916
55.2150,262.25,-1085.96,64.71,-42.96,62.53,21.28,0.2575,-0.0884,0.1267,-0.0276,0.2144,-0.1913
55.2565,261.90,-1086.42,64.94,-42.73,64.17,19.95,0.2404,-0.0355,0.1378,-0.0224,0.2123,-0.1911
55.2981,261.59,-1086.93,65.14,-42.57,65.86,18.52,0.2215,0.0167,0.1349,-0.0186,0.2100,-0.1903
55.3398,261.27,-1087.48,65.35,-42.79,67.44,17.64,0.2022,0.0660,0.1226,-0.0162,0.2079,-0.1895
55.3813,260.96,-1087.88,65.53,-42.66,69.73,16.34,0.1817,0.1091,0.0966,-0.0156,0.2045,-0.1881
55.4230,260.61,-1088.20,65.75,-42.75,72.92,14.77,0.1618,0.1439,0.0613,-0.0160,0.2012,-0.1865
55.4648,260.22,-1088.43,65.90,-42.48,76.92,11.89,0.1442,0.1729,0.0207,-0.0171,0.1980,-0.1852
55.5058,259.86,-1088.63,66.09,-42.13,81.61,9.02,0.1284,0.1946,-0.0234,-0.0197,0.1950,-0.1841
55.5479,259.42,-1088.82,66.32,-42.03,86.75,5.20,0.1157,0.2102,-0.0708,-0.0214,0.1921,-0.1843
55.5898,259.03,-1088.94,66.57,-41.25,92.22,1.38,0.1051,0.2138,-0.1153,-0.0262,0.1890,-0.1843
55.6319,258.58,-1088.84,66.79,-39.93,97.45,-2.89,0.0991,0.2104,-0.1414,-0.0320,0.1845,-0.1846
55.6737,258.16,-1088.83,66.92,-38.51,102.77,-6.31,0.0940,0.2084,-0.1548,-0.0411,0.1807,-0.1844
55.7153,257.84,-1088.85,67.05,-37.55,107.83,-9.93,0.0911,0.2086,-0.1628,-0.0517,0.1769,-0.1858
55.7569,257.59,-1089.05,67.20,-36.71,113.42,-13.67,0.0936,0.2138,-0.1691,-0.0632,0.1708,-0.1887
55.7986,257.52,-1089.21,67.48,-35.49,118.86,-17.82,0.0936,0.2172,-0.1739,-0.0798,0.1580,-0.1913
55.8404,257.60,-1089.38,67.88,-33.55,124.52,-21.58,0.0907,0.2205,-0.1777,-0.0983,0.1388,-0.1929
55.8820,257.85,-1089.65,68.39,-31.11,130.27,-25.66,0.0861,0.2268,-0.1811,-0.1207,0.1112,-0.1933
55.9237,258.30,-1089.84,68.97,-28.05,135.62,-29.19,0.0801,0.2316,-0.1852,-0.1493,0.0774,-0.1918
55.9654,258.88,-1090.00,69.58,-24.76,140.36,-32.88,0.0733,0.2360,-0.1900,-0.1796,0.0378,-0.1869
56.0073,259.52,-1090.14,70.07,-21.57,144.76,-35.80,0.0663,0.2414,-0.1952,-0.2087,-0.0072,-0.1766
56.0493,260.15,-1090.20,70.48,-18.47,148.71,-38.29,0.0603,0.2470,-0.1987,-0.2335,-0.0547,-0.1604
56.0908,260.70,-1090.19,70.72,-15.73,152.08,-40.33,0.0552,0.2515,-0.2016,-0.2508,-0.1038,-0.1361
56.1324,261.15,-1090.11,70.79,-13.08,155.41,-42.84,0.0513,0.2547,-0.2028,-0.2604,-0.1480,-0.1033
56.1741,261.51,-1089.96,70.73,-10.66,158.32,-45.27,0.0485,0.2573,-0.2039,-0.2626,-0.1856,-0.0612
56.2165,261.79,-1089.77,70.55,-8.65,160.28,-47.54,0.0479,0.2594,-0.2031,-0.2580,-0.2096,-0.0118
56.2588,262.01,-1089.62,70.27,-7.53,162.10,-49.57,0.0492,0.2621,-0.2018,-0.2475,-0.2187,0.0407
56.3005,262.24,-1089.41,69.90,-7.36,162.99,-50.67,0.0495,0.2634,-0.2007,-0.2352,-0.2117,0.0859
56.3423,262.50,-1089.24,69.49,-7.75,163.25,-51.61,0.0491,0.2623,-0.2007,-0.2256,-0.1918,0.1232
56.3841,262.84,-1089.06,69.02,-9.03,162.49,-51.99,0.0486,0.2605,-0.2013,-0.2174,-0.1596,0.1499
56.4262,263.15,-1088.82,68.62,-10.75,160.41,-52.40,0.0484,0.2559,-0.2028,-0.2091,-0.1167,0.1647
56.4682,263.53,-1088.69,68.15,-13.15,157.88,-52.30,0.0477,0.2501,-0.2031,-0.2008,-0.0665,0.1680
56.5101,263.90,-1088.58,67.73,-16.26,154.53,-53.00,0.0476,0.2458,-0.2056,-0.1916,-0.0146,0.1633
56.5519,264.34,-1088.62,67.14,-19.96,151.59,-51.37,0.0503,0.2409,-0.2067,-0.1798,0.0431,0.1465
56.5936,264.76,-1088.53,66.53,-24.52,147.46,-50.27,0.0546,0.2327,-0.2052,-0.1653,0.0912,0.1141
56.6349,265.16,-1088.36,65.95,-29.33,141.58,-46.91,0.0595,0.2232,-0.2019,-0.1512,0.1344,0.0774
56.6767,265.66,-1088.14,65.23,-34.26,134.52,-42.61,0.0668,0.2132,-0.1956,-0.1350,0.1700,0.0341
56.7184,266.17,-1087.82,64.57,-39.04,125.98,-36.67,0.0757,0.2023,-0.1893,-0.1168,0.1927,-0.0117
56.7600,266.88,-1087.60,63.98,-42.71,116.80,-30.38,0.0841,0.1908,-0.1842,-0.1024,0.2070,-0.0548
56.8020,267.76,-1087.32,63.42,-44.60,106.71,-22.07,0.0926,0.1808,-0.1803,-0.0920,0.2108,-0.0909
56.8433,268.64,-1087.29,63.05,-46.74,97.65,-15.13,0.0976,0.1744,-0.1785,-0.0855,0.2119,-0.1196
56.8853,269.41,-1087.34,62.64,-47.66,89.86,-8.89,0.0990,0.1689,-0.1755,-0.0825,0.2109,-0.1362
56.9272,270.02,-1087.43,62.33,-48.73,84.51,-4.55,0.0985,0.1657,-0.1713,-0.0783,0.2076,-0.1435
56.9696,270.39,-1087.67,62.08,-49.58,80.48,-1.31,0.0968,0.1637,-0.1676,-0.0751,0.2086,-0.1449
57.0125,270.51,-1087.97,61.89,-50.96,77.71,1.19,0.0965,0.1599,-0.1642,-0.0714,0.2098,-0.1445
57.0544,270.44,-1088.25,61.74,-51.84,75.08,3.31,0.0986,0.1529,-0.1631,-0.0689,0.2117,-0.1420
57.0966,270.15,-1088.57,61.70,-52.97,72.67,6.29,0.1070,0.1425,-0.1639,-0.0654,0.2150,-0.1408
57.1388,269.70,-1088.77,61.82,-53.51,70.40,8.80,0.1200,0.1264,-0.1677,-0.0611,0.2167,-0.1412
57.1813,269.11,-1088.80,62.04,-52.91,68.82,11.33,0.1364,0.1022,-0.1728,-0.0569,0.2163,-0.1431
57.2231,268.40,-1088.83,62.32,-52.18,67.63,12.93,0.1555,0.0725,-0.1768,-0.0523,0.2159,-0.1469
57.2653,267.69,-1088.83,62.62,-51.49,66.37,15.02,0.1784,0.0345,-0.1806,-0.0494,0.2155,-0.1521
57.3344,267.40,-1088.86,62.73,-51.40,66.28,15.13,0.2106,-0.0236,-0.1831,-0.0496,0.2154,-0.1577
57.3762,265.93,-1089.05,63.47,-50.91,64.15,16.23,0.2419,-0.0608,-0.1847,-0.0421,0.2158,-0.1662
57.4185,265.45,-1089.03,63.80,-50.20,63.71,15.80,0.2613,-0.1003,-0.1749,-0.0428,0.2158,-0.1713
57.4602,265.10,-1088.98,64.10,-49.34,63.54,15.60,0.2766,-0.1361,-0.1568,-0.0447,0.2170,-0.1754
57.5023,264.85,-1089.00,64.32,-48.57,63.50,15.46,0.2854,-0.1657,-0.1286,-0.0469,0.2181,-0.1784
57.5440,264.70,-1089.07,64.55,-48.27,62.72,15.80,0.2877,-0.1838,-0.0930,-0.0503,0.2195,-0.1809
57.5857,264.65,-1089.13,64.78,-47.69,62.39,15.73,0.2849,-0.1902,-0.0535,-0.0534,0.2210,-0.1834
57.6272,264.62,-1089.27,65.05,-47.02,61.94,15.43,0.2785,-0.1845,-0.0106,-0.0551,0.2217,-0.1854
57.6692,264.54,-1089.55,65.31,-46.57,61.31,15.29,0.2662,-0.1680,0.0275,-0.0575,0.2241,-0.1874
57.7109,264.45,-1089.84,65.56,-46.04,61.11,15.11,0.2488,-0.1419,0.0601,-0.0565,0.2259,-0.1887
57.7530,264.34,-1090.09,65.83,-45.24,61.45,14.93,0.2310,-0.1084,0.0845,-0.0543,0.2262,-0.1894
57.7938,264.18,-1090.42,66.05,-44.48,61.87,14.40,0.2134,-0.0705,0.1009,-0.0509,0.2265,-0.1891
57.8355,263.96,-1090.77,66.30,-44.21,62.82,13.87,0.1989,-0.0293,0.1079,-0.0456,0.2255,-0.1884
57.8766,263.72,-1091.12,66.49,-43.40,64.27,13.27,0.1868,0.0152,0.1053,-0.0397,0.2229,-0.1877
57.9180,263.43,-1091.49,66.63,-43.32,65.60,12.93,0.1748,0.0609,0.0938,-0.0344,0.2196,-0.1873
57.9586,263.13,-1091.74,66.75,-43.27,67.41,12.70,0.1623,0.1034,0.0736,-0.0307,0.2158,-0.1869
57.9993,262.79,-1091.89,66.78,-43.18,69.94,12.06,0.1482,0.1422,0.0459,-0.0278,0.2118,-0.1865
58.0410,262.42,-1091.98,66.80,-43.01,73.23,10.89,0.1352,0.1738,0.0087,-0.0256,0.2076,-0.1871
58.0818,261.97,-1091.89,66.86,-42.76,77.44,8.80,0.1231,0.1970,-0.0328,-0.0250,0.2027,-0.1895
58.1234,261.54,-1091.75,66.89,-41.95,82.47,6.35,0.1140,0.2115,-0.0781,-0.0255,0.1972,-0.1933
58.1652,261.02,-1091.60,66.99,-41.16,88.02,2.78,0.1084,0.2155,-0.1201,-0.0287,0.1914,-0.1972
58.2070,260.48,-1091.34,67.07,-39.82,93.95,-0.48,0.1036,0.2110,-0.1446,-0.0330,0.1869,-0.2004
58.2487,259.88,-1091.25,67.23,-38.64,99.84,-4.21,0.0983,0.2092,-0.1604,-0.0389,0.1841,-0.2026
58.2907,259.35,-1091.21,67.40,-37.24,105.52,-7.31,0.0969,0.2092,-0.1696,-0.0461,0.1822,-0.2040
58.3322,258.85,-1091.28,67.64,-36.01,112.11,-11.72,0.0967,0.2108,-0.1754,-0.0542,0.1769,-0.2054
58.3741,258.51,-1091.46,67.92,-34.39,119.35,-16.75,0.0944,0.2138,-0.1809,-0.0669,0.1641,-0.2062
58.4159,258.33,-1091.63,68.26,-32.27,127.04,-21.85,0.0910,0.2183,-0.1847,-0.0856,0.1435,-0.2065
58.4571,258.40,-1091.77,68.60,-29.71,133.74,-25.80,0.0852,0.2244,-0.1899,-0.1099,0.1133,-0.2058
58.4987,258.62,-1091.70,68.88,-27.32,138.62,-28.07,0.0781,0.2279,-0.1956,-0.1375,0.0723,-0.2040
58.5416,258.91,-1091.67,69.12,-25.18,142.86,-30.04,0.0710,0.2305,-0.2018,-0.1662,0.0274,-0.1992
58.5827,259.27,-1091.52,69.29,-23.17,146.71,-32.06,0.0641,0.2328,-0.2082,-0.1939,-0.0213,-0.1875
58.6243,259.62,-1091.24,69.38,-20.73,150.06,-34.20,0.0586,0.2346,-0.2130,-0.2187,-0.0708,-0.1695
58.6658,260.13,-1090.95,69.22,-19.10,152.98,-36.89,0.0528,0.2361,-0.2160,-0.2394,-0.1201,-0.1459
58.7075,260.73,-1090.56,68.97,-18.30,155.58,-39.45,0.0470,0.2365,-0.2166,-0.2549,-0.1711,-0.1128
58.7501,261.25,-1089.89,68.74,-17.68,155.79,-41.02,0.0413,0.2347,-0.2180,-0.2608,-0.2140,-0.0728
58.7923,261.69,-1089.30,68.36,-17.27,154.74,-41.83,0.0372,0.2335,-0.2174,-0.2601,-0.2418,-0.0242
58.8342,262.03,-1088.85,67.92,-17.10,154.41,-43.21,0.0356,0.2344,-0.2142,-0.2525,-0.2471,0.0263
58.8759,262.31,-1088.36,67.41,-17.66,153.33,-43.83,0.0352,0.2370,-0.2067,-0.2421,-0.2363,0.0771
58.9177,262.60,-1088.04,66.79,-19.39,152.52,-44.34,0.0337,0.2405,-0.1957,-0.2307,-0.2114,0.1224
58.9595,262.88,-1087.70,66.10,-21.63,151.66,-44.14,0.0325,0.2409,-0.1844,-0.2232,-0.1782,0.1596
59.0016,263.20,-1087.40,65.40,-24.32,150.09,-45.08,0.0340,0.2396,-0.1733,-0.2179,-0.1386,0.1891
59.0440,263.60,-1087.16,64.79,-26.90,148.57,-44.18,0.0350,0.2369,-0.1658,-0.2127,-0.0939,0.2074
59.0857,264.08,-1087.01,64.17,-29.15,146.71,-43.91,0.0378,0.2336,-0.1594,-0.2041,-0.0472,0.2154
59.1271,264.65,-1086.92,63.62,-31.85,144.71,-44.23,0.0393,0.2304,-0.1561,-0.1954,0.0009,0.2077
59.1691,265.37,-1086.84,63.17,-35.17,140.99,-42.65,0.0416,0.2255,-0.1521,-0.1864,0.0456,0.1823
59.2117,266.04,-1086.69,62.82,-38.46,135.78,-40.68,0.0448,0.2224,-0.1494,-0.1784,0.0867,0.1445
59.2536,266.71,-1086.65,62.56,-41.87,129.65,-36.53,0.0493,0.2197,-0.1470,-0.1712,0.1256,0.0996
59.2956,267.36,-1086.58,62.28,-44.78,123.01,-32.26,0.0536,0.2149,-0.1436,-0.1630,0.1575,0.0514
59.3377,267.88,-1086.55,62.09,-47.09,116.73,-27.97,0.0592,0.2108,-0.1405,-0.1505,0.1852,0.0054
59.3791,268.40,-1086.55,61.90,-49.26,109.84,-23.83,0.0636,0.2060,-0.1365,-0.1320,0.2004,-0.0400
59.4216,268.74,-1086.47,61.84,-50.50,103.72,-19.44,0.0670,0.1992,-0.1346,-0.1127,0.2029,-0.0786
59.4638,269.11,-1086.43,61.90,-50.97,97.34,-15.11,0.0698,0.1928,-0.1338,-0.0941,0.2011,-0.1100
59.5058,269.24,-1086.41,62.02,-50.88,92.77,-11.25,0.0744,0.1858,-0.1337,-0.0810,0.1971,-0.1285
59.5482,269.31,-1086.38,62.18,-50.53,89.18,-8.85,0.0805,0.1800,-0.1330,-0.0703,0.1960,-0.1388
59.5899,269.29,-1086.55,62.41,-50.11,86.18,-6.04,0.0848,0.1766,-0.1362,-0.0645,0.1979,-0.1430
59.6319,269.15,-1086.75,62.66,-49.99,83.89,-3.98,0.0899,0.1714,-0.1390,-0.0622,0.2004,-0.1450
59.6742,269.01,-1087.00,63.02,-49.88,81.49,-1.35,0.0942,0.1663,-0.1473,-0.0593,0.2027,-0.1460
59.7157,268.76,-1087.29,63.35,-49.62,79.64,0.78,0.1000,0.1569,-0.1612,-0.0543,0.2046,-0.1475
59.7576,268.55,-1087.61,63.69,-49.44,77.30,3.16,0.1083,0.1401,-0.1818,-0.0503,0.2080,-0.1494
59.7992,268.32,-1088.04,64.02,-49.56,74.77,5.78,0.1196,0.1143,-0.2038,-0.0451,0.2119,-0.1534
59.8409,268.17,-1088.38,64.33,-49.98,71.60,8.49,0.1337,0.0795,-0.2271,-0.0422,0.2143,-0.1576
59.8828,268.10,-1088.55,64.66,-49.44,68.02,11.08,0.1536,0.0364,-0.2431,-0.0411,0.2165,-0.1617
59.9246,267.99,-1088.69,64.94,-48.86,64.98,12.92,0.1787,-0.0095,-0.2512,-0.0399,0.2188,-0.1660
59.9667,267.94,-1088.67,65.09,-48.42,62.61,14.09,0.2087,-0.0609,-0.2465,-0.0408,0.2211,-0.1687
60.0081,267.88,-1088.68,65.25,-48.09,60.72,14.60,0.2372,-0.1114,-0.2278,-0.0410,0.2249,-0.1718
60.0501,267.91,-1088.65,65.36,-47.98,59.09,15.43,0.2563,-0.1610,-0.1977,-0.0418,0.2282,-0.1745
60.0917,268.02,-1088.53,65.36,-47.42,58.04,15.57,0.2680,-0.2000,-0.1555,-0.0428,0.2306,-0.1764
60.1337,268.18,-1088.60,65.29,-47.74,56.64,15.99,0.2715,-0.2238,-0.1082,-0.0430,0.2335,-0.1771
60.1755,268.40,-1088.68,65.15,-48.28,55.09,16.67,0.2715,-0.2309,-0.0540,-0.0425,0.2355,-0.1763
60.2174,268.62,-1088.73,65.02,-48.26,54.01,16.66,0.2674,-0.2236,0.0032,-0.0418,0.2367,-0.1745
60.2585,268.77,-1088.91,64.90,-48.69,52.83,16.93,0.2552,-0.2047,0.0557,-0.0404,0.2378,-0.1723
60.3006,268.81,-1089.08,64.86,-49.11,51.55,17.32,0.2415,-0.1783,0.0999,-0.0389,0.2383,-0.1704
60.3425,268.76,-1089.25,64.89,-49.40,50.63,18.07,0.2291,-0.1455,0.1313,-0.0365,0.2383,-0.1694
60.3845,268.58,-1089.39,64.95,-49.39,50.54,18.28,0.2176,-0.1096,0.1469,-0.0336,0.2368,-0.1689
60.4261,268.28,-1089.56,65.01,-49.26,51.15,18.14,0.2102,-0.0695,0.1509,-0.0296,0.2343,-0.1687
60.4680,267.82,-1089.76,65.15,-49.57,52.11,17.56,0.2060,-0.0251,0.1434,-0.0254,0.2315,-0.1690
60.5097,267.32,-1089.94,65.25,-49.43,54.05,16.94,0.2007,0.0207,0.1247,-0.0222,0.2280,-0.1688
60.5517,266.73,-1090.06,65.35,-49.51,56.80,15.84,0.1936,0.0665,0.1000,-0.0197,0.2244,-0.1678
60.5934,266.13,-1090.15,65.45,-49.65,60.43,14.55,0.1824,0.1094,0.0684,-0.0175,0.2206,-0.1666
60.6353,265.51,-1090.18,65.53,-49.69,65.07,12.50,0.1658,0.1457,0.0329,-0.0170,0.2159,-0.1651
60.6771,264.89,-1090.15,65.64,-49.65,70.34,10.02,0.1466,0.1736,-0.0040,-0.0171,0.2124,-0.1648
60.7189,264.27,-1090.02,65.71,-49.38,76.46,7.07,0.1282,0.1930,-0.0401,-0.0189,0.2091,-0.1648
60.7606,263.59,-1089.83,65.76,-48.77,83.12,3.52,0.1134,0.2046,-0.0721,-0.0221,0.2064,-0.1660
60.8023,262.96,-1089.70,65.79,-48.54,90.42,-0.26,0.1014,0.2111,-0.1000,-0.0266,0.2050,-0.1679
60.8443,262.27,-1089.56,65.79,-47.56,97.59,-5.80,0.0942,0.2122,-0.1188,-0.0324,0.2024,-0.1699
60.8849,261.60,-1089.45,65.81,-46.81,104.91,-10.31,0.0915,0.2131,-0.1324,-0.0379,0.1988,-0.1741
60.9255,260.92,-1089.48,65.99,-45.43,112.05,-15.00,0.0931,0.2151,-0.1387,-0.0450,0.1941,-0.1791
60.9662,260.37,-1089.54,66.20,-43.18,119.36,-19.54,0.0953,0.2193,-0.1426,-0.0532,0.1864,-0.1848
61.0073,259.91,-1089.74,66.59,-40.27,126.85,-24.58,0.0974,0.2249,-0.1461,-0.0638,0.1738,-0.1911
61.0485,259.70,-1089.96,66.98,-36.71,133.98,-28.97,0.0965,0.2324,-0.1519,-0.0787,0.1536,-0.1970
61.0899,259.66,-1090.22,67.43,-32.87,140.61,-33.47,0.0936,0.2385,-0.1584,-0.0981,0.1252,-0.2006
61.1308,259.81,-1090.41,67.80,-28.81,146.43,-36.92,0.0872,0.2433,-0.1657,-0.1201,0.0873,-0.2004
61.1726,260.11,-1090.63,68.08,-25.16,151.96,-40.37,0.0786,0.2479,-0.1729,-0.1418,0.0405,-0.1979
61.2150,260.50,-1090.63,68.23,-21.95,156.40,-43.34,0.0688,0.2509,-0.1808,-0.1649,-0.0111,-0.1922
61.2578,260.94,-1090.57,68.21,-19.27,159.96,-46.08,0.0590,0.2528,-0.1867,-0.1852,-0.0636,-0.1806
61.2988,261.29,-1090.36,68.12,-17.20,162.79,-47.92,0.0499,0.2535,-0.1926,-0.2009,-0.1153,-0.1592
61.3397,261.47,-1089.95,68.04,-15.06,164.13,-49.61,0.0436,0.2512,-0.1974,-0.2123,-0.1597,-0.1292
61.3816,261.57,-1089.68,67.84,-13.68,164.94,-51.05,0.0386,0.2501,-0.2008,-0.2220,-0.1938,-0.0854
61.4236,261.55,-1089.53,67.71,-12.99,165.37,-52.27,0.0356,0.2503,-0.2036,-0.2310,-0.2126,-0.0321
61.4654,261.53,-1089.51,67.59,-12.68,166.03,-52.39,0.0339,0.2505,-0.2056,-0.2340,-0.2161,0.0258
61.5078,261.60,-1089.64,67.45,-13.22,167.31,-52.54,0.0334,0.2508,-0.2062,-0.2289,-0.2065,0.0790
61.5487,261.55,-1089.61,67.34,-13.57,166.82,-52.65,0.0338,0.2504,-0.2079,-0.2207,-0.1824,0.1205
61.5906,261.67,-1089.69,67.21,-14.88,165.62,-51.96,0.0337,0.2499,-0.2090,-0.2140,-0.1449,0.1507
61.6325,261.80,-1089.69,67.05,-16.93,163.52,-51.40,0.0357,0.2476,-0.2073,-0.2053,-0.0991,0.1704
61.6742,262.00,-1089.65,66.79,-19.70,160.17,-50.12,0.0373,0.2435,-0.2027,-0.1949,-0.0479,0.1754
61.7164,262.31,-1089.57,66.53,-23.34,155.45,-47.97,0.0395,0.2399,-0.1970,-0.1839,0.0027,0.1655
61.7582,262.66,-1089.37,66.39,-26.56,148.94,-45.16,0.0440,0.2345,-0.1914,-0.1734,0.0488,0.1403
61.7995,263.13,-1089.21,66.26,-29.62,141.68,-40.60,0.0489,0.2281,-0.1868,-0.1645,0.0907,0.1039
61.8411,263.67,-1089.08,66.07,-33.05,134.14,-35.76,0.0560,0.2211,-0.1821,-0.1578,0.1259,0.0611
61.8825,264.18,-1088.89,65.85,-36.28,126.27,-31.03,0.0648,0.2143,-0.1769,-0.1502,0.1527,0.0168
61.9241,264.76,-1088.73,65.66,-38.84,118.10,-25.15,0.0726,0.2073,-0.1710,-0.1402,0.1752,-0.0263
61.9656,265.24,-1088.58,65.38,-41.11,110.49,-19.74,0.0795,0.2016,-0.1638,-0.1267,0.1927,-0.0631
62.0069,265.75,-1088.55,65.17,-43.21,103.34,-14.15,0.0836,0.1985,-0.1565,-0.1127,0.2057,-0.0937
62.0490,266.12,-1088.37,64.98,-44.63,97.01,-9.96,0.0853,0.1939,-0.1495,-0.0985,0.2134,-0.1198
62.0908,266.54,-1088.41,64.82,-45.96,92.02,-5.13,0.0840,0.1920,-0.1443,-0.0868,0.2176,-0.1398
62.1329,266.83,-1088.24,64.71,-46.83,87.74,-2.78,0.0812,0.1873,-0.1401,-0.0780,0.2185,-0.1531
62.1748,267.22,-1088.23,64.61,-47.86,84.33,0.67,0.0777,0.1826,-0.1380,-0.0717,0.2181,-0.1586
62.2170,267.42,-1088.05,64.50,-48.26,81.93,1.97,0.0775,0.1754,-0.1374,-0.0661,0.2152,-0.1572
62.2597,267.57,-1088.07,64.39,-49.10,79.73,3.39,0.0802,0.1690,-0.1387,-0.0627,0.2156,-0.1543
62.3021,267.57,-1088.00,64.40,-49.69,78.13,4.17,0.0869,0.1603,-0.1435,-0.0606,0.2158,-0.1522
62.3445,267.53,-1087.95,64.36,-49.91,77.08,5.05,0.0968,0.1473,-0.1494,-0.0599,0.2168,-0.1505
62.3864,267.16,-1087.89,64.25,-50.31,75.80,5.94,0.1131,0.1265,-0.1549,-0.0581,0.2182,-0.1496
62.4283,266.75,-1087.89,64.18,-51.45,75.00,7.87,0.1357,0.1010,-0.1614,-0.0564,0.2198,-0.1507
62.4700,266.20,-1087.63,64.11,-51.73,75.36,8.63,0.1652,0.0688,-0.1679,-0.0551,0.2185,-0.1535
62.5114,265.57,-1087.42,64.00,-51.77,76.14,9.09,0.1969,0.0306,-0.1744,-0.0553,0.2186,-0.1568
62.5533,264.96,-1087.18,63.93,-52.19,77.46,9.13,0.2290,-0.0138,-0.1790,-0.0565,0.2192,-0.1606
62.5953,264.39,-1086.93,63.84,-52.19,78.52,9.18,0.2571,-0.0632,-0.1775,-0.0580,0.2196,-0.1640
62.6374,263.92,-1086.75,63.78,-52.51,79.25,9.64,0.2759,-0.1143,-0.1687,-0.0593,0.2200,-0.1675
62.6791,263.51,-1086.58,63.74,-52.79,79.56,9.89,0.2884,-0.1616,-0.1464,-0.0606,0.2193,-0.1697
62.7220,263.20,-1086.41,63.70,-52.72,79.94,10.11,0.2915,-0.1976,-0.1122,-0.0606,0.2187,-0.1712
62.7629,262.95,-1086.37,63.67,-52.81,79.81,9.90,0.2927,-0.2177,-0.0685,-0.0594,0.2186,-0.1719
62.8048,262.80,-1086.44,63.70,-53.09,79.17,9.88,0.2894,-0.2209,-0.0186,-0.0568,0.2178,-0.1726
62.8470,262.70,-1086.59,63.82,-53.12,77.47,9.82,0.2805,-0.2144,0.0289,-0.0534,0.2177,-0.1738
62.8888,262.69,-1086.79,64.04,-52.44,75.52,11.19,0.2701,-0.1937,0.0721,-0.0491,0.2180,-0.1755
62.9301,262.63,-1087.01,64.31,-51.58,73.74,12.08,0.2556,-0.1624,0.1048,-0.0447,0.2183,-0.1771
62.9722,262.60,-1087.39,64.61,-50.90,72.88,12.93,0.2387,-0.1246,0.1251,-0.0398,0.2189,-0.1782
63.0145,262.53,-1087.75,64.87,-50.41,72.94,12.63,0.2240,-0.0846,0.1340,-0.0347,0.2184,-0.1783
63.0563,262.51,-1088.19,65.14,-50.11,73.71,12.25,0.2112,-0.0397,0.1345,-0.0305,0.2182,-0.1781
63.0983,262.46,-1088.58,65.34,-49.58,74.78,10.78,0.1989,0.0083,0.1239,-0.0266,0.2170,-0.1773
63.1397,262.44,-1089.02,65.60,-49.26,76.22,10.23,0.1843,0.0576,0.1051,-0.0234,0.2160,-0.1775
63.1817,262.38,-1089.35,65.82,-48.86,77.65,9.13,0.1675,0.1025,0.0787,-0.0209,0.2145,-0.1775
63.2237,262.33,-1089.58,66.03,-48.26,79.75,8.13,0.1496,0.1402,0.0483,-0.0185,0.2123,-0.1781
63.2655,262.26,-1089.67,66.16,-47.64,82.28,6.31,0.1335,0.1718,0.0174,-0.0177,0.2092,-0.1782
63.3064,262.15,-1089.73,66.26,-47.18,85.30,4.45,0.1196,0.1949,-0.0188,-0.0172,0.2061,-0.1792
63.3473,261.95,-1089.73,66.38,-46.61,88.76,1.59,0.1064,0.2091,-0.0552,-0.0179,0.2025,-0.1817
63.3884,261.67,-1089.61,66.51,-45.54,93.33,-1.14,0.1000,0.2156,-0.0903,-0.0213,0.1980,-0.1845
63.4289,261.29,-1089.59,66.66,-44.07,98.82,-5.87,0.0952,0.2178,-0.1200,-0.0258,0.1931,-0.1884
63.4700,260.94,-1089.53,66.79,-42.88,104.67,-10.15,0.0908,0.2164,-0.1418,-0.0356,0.1844,-0.1911
63.5117,260.59,-1089.54,67.03,-41.00,111.20,-14.56,0.0876,0.2155,-0.1566,-0.0495,0.1718,-0.1944
63.5531,260.31,-1089.72,67.30,-38.71,119.64,-19.80,0.0844,0.2187,-0.1684,-0.0685,0.1516,-0.1969
63.5942,260.20,-1089.83,67.65,-35.49,128.85,-25.38,0.0806,0.2226,-0.1791,-0.0934,0.1226,-0.1972
63.6360,260.30,-1089.96,67.96,-30.68,137.46,-30.05,0.0743,0.2283,-0.1888,-0.1231,0.0800,-0.1941
63.6776,260.50,-1090.09,68.33,-25.87,145.33,-34.87,0.0655,0.2354,-0.1993,-0.1536,0.0308,-0.1900
63.7200,260.83,-1090.11,68.66,-21.19,151.57,-37.74,0.0555,0.2401,-0.2092,-0.1862,-0.0196,-0.1810
63.7615,261.16,-1090.05,68.92,-17.14,156.42,-40.12,0.0455,0.2427,-0.2183,-0.2152,-0.0695,-0.1642
63.8036,261.44,-1089.92,69.12,-13.80,160.11,-41.54,0.0363,0.2449,-0.2260,-0.2392,-0.1140,-0.1371
63.8456,261.77,-1089.70,69.18,-11.53,162.23,-43.62,0.0277,0.2449,-0.2308,-0.2537,-0.1517,-0.0954
63.8880,262.15,-1089.39,69.04,-10.32,163.15,-46.16,0.0198,0.2437,-0.2321,-0.2570,-0.1740,-0.0403
63.9300,262.54,-1089.04,68.75,-10.13,163.16,-48.10,0.0124,0.2413,-0.2314,-0.2490,-0.1732,0.0137
63.9714,262.87,-1088.65,68.44,-11.05,161.52,-49.22,0.0074,0.2381,-0.2282,-0.2372,-0.1577,0.0634
64.0133,263.26,-1088.47,68.05,-12.52,160.14,-49.81,0.0025,0.2357,-0.2222,-0.2255,-0.1336,0.1052
64.0549,263.66,-1088.29,67.65,-14.92,158.40,-50.27,-0.0003,0.2338,-0.2153,-0.2137,-0.1032,0.1340
64.0967,264.16,-1088.17,67.13,-18.11,155.73,-49.67,-0.0009,0.2315,-0.2068,-0.2044,-0.0659,0.1495
64.1386,264.71,-1088.01,66.54,-22.13,151.67,-49.03,0.0007,0.2272,-0.1965,-0.1951,-0.0246,0.1517
64.1801,265.42,-1087.98,66.03,-26.82,147.20,-47.43,0.0041,0.2229,-0.1870,-0.1870,0.0191,0.1411
64.2220,266.26,-1087.93,65.38,-32.17,141.46,-44.47,0.0088,0.2183,-0.1772,-0.1792,0.0607,0.1213
64.2636,267.16,-1088.02,64.89,-36.96,135.25,-41.82,0.0144,0.2140,-0.1672,-0.1726,0.0986,0.0935
64.3059,268.15,-1088.12,64.55,-41.24,128.10,-36.31,0.0200,0.2104,-0.1577,-0.1647,0.1351,0.0606
64.3477,268.97,-1088.13,64.30,-44.16,120.05,-31.99,0.0285,0.2063,-0.1485,-0.1536,0.1642,0.0246
64.3898,269.79,-1088.26,64.20,-46.53,111.99,-25.62,0.0372,0.2032,-0.1406,-0.1382,0.1896,-0.0114
64.4310,270.38,-1088.29,64.16,-47.79,104.44,-21.00,0.0470,0.1987,-0.1337,-0.1204,0.2038,-0.0466
64.4726,270.96,-1088.56,64.30,-49.31,97.76,-15.66,0.0541,0.1954,-0.1311,-0.1059,0.2161,-0.0816
64.5146,271.38,-1088.43,64.47,-48.68,91.01,-11.17,0.0597,0.1870,-0.1312,-0.0935,0.2181,-0.1120
64.5564,271.73,-1088.43,64.71,-47.71,85.51,-6.96,0.0632,0.1794,-0.1331,-0.0827,0.2160,-0.1334
64.5980,271.87,-1088.51,64.81,-47.02,81.42,-3.55,0.0641,0.1728,-0.1383,-0.0731,0.2149,-0.1454
64.6397,271.86,-1088.63,64.88,-46.94,78.14,-1.18,0.0671,0.1655,-0.1439,-0.0685,0.2156,-0.1517
64.6811,271.69,-1088.77,64.96,-47.03,75.73,1.77,0.0715,0.1585,-0.1522,-0.0658,0.2164,-0.1542
64.7232,271.35,-1088.93,65.03,-47.19,74.25,3.43,0.0776,0.1454,-0.1628,-0.0634,0.2161,-0.1548
64.7654,270.88,-1089.20,65.12,-48.10,73.16,5.45,0.0843,0.1250,-0.1780,-0.0618,0.2177,-0.1549
64.8082,270.30,-1089.33,65.23,-48.32,72.45,6.75,0.0964,0.0969,-0.1969,-0.0597,0.2186,-0.1559
64.8505,269.71,-1089.38,65.30,-48.60,72.10,8.31,0.1121,0.0616,-0.2195,-0.0584,0.2183,-0.1575
64.8928,269.07,-1089.25,65.26,-48.48,72.70,8.65,0.1325,0.0194,-0.2374,-0.0593,0.2164,-0.1592
64.9344,268.50,-1089.20,65.17,-48.86,72.34,9.35,0.1575,-0.0231,-0.2490,-0.0614,0.2158,-0.1602
64.9766,267.98,-1089.05,65.08,-49.48,72.06,9.81,0.1846,-0.0693,-0.2498,-0.0633,0.2150,-0.1617
65.0188,267.58,-1088.73,64.97,-49.60,72.11,9.70,0.2055,-0.1155,-0.2294,-0.0674,0.2133,-0.1628
65.0609,267.31,-1088.38,64.84,-49.29,72.91,9.62,0.2221,-0.1528,-0.2020,-0.0717,0.2122,-0.1641
65.1027,267.11,-1088.30,64.70,-49.81,72.89,9.24,0.2408,-0.1767,-0.1657,-0.0752,0.2123,-0.1663
65.1447,267.01,-1088.31,64.66,-50.49,71.84,9.53,0.2555,-0.1871,-0.1226,-0.0771,0.2114,-0.1688
65.1864,266.95,-1088.29,64.67,-50.55,70.04,10.17,0.2672,-0.1873,-0.0741,-0.0778,0.2105,-0.1698
65.2284,266.81,-1088.40,64.71,-50.33,67.44,11.38,0.2761,-0.1802,-0.0271,-0.0768,0.2116,-0.1696
65.2703,266.60,-1088.51,64.75,-50.29,65.63,12.75,0.2784,-0.1660,0.0157,-0.0744,0.2131,-0.1687
65.3122,266.34,-1088.69,64.77,-50.24,64.68,12.98,0.2749,-0.1437,0.0539,-0.0708,0.2145,-0.1677
65.3538,266.08,-1088.82,64.86,-50.15,64.46,13.23,0.2666,-0.1093,0.0825,-0.0663,0.2151,-0.1675
65.3956,265.78,-1088.98,64.91,-49.94,64.94,12.57,0.2510,-0.0689,0.1007,-0.0611,0.2149,-0.1669
65.4373,265.49,-1089.20,65.00,-49.89,65.68,12.42,0.2313,-0.0229,0.1071,-0.0552,0.2138,-0.1668
65.4791,265.19,-1089.42,65.07,-50.05,66.31,12.05,0.2094,0.0240,0.1028,-0.0503,0.2118,-0.1669
65.5215,264.90,-1089.61,65.14,-49.88,67.41,12.23,0.1860,0.0657,0.0900,-0.0464,0.2100,-0.1670
65.5629,264.59,-1089.76,65.20,-49.83,68.95,11.85,0.1620,0.1053,0.0715,-0.0432,0.2079,-0.1669
65.6043,264.31,-1089.81,65.24,-49.76,71.44,11.15,0.1394,0.1415,0.0462,-0.0414,0.2060,-0.1662
65.6466,263.96,-1089.77,65.24,-49.62,74.37,9.47,0.1195,0.1702,0.0187,-0.0410,0.2036,-0.1646
65.6882,263.60,-1089.68,65.20,-49.57,78.11,7.57,0.1044,0.1925,-0.0100,-0.0419,0.2020,-0.1627
65.7302,263.09,-1089.55,65.07,-49.56,81.94,5.14,0.0929,0.2073,-0.0400,-0.0445,0.2009,-0.1594
65.7720,262.53,-1089.39,64.83,-49.55,86.06,2.95,0.0879,0.2149,-0.0686,-0.0487,0.2003,-0.1548
65.8131,261.83,-1089.34,64.65,-50.10,89.55,0.89,0.0858,0.2154,-0.0889,-0.0533,0.2000,-0.1485
65.8554,261.09,-1089.26,64.63,-49.95,93.66,-1.45,0.0846,0.2155,-0.1056,-0.0568,0.1992,-0.1428
65.8974,260.31,-1089.24,64.87,-48.93,98.73,-4.56,0.0844,0.2136,-0.1164,-0.0586,0.1953,-0.1401
65.9390,259.64,-1089.32,65.22,-47.46,105.07,-8.65,0.0817,0.2146,-0.1264,-0.0612,0.1884,-0.1426
65.9799,259.07,-1089.44,65.72,-45.35,112.08,-13.45,0.0787,0.2172,-0.1321,-0.0668,0.1766,-0.1517
66.0226,258.64,-1089.53,66.26,-42.38,119.59,-18.28,0.0741,0.2213,-0.1373,-0.0772,0.1556,-0.1635
66.0629,258.32,-1089.67,66.82,-39.03,127.37,-22.80,0.0673,0.2253,-0.1423,-0.0889,0.1254,-0.1761
66.1038,258.10,-1089.67,67.30,-35.19,134.62,-25.99,0.0596,0.2280,-0.1479,-0.1058,0.0856,-0.1870
66.1443,258.00,-1089.67,67.76,-31.01,141.42,-28.83,0.0516,0.2306,-0.1558,-0.1288,0.0419,-0.1951
66.1853,258.07,-1089.60,68.18,-26.91,147.49,-31.75,0.0452,0.2321,-0.1637,-0.1555,-0.0028,-0.1982
66.2264,258.29,-1089.40,68.52,-23.08,152.61,-34.34,0.0390,0.2339,-0.1711,-0.1823,-0.0504,-0.1919
66.2676,258.59,-1089.10,68.78,-19.29,156.58,-36.89,0.0330,0.2342,-0.1778,-0.2049,-0.0988,-0.1729
66.3099,258.94,-1088.75,69.05,-15.47,159.85,-38.85,0.0287,0.2340,-0.1854,-0.2221,-0.1434,-0.1438
66.3518,259.34,-1088.43,69.23,-12.26,161.80,-41.04,0.0250,0.2340,-0.1925,-0.2330,-0.1819,-0.1050
66.3934,259.78,-1088.14,69.34,-10.43,162.74,-42.59,0.0220,0.2343,-0.1973,-0.2340,-0.2070,-0.0567
66.4353,260.29,-1087.95,69.30,-9.81,162.97,-43.61,0.0180,0.2351,-0.1998,-0.2290,-0.2117,-0.0062
66.4773,260.87,-1087.86,69.12,-10.47,163.16,-44.06,0.0143,0.2346,-0.2002,-0.2235,-0.1957,0.0391
66.5187,261.39,-1087.72,68.87,-11.38,162.31,-44.87,0.0129,0.2325,-0.1993,-0.2185,-0.1669,0.0753
66.5608,261.97,-1087.61,68.52,-13.32,160.83,-44.62,0.0136,0.2300,-0.1970,-0.2171,-0.1297,0.1028
66.6027,262.58,-1087.47,68.09,-16.10,157.87,-43.85,0.0160,0.2268,-0.1940,-0.2165,-0.0849,0.1225
66.6445,263.23,-1087.49,67.57,-19.72,154.81,-42.84,0.0217,0.2235,-0.1886,-0.2133,-0.0343,0.1324
66.6861,264.00,-1087.43,66.98,-23.89,150.76,-41.02,0.0277,0.2180,-0.1832,-0.2057,0.0163,0.1292
66.7281,264.66,-1087.48,66.52,-27.67,146.24,-40.60,0.0372,0.2124,-0.1780,-0.1925,0.0638,0.1118
66.7696,265.55,-1087.59,65.89,-31.90,141.00,-37.70,0.0463,0.2078,-0.1717,-0.1763,0.1080,0.0853
66.8114,266.28,-1087.65,65.37,-35.55,135.66,-36.31,0.0578,0.2023,-0.1660,-0.1553,0.1453,0.0505
66.8531,267.22,-1087.94,64.68,-39.81,130.31,-32.56,0.0684,0.1984,-0.1587,-0.1358,0.1733,0.0139
66.8952,268.07,-1088.23,64.02,-44.23,124.61,-29.39,0.0799,0.1934,-0.1526,-0.1204,0.1923,-0.0182
66.9371,268.95,-1088.63,63.49,-48.10,119.35,-25.19,0.0914,0.1898,-0.1481,-0.1024,0.2074,-0.0499
66.9804,269.82,-1088.74,63.14,-50.33,113.11,-21.58,0.1009,0.1840,-0.1454,-0.0868,0.2124,-0.0787
67.0222,270.70,-1088.86,62.90,-51.28,106.85,-17.27,0.1061,0.1775,-0.1442,-0.0794,0.2120,-0.0977
67.0644,271.46,-1089.11,62.70,-52.05,101.59,-14.09,0.1093,0.1714,-0.1436,-0.0731,0.2119,-0.1097
67.1068,272.08,-1089.38,62.59,-52.95,96.81,-11.42,0.1097,0.1642,-0.1457,-0.0674,0.2115,-0.1171
67.1485,272.50,-1089.66,62.55,-53.95,92.72,-8.90,0.1100,0.1544,-0.1495,-0.0629,0.2114,-0.1231
67.1905,272.62,-1089.83,62.50,-54.68,90.08,-7.27,0.1134,0.1388,-0.1517,-0.0609,0.2117,-0.1266
67.2327,272.45,-1089.94,62.43,-55.23,87.95,-6.47,0.1201,0.1147,-0.1526,-0.0597,0.2126,-0.1290
67.2748,272.03,-1089.99,62.42,-56.01,85.91,-5.32,0.1290,0.0851,-0.1563,-0.0579,0.2121,-0.1317
67.3168,271.47,-1089.84,62.38,-56.18,83.89,-3.57,0.1445,0.0495,-0.1597,-0.0574,0.2095,-0.1328
67.3583,270.76,-1089.74,62.34,-56.63,82.60,-1.65,0.1639,0.0125,-0.1627,-0.0576,0.2084,-0.1334
67.4000,269.95,-1089.60,62.29,-57.37,81.21,-0.39,0.1841,-0.0280,-0.1644,-0.0591,0.2078,-0.1334
67.4419,269.14,-1089.38,62.32,-57.72,80.01,1.32,0.2037,-0.0689,-0.1647,-0.0610,0.2075,-0.1349
67.4841,268.33,-1089.08,62.35,-57.43,79.00,2.13,0.2234,-0.1113,-0.1608,-0.0645,0.2075,-0.1370
67.5258,267.56,-1088.87,62.46,-57.00,77.73,3.79,0.2419,-0.1515,-0.1454,-0.0691,0.2088,-0.1395
67.5676,266.79,-1088.70,62.70,-56.78,76.78,4.95,0.2574,-0.1833,-0.1223,-0.0730,0.2089,-0.1430
67.6089,266.12,-1088.48,63.14,-55.55,76.46,5.94,0.2661,-0.2034,-0.0892,-0.0767,0.2073,-0.1476
67.6512,265.48,-1088.39,63.65,-53.91,75.80,6.33,0.2734,-0.2083,-0.0530,-0.0795,0.2068,-0.1529
67.6931,264.88,-1088.45,64.22,-52.29,74.79,6.95,0.2767,-0.1999,-0.0153,-0.0814,0.2071,-0.1580
67.7350,264.19,-1088.67,64.79,-51.14,73.82,6.87,0.2747,-0.1798,0.0183,-0.0802,0.2090,-0.1625
67.7767,263.44,-1088.90,65.41,-49.66,74.01,6.46,0.2752,-0.1547,0.0455,-0.0766,0.2118,-0.1657
67.8183,262.67,-1089.18,66.02,-48.23,74.92,5.58,0.2702,-0.1193,0.0681,-0.0709,0.2135,-0.1667
67.8600,261.92,-1089.45,66.57,-46.69,76.85,4.45,0.2602,-0.0761,0.0843,-0.0643,0.2137,-0.1661
67.9007,261.24,-1089.82,67.05,-45.17,78.59,3.18,0.2465,-0.0275,0.0949,-0.0575,0.2139,-0.1648
67.9415,260.61,-1090.32,67.52,-44.54,80.47,2.04,0.2263,0.0252,0.0950,-0.0510,0.2138,-0.1635
67.9823,260.11,-1090.79,68.01,-43.63,82.62,1.31,0.2007,0.0760,0.0839,-0.0447,0.2129,-0.1628
68.0229,259.71,-1091.22,68.52,-42.57,84.77,0.75,0.1732,0.1228,0.0623,-0.0397,0.2122,-0.1624
68.0643,259.41,-1091.61,69.06,-41.15,87.04,0.08,0.1436,0.1619,0.0336,-0.0364,0.2115,-0.1624
68.1059,259.27,-1091.83,69.48,-39.63,88.96,-0.47,0.1171,0.1930,0.0009,-0.0349,0.2097,-0.1627
68.1474,259.16,-1092.05,69.90,-38.24,90.92,-1.23,0.0941,0.2175,-0.0354,-0.0356,0.2081,-0.1641
68.1889,259.06,-1092.19,70.30,-36.66,92.72,-2.05,0.0768,0.2310,-0.0745,-0.0385,0.2057,-0.1666
68.2303,259.03,-1092.25,70.70,-35.34,94.11,-2.90,0.0652,0.2365,-0.1138,-0.0442,0.2035,-0.1710
68.2720,258.97,-1092.40,71.16,-33.54,95.31,-4.12,0.0603,0.2331,-0.1467,-0.0512,0.2024,-0.1779
68.3138,259.01,-1092.55,71.64,-31.93,95.94,-4.47,0.0574,0.2284,-0.1737,-0.0607,0.2015,-0.1860
68.3556,258.99,-1092.79,72.18,-29.80,97.07,-5.12,0.0587,0.2236,-0.1945,-0.0689,0.2013,-0.1946
68.3970,259.09,-1093.20,72.76,-27.94,98.41,-4.85,0.0607,0.2223,-0.2116,-0.0754,0.2014,-0.2033
68.4388,259.22,-1093.73,73.45,-26.25,99.83,-5.56,0.0632,0.2206,-0.2229,-0.0805,0.2017,-0.2116
68.4799,259.54,-1094.33,74.16,-24.44,100.56,-5.31,0.0626,0.2207,-0.2312,-0.0853,0.2019,-0.2189
68.5216,259.94,-1095.00,74.85,-22.49,101.39,-4.98,0.0604,0.2202,-0.2367,-0.0891,0.2024,-0.2242
68.5640,260.51,-1095.76,75.60,-20.64,101.93,-4.80,0.0582,0.2210,-0.2403,-0.0928,0.2030,-0.2289
68.6056,261.10,-1096.58,76.28,-18.78,102.29,-4.82,0.0561,0.2222,-0.2424,-0.0969,0.2021,-0.2350
68.6474,261.72,-1097.48,77.00,-16.67,102.52,-4.71,0.0540,0.2230,-0.2465,-0.1026,0.2009,-0.2414
68.6891,262.33,-1098.51,77.59,-15.05,102.49,-5.03,0.0536,0.2249,-0.2490,-0.1080,0.2006,-0.2479
68.7305,262.87,-1099.65,78.21,-13.63,102.46,-4.52,0.0520,0.2277,-0.2541,-0.1119,0.2012,-0.2548
68.7725,263.31,-1100.82,78.79,-11.91,102.42,-4.58,0.0508,0.2297,-0.2586,-0.1141,0.2029,-0.2605
68.8143,263.67,-1102.07,79.28,-10.50,102.35,-4.37,0.0494,0.2319,-0.2621,-0.1154,0.2049,-0.2642
68.8561,263.91,-1103.24,79.69,-9.25,102.53,-4.43,0.0486,0.2320,-0.2654,-0.1152,0.2048,-0.2674
68.8976,264.05,-1104.31,79.97,-8.00,102.60,-4.47,0.0494,0.2298,-0.2680,-0.1162,0.2020,-0.2698
68.9389,264.09,-1105.29,80.23,-6.99,102.73,-4.04,0.0538,0.2265,-0.2729,-0.1196,0.1989,-0.2753
68.9811,264.05,-1106.14,80.37,-6.05,102.99,-3.79,0.0605,0.2227,-0.2801,-0.1251,0.1952,-0.2817
69.0228,263.94,-1106.85,80.35,-5.76,103.38,-3.75,0.0683,0.2173,-0.2881,-0.1291,0.1910,-0.2878
69.0645,263.82,-1107.33,80.44,-5.51,103.97,-3.57,0.0793,0.2090,-0.2977,-0.1336,0.1846,-0.2945
69.1063,263.69,-1107.65,80.46,-4.92,104.32,-3.58,0.0926,0.1991,-0.3075,-0.1375,0.1768,-0.3010
69.1476,263.61,-1107.88,80.71,-3.91,104.46,-3.13,0.1054,0.1870,-0.3203,-0.1425,0.1666,-0.3103
69.1896,263.53,-1108.03,80.90,-2.45,104.44,-2.89,0.1207,0.1726,-0.3334,-0.1476,0.1540,-0.3214
69.2316,263.48,-1108.11,81.04,-1.34,104.47,-2.56,0.1352,0.1565,-0.3468,-0.1528,0.1398,-0.3332
69.2734,263.43,-1108.14,81.16,-0.41,104.68,-2.27,0.1483,0.1384,-0.3586,-0.1575,0.1247,-0.3448
