ArmSpan,133.50
Timestamp,HeadX,HeadY,HeadZ,HeadPitch,HeadYaw,HeadRoll,LeftX_norm,LeftY_norm,LeftZ_norm,RightX_norm,RightY_norm,RightZ_norm
0.0413,268.31,-1110.03,80.84,-0.45,96.37,-2.63,0.0801,0.1848,-0.2251,-0.0911,0.1793,-0.2245
0.0825,268.26,-1110.05,80.72,-1.41,96.11,-2.40,0.0752,0.1855,-0.2238,-0.0875,0.1836,-0.2229
0.1244,268.15,-1110.03,80.65,-1.83,96.00,-2.43,0.0713,0.1880,-0.2209,-0.0826,0.1877,-0.2222
0.1664,268.04,-1110.04,80.60,-2.11,96.15,-2.65,0.0673,0.1919,-0.2203,-0.0780,0.1917,-0.2232
0.2088,267.92,-1110.05,80.56,-2.39,96.44,-2.89,0.0634,0.1967,-0.2182,-0.0741,0.1955,-0.2255
0.2504,267.79,-1110.02,80.57,-2.51,96.78,-3.39,0.0598,0.2042,-0.2160,-0.0720,0.1987,-0.2313
0.2915,267.70,-1110.01,80.58,-2.64,97.27,-3.97,0.0565,0.2169,-0.2136,-0.0714,0.2008,-0.2405
0.3336,267.61,-1109.97,80.61,-2.96,97.85,-4.58,0.0525,0.2294,-0.2079,-0.0735,0.1989,-0.2529
0.3754,267.56,-1109.87,80.67,-2.84,98.53,-5.01,0.0497,0.2425,-0.2036,-0.0815,0.1929,-0.2693
0.4173,267.52,-1109.70,80.71,-2.56,99.40,-5.21,0.0483,0.2573,-0.2026,-0.0954,0.1814,-0.2859
0.4591,267.50,-1109.52,80.70,-2.58,100.39,-5.50,0.0484,0.2717,-0.2029,-0.1122,0.1668,-0.3008
0.5009,267.45,-1109.25,80.72,-2.78,101.72,-5.93,0.0472,0.2825,-0.2030,-0.1319,0.1486,-0.3150
0.5422,267.43,-1108.93,80.72,-2.90,103.41,-6.49,0.0467,0.2927,-0.2039,-0.1546,0.1261,-0.3273
0.5841,267.43,-1108.55,80.76,-2.86,105.49,-7.08,0.0449,0.2992,-0.2046,-0.1786,0.0976,-0.3355
0.6262,267.44,-1108.11,80.75,-2.69,107.77,-7.92,0.0436,0.3079,-0.2058,-0.2031,0.0639,-0.3361
0.6677,267.50,-1107.60,80.81,-2.35,109.95,-9.10,0.0422,0.3134,-0.2058,-0.2275,0.0275,-0.3252
0.7094,267.59,-1107.11,80.77,-2.06,112.11,-9.96,0.0409,0.3179,-0.2046,-0.2518,-0.0095,-0.2978
0.7506,267.71,-1106.68,80.77,-2.16,114.19,-10.91,0.0405,0.3226,-0.2036,-0.2742,-0.0395,-0.2563
0.7926,267.86,-1106.24,80.87,-1.98,116.09,-12.00,0.0397,0.3265,-0.2039,-0.2917,-0.0625,-0.2018
0.8344,268.08,-1105.84,80.95,-1.70,117.71,-13.02,0.0367,0.3280,-0.2038,-0.2990,-0.0750,-0.1399
0.8761,268.32,-1105.46,81.02,-1.38,118.79,-13.96,0.0332,0.3287,-0.2035,-0.2979,-0.0792,-0.0791
0.9184,268.57,-1105.16,81.02,-1.11,119.23,-14.61,0.0287,0.3261,-0.2025,-0.2897,-0.0749,-0.0228
0.9599,268.83,-1104.91,81.00,-0.86,119.08,-15.17,0.0235,0.3217,-0.2009,-0.2762,-0.0604,0.0230
1.0017,269.08,-1104.76,80.92,-0.92,118.37,-15.58,0.0178,0.3159,-0.1988,-0.2635,-0.0392,0.0596
1.0440,269.34,-1104.60,80.89,-0.88,117.55,-15.69,0.0125,0.3096,-0.1973,-0.2508,-0.0108,0.0869
1.0858,269.58,-1104.50,80.78,-0.98,116.25,-16.04,0.0072,0.3034,-0.1956,-0.2368,0.0232,0.1073
1.1278,269.80,-1104.38,80.70,-1.00,114.87,-16.33,0.0031,0.2968,-0.1939,-0.2212,0.0603,0.1201
1.1694,270.02,-1104.31,80.53,-1.35,113.09,-16.69,-0.0003,0.2902,-0.1916,-0.2037,0.0989,0.1224
1.2109,270.18,-1104.26,80.38,-1.65,111.23,-16.75,-0.0029,0.2839,-0.1899,-0.1876,0.1362,0.1146
1.2529,270.25,-1104.15,80.30,-2.02,108.86,-17.28,-0.0042,0.2793,-0.1894,-0.1724,0.1725,0.0997
1.2951,270.23,-1104.04,80.21,-2.27,106.15,-17.59,-0.0028,0.2752,-0.1894,-0.1566,0.2087,0.0793
1.3368,270.12,-1103.97,80.08,-2.74,103.11,-17.86,-0.0003,0.2727,-0.1894,-0.1407,0.2404,0.0522
1.3786,269.86,-1103.79,80.02,-3.29,99.84,-17.82,0.0047,0.2707,-0.1908,-0.1234,0.2654,0.0195
1.4198,269.54,-1103.57,79.99,-3.63,96.59,-17.46,0.0109,0.2664,-0.1917,-0.1073,0.2848,-0.0145
1.4620,269.19,-1103.30,80.02,-3.71,93.36,-17.03,0.0172,0.2624,-0.1923,-0.0928,0.2990,-0.0478
1.5040,268.78,-1103.10,80.02,-4.00,90.42,-16.15,0.0225,0.2590,-0.1929,-0.0825,0.3102,-0.0786
1.5456,268.34,-1102.86,80.08,-4.43,87.96,-15.19,0.0288,0.2551,-0.1959,-0.0751,0.3192,-0.1073
1.5877,267.91,-1102.64,80.21,-4.06,85.86,-13.95,0.0359,0.2520,-0.2009,-0.0706,0.3240,-0.1324
1.6288,267.47,-1102.41,80.40,-3.81,84.47,-12.41,0.0409,0.2497,-0.2070,-0.0662,0.3259,-0.1563
1.6709,267.02,-1102.27,80.54,-3.90,83.79,-10.90,0.0455,0.2496,-0.2124,-0.0618,0.3265,-0.1776
1.7125,266.65,-1102.12,80.61,-3.95,83.63,-9.56,0.0470,0.2497,-0.2167,-0.0587,0.3247,-0.1942
1.7546,266.35,-1102.11,80.46,-4.46,84.03,-7.78,0.0465,0.2518,-0.2178,-0.0561,0.3232,-0.2034
1.7960,266.19,-1101.99,80.50,-5.17,84.72,-6.03,0.0428,0.2528,-0.2211,-0.0553,0.3194,-0.2087
1.8379,266.13,-1101.84,80.47,-5.33,85.07,-4.78,0.0402,0.2520,-0.2260,-0.0555,0.3172,-0.2096
1.8797,266.06,-1101.78,80.35,-6.33,85.33,-3.56,0.0414,0.2498,-0.2323,-0.0549,0.3181,-0.2084
1.9221,265.99,-1101.68,80.24,-7.42,85.25,-2.59,0.0454,0.2455,-0.2396,-0.0539,0.3141,-0.2065
1.9639,265.95,-1101.57,80.13,-7.92,84.90,-1.33,0.0552,0.2379,-0.2413,-0.0553,0.3148,-0.2021
2.0059,265.88,-1101.48,80.08,-8.20,84.33,-0.38,0.0676,0.2273,-0.2434,-0.0558,0.3170,-0.2008
2.0472,265.85,-1101.35,80.02,-8.41,83.44,0.94,0.0850,0.2114,-0.2475,-0.0547,0.3164,-0.2007
2.0887,265.78,-1101.27,79.90,-8.85,82.22,1.54,0.1097,0.1931,-0.2517,-0.0531,0.3176,-0.2015
2.1307,265.75,-1101.11,79.84,-8.93,80.92,2.61,0.1365,0.1675,-0.2563,-0.0502,0.3196,-0.2029
2.1728,265.64,-1100.95,79.77,-9.35,79.42,3.21,0.1679,0.1382,-0.2590,-0.0467,0.3215,-0.2053
2.2147,265.58,-1100.67,79.72,-9.31,77.92,4.26,0.1966,0.1027,-0.2585,-0.0431,0.3238,-0.2079
2.2565,265.52,-1100.32,79.62,-9.60,76.19,5.26,0.2264,0.0616,-0.2523,-0.0389,0.3271,-0.2108
2.2981,265.54,-1099.83,79.45,-10.05,74.05,7.21,0.2487,0.0175,-0.2411,-0.0343,0.3299,-0.2139
2.3398,265.54,-1099.16,79.25,-10.57,71.98,8.95,0.2705,-0.0299,-0.2229,-0.0304,0.3311,-0.2172
2.3817,265.65,-1098.52,79.00,-10.75,69.93,10.84,0.2865,-0.0744,-0.1987,-0.0277,0.3320,-0.2209
2.4236,265.76,-1097.95,78.74,-11.48,67.92,12.21,0.2939,-0.1189,-0.1651,-0.0257,0.3321,-0.2252
2.4654,265.86,-1097.43,78.51,-11.88,65.91,13.33,0.2931,-0.1556,-0.1278,-0.0251,0.3323,-0.2295
2.5065,265.97,-1096.98,78.44,-11.75,64.13,14.43,0.2884,-0.1846,-0.0869,-0.0265,0.3338,-0.2337
2.5478,265.98,-1096.63,78.35,-11.15,62.63,14.80,0.2805,-0.2041,-0.0424,-0.0268,0.3347,-0.2366
2.5903,265.93,-1096.53,78.27,-11.07,61.80,15.35,0.2711,-0.2096,0.0049,-0.0254,0.3360,-0.2388
2.6318,265.80,-1096.46,78.27,-10.63,61.35,15.03,0.2617,-0.2065,0.0504,-0.0237,0.3370,-0.2404
2.6740,265.60,-1096.57,78.23,-10.28,61.20,14.63,0.2493,-0.1870,0.0917,-0.0219,0.3372,-0.2411
2.7156,265.34,-1096.71,78.23,-10.07,61.45,14.15,0.2340,-0.1563,0.1259,-0.0199,0.3366,-0.2410
2.7570,265.07,-1096.96,78.22,-10.11,62.10,13.81,0.2196,-0.1191,0.1493,-0.0173,0.3343,-0.2423
2.7988,264.80,-1097.20,78.20,-10.13,62.99,13.34,0.2074,-0.0753,0.1602,-0.0154,0.3299,-0.2418
2.8409,264.53,-1097.47,78.08,-10.57,64.10,13.15,0.1983,-0.0270,0.1594,-0.0136,0.3241,-0.2407
2.8832,264.27,-1097.77,77.95,-11.44,65.85,12.82,0.1922,0.0233,0.1480,-0.0129,0.3176,-0.2391
2.9248,263.97,-1098.09,77.83,-12.74,68.23,12.08,0.1877,0.0760,0.1288,-0.0123,0.3110,-0.2377
2.9661,263.74,-1098.33,77.83,-13.33,71.35,10.95,0.1813,0.1285,0.1024,-0.0133,0.3043,-0.2370
3.0084,263.55,-1098.57,77.81,-13.92,74.78,9.84,0.1723,0.1781,0.0663,-0.0157,0.2970,-0.2360
3.0499,263.44,-1098.65,77.90,-14.44,78.69,8.19,0.1597,0.2190,0.0246,-0.0179,0.2891,-0.2361
3.0921,263.45,-1098.76,77.97,-14.94,83.46,6.50,0.1452,0.2528,-0.0179,-0.0219,0.2816,-0.2348
3.1340,263.52,-1098.78,78.09,-15.23,88.65,4.31,0.1305,0.2794,-0.0611,-0.0282,0.2745,-0.2326
3.1754,263.64,-1098.85,78.21,-15.03,94.57,1.54,0.1151,0.2984,-0.1046,-0.0359,0.2684,-0.2307
3.2163,263.83,-1098.81,78.38,-14.37,100.73,-2.02,0.1011,0.3077,-0.1460,-0.0484,0.2598,-0.2301
3.2585,264.14,-1098.81,78.45,-13.37,106.45,-5.23,0.0854,0.3112,-0.1807,-0.0662,0.2500,-0.2301
3.3006,264.48,-1098.77,78.53,-12.77,112.54,-7.74,0.0712,0.3113,-0.2070,-0.0878,0.2342,-0.2309
3.3425,264.84,-1098.65,78.65,-11.21,118.67,-11.16,0.0585,0.3101,-0.2262,-0.1144,0.2106,-0.2317
3.3841,265.30,-1098.41,78.75,-9.54,124.24,-13.96,0.0474,0.3081,-0.2393,-0.1465,0.1775,-0.2325
3.4250,265.80,-1098.08,78.77,-7.78,129.50,-16.42,0.0386,0.3060,-0.2459,-0.1810,0.1343,-0.2330
3.4671,266.33,-1097.58,78.73,-5.70,133.94,-18.83,0.0315,0.3050,-0.2478,-0.2191,0.0830,-0.2308
3.5094,266.96,-1097.03,78.54,-4.57,137.33,-20.83,0.0250,0.3042,-0.2467,-0.2586,0.0279,-0.2215
3.5513,267.54,-1096.32,78.39,-3.33,138.99,-23.01,0.0204,0.3036,-0.2450,-0.2933,-0.0299,-0.2025
3.5926,268.02,-1095.64,78.27,-2.53,139.87,-24.58,0.0179,0.3031,-0.2423,-0.3151,-0.0853,-0.1690
3.6343,268.39,-1094.99,78.10,-1.81,140.16,-26.32,0.0165,0.3027,-0.2382,-0.3265,-0.1325,-0.1214
3.6761,268.72,-1094.37,77.93,-1.44,140.28,-27.38,0.0151,0.3021,-0.2338,-0.3256,-0.1661,-0.0654
3.7181,268.99,-1093.79,77.58,-0.90,140.44,-29.08,0.0149,0.3018,-0.2280,-0.3166,-0.1852,-0.0092
3.7600,269.32,-1093.38,77.03,-2.06,140.82,-31.07,0.0145,0.3021,-0.2216,-0.3081,-0.1880,0.0429
3.8016,269.67,-1092.95,76.44,-3.48,141.32,-32.40,0.0140,0.3010,-0.2153,-0.3007,-0.1788,0.0883
3.8433,270.02,-1092.52,75.91,-4.97,141.11,-34.07,0.0132,0.2992,-0.2098,-0.2940,-0.1569,0.1272
3.8849,270.40,-1092.02,75.47,-5.83,140.00,-35.21,0.0127,0.2949,-0.2059,-0.2869,-0.1248,0.1560
3.9266,270.80,-1091.74,74.98,-7.20,138.39,-35.95,0.0135,0.2914,-0.2018,-0.2783,-0.0813,0.1719
3.9686,271.24,-1091.44,74.46,-8.78,136.52,-35.99,0.0145,0.2870,-0.1970,-0.2700,-0.0334,0.1805
4.0104,271.70,-1091.23,73.99,-10.77,134.37,-36.26,0.0158,0.2823,-0.1930,-0.2602,0.0174,0.1771
4.0522,272.17,-1091.14,73.43,-13.27,132.15,-35.96,0.0186,0.2780,-0.1866,-0.2484,0.0668,0.1654
4.0937,272.56,-1091.01,72.88,-16.20,129.22,-35.88,0.0219,0.2735,-0.1811,-0.2331,0.1139,0.1453
4.1358,272.91,-1090.90,72.20,-19.93,125.84,-34.44,0.0275,0.2679,-0.1736,-0.2155,0.1546,0.1199
4.1782,273.16,-1090.56,71.66,-23.33,121.20,-32.99,0.0337,0.2587,-0.1673,-0.1967,0.1879,0.0901
4.2198,273.35,-1090.35,71.02,-27.07,116.05,-30.34,0.0417,0.2508,-0.1599,-0.1773,0.2150,0.0584
4.2618,273.44,-1090.03,70.62,-29.92,109.87,-27.09,0.0506,0.2416,-0.1566,-0.1576,0.2350,0.0259
4.3034,273.56,-1089.91,70.39,-32.78,103.27,-22.81,0.0598,0.2322,-0.1572,-0.1387,0.2531,-0.0069
4.3456,273.48,-1089.69,70.29,-33.76,96.64,-18.12,0.0699,0.2203,-0.1612,-0.1212,0.2654,-0.0377
4.3876,273.34,-1089.79,70.17,-35.34,90.28,-13.15,0.0798,0.2091,-0.1678,-0.1039,0.2755,-0.0672
4.4294,273.15,-1089.71,70.09,-36.25,84.73,-7.88,0.0928,0.1933,-0.1738,-0.0894,0.2804,-0.0930
4.4712,272.93,-1089.76,69.99,-37.30,79.25,-2.63,0.1083,0.1728,-0.1820,-0.0771,0.2860,-0.1151
4.5129,272.72,-1089.58,69.90,-37.58,74.25,2.68,0.1290,0.1414,-0.1886,-0.0661,0.2870,-0.1339
4.5545,272.45,-1089.52,69.82,-37.70,69.85,7.00,0.1569,0.1078,-0.1940,-0.0560,0.2902,-0.1507
4.5967,272.17,-1089.26,69.82,-37.35,65.97,10.17,0.1894,0.0665,-0.1953,-0.0505,0.2899,-0.1653
4.6382,271.83,-1089.20,69.86,-37.03,62.99,13.05,0.2224,0.0222,-0.1954,-0.0450,0.2914,-0.1809
4.6801,271.44,-1088.86,69.95,-36.12,61.22,15.00,0.2538,-0.0291,-0.1887,-0.0451,0.2890,-0.1927
4.7218,271.05,-1088.82,70.01,-35.25,59.76,16.69,0.2799,-0.0785,-0.1768,-0.0457,0.2918,-0.2025
4.7632,270.68,-1088.71,70.14,-35.19,58.14,18.87,0.2995,-0.1281,-0.1571,-0.0475,0.2938,-0.2101
4.8054,270.33,-1088.72,70.13,-34.50,56.62,20.97,0.3095,-0.1729,-0.1327,-0.0493,0.2976,-0.2162
4.8475,270.02,-1088.91,70.13,-34.61,54.58,23.43,0.3117,-0.2130,-0.1020,-0.0523,0.3033,-0.2216
4.8892,269.73,-1089.11,70.13,-34.03,51.14,25.60,0.3051,-0.2455,-0.0660,-0.0559,0.3090,-0.2255
4.9312,269.38,-1089.18,70.23,-33.95,49.47,27.91,0.2930,-0.2675,-0.0239,-0.0561,0.3103,-0.2294
4.9727,269.12,-1089.26,70.31,-32.80,49.33,28.48,0.2764,-0.2770,0.0219,-0.0560,0.3112,-0.2309
5.0147,268.72,-1089.44,70.43,-32.65,49.46,28.39,0.2583,-0.2742,0.0704,-0.0544,0.3132,-0.2305
5.0566,268.35,-1089.68,70.55,-32.44,50.23,27.47,0.2407,-0.2587,0.1167,-0.0524,0.3149,-0.2282
5.0983,267.88,-1089.94,70.76,-32.05,51.10,26.11,0.2235,-0.2306,0.1576,-0.0497,0.3163,-0.2253
5.1402,267.36,-1090.22,70.98,-31.52,52.35,24.99,0.2074,-0.1935,0.1877,-0.0459,0.3169,-0.2212
5.1816,266.82,-1090.51,71.14,-31.00,53.56,24.20,0.1928,-0.1507,0.2056,-0.0420,0.3160,-0.2162
5.2233,266.24,-1090.75,71.29,-30.62,55.12,23.96,0.1818,-0.1038,0.2108,-0.0382,0.3134,-0.2113
5.2649,265.66,-1090.99,71.35,-30.48,56.61,23.72,0.1749,-0.0541,0.2057,-0.0351,0.3097,-0.2064
5.3070,265.03,-1091.26,71.33,-30.87,58.67,23.59,0.1717,-0.0026,0.1941,-0.0319,0.3047,-0.2015
5.3489,264.44,-1091.74,71.34,-31.83,60.68,24.03,0.1708,0.0529,0.1770,-0.0282,0.2998,-0.1986
5.3898,263.83,-1091.94,71.48,-32.02,63.57,23.67,0.1702,0.1041,0.1524,-0.0256,0.2924,-0.1975
5.4312,263.21,-1092.12,71.66,-31.78,67.19,23.11,0.1681,0.1464,0.1187,-0.0233,0.2849,-0.1968
5.4737,262.55,-1092.36,71.81,-31.80,71.38,21.85,0.1631,0.1781,0.0833,-0.0206,0.2777,-0.1959
5.5148,261.94,-1092.59,71.95,-31.96,76.23,20.15,0.1566,0.2063,0.0449,-0.0193,0.2704,-0.1946
5.5569,261.36,-1092.88,72.22,-32.51,81.41,18.25,0.1497,0.2265,0.0057,-0.0173,0.2639,-0.1956
5.5985,260.94,-1093.17,72.45,-31.96,87.43,15.71,0.1447,0.2443,-0.0345,-0.0146,0.2553,-0.2010
5.6403,260.74,-1093.68,72.79,-32.68,93.20,13.64,0.1393,0.2616,-0.0735,-0.0156,0.2479,-0.2104
5.6826,260.64,-1094.02,73.09,-31.71,98.73,9.45,0.1340,0.2738,-0.1110,-0.0179,0.2398,-0.2234
5.7242,260.72,-1094.39,73.48,-31.07,105.23,5.95,0.1289,0.2843,-0.1424,-0.0241,0.2287,-0.2372
5.7662,260.83,-1094.58,73.80,-29.40,112.26,1.15,0.1218,0.2919,-0.1626,-0.0366,0.2124,-0.2497
5.8079,261.14,-1094.84,74.03,-28.44,119.66,-3.67,0.1105,0.2983,-0.1793,-0.0556,0.1926,-0.2591
5.8497,261.44,-1094.94,74.18,-27.00,127.53,-8.49,0.0996,0.3039,-0.1965,-0.0816,0.1613,-0.2619
5.8909,261.73,-1094.86,74.25,-24.77,135.07,-13.08,0.0924,0.3063,-0.2053,-0.1110,0.1178,-0.2613
5.9327,261.98,-1094.61,74.22,-22.24,142.47,-17.37,0.0843,0.3104,-0.2120,-0.1463,0.0682,-0.2590
5.9747,262.28,-1094.25,74.07,-19.63,149.27,-21.76,0.0750,0.3126,-0.2170,-0.1869,0.0138,-0.2517
6.0164,262.47,-1093.67,73.84,-17.05,154.39,-26.58,0.0695,0.3121,-0.2186,-0.2263,-0.0438,-0.2377
6.0582,262.70,-1093.01,73.56,-15.02,158.19,-30.22,0.0643,0.3115,-0.2196,-0.2611,-0.1023,-0.2150
6.1000,262.84,-1092.29,73.33,-13.05,160.67,-33.18,0.0603,0.3098,-0.2213,-0.2790,-0.1618,-0.1763
6.1420,262.95,-1091.60,73.10,-11.60,161.82,-35.48,0.0574,0.3089,-0.2229,-0.2846,-0.2091,-0.1297
6.1844,263.03,-1090.96,72.92,-10.45,162.07,-37.80,0.0559,0.3070,-0.2250,-0.2822,-0.2443,-0.0759
6.2266,263.12,-1090.42,72.67,-9.82,162.29,-39.12,0.0541,0.3055,-0.2258,-0.2765,-0.2633,-0.0201
6.2684,263.29,-1089.92,72.42,-10.15,161.93,-40.44,0.0517,0.3027,-0.2248,-0.2657,-0.2670,0.0344
6.3099,263.44,-1089.50,72.19,-10.33,160.51,-41.44,0.0490,0.2991,-0.2230,-0.2563,-0.2609,0.0849
6.3516,263.76,-1089.30,71.90,-11.47,159.24,-41.78,0.0459,0.2964,-0.2206,-0.2532,-0.2415,0.1299
6.3936,264.13,-1089.20,71.63,-13.26,157.82,-41.35,0.0439,0.2926,-0.2180,-0.2495,-0.2114,0.1658
6.4354,264.59,-1089.19,71.35,-15.10,155.35,-40.74,0.0431,0.2887,-0.2149,-0.2491,-0.1696,0.1918
6.4769,265.11,-1089.24,71.16,-17.42,152.76,-39.21,0.0436,0.2848,-0.2122,-0.2484,-0.1188,0.2035
6.5179,265.72,-1089.28,70.95,-19.55,149.32,-37.37,0.0461,0.2803,-0.2088,-0.2468,-0.0658,0.2034
6.5596,266.26,-1089.40,70.93,-21.37,145.67,-35.35,0.0514,0.2765,-0.2061,-0.2439,-0.0090,0.1915
6.6013,266.90,-1089.60,70.90,-23.47,141.50,-32.64,0.0597,0.2727,-0.2013,-0.2386,0.0439,0.1686
6.6431,267.47,-1089.72,70.96,-25.51,136.78,-30.32,0.0701,0.2684,-0.1969,-0.2322,0.0935,0.1388
6.6848,268.07,-1089.78,70.97,-27.60,130.85,-27.16,0.0814,0.2626,-0.1908,-0.2224,0.1382,0.1066
6.7265,268.59,-1089.67,71.04,-29.44,124.29,-24.25,0.0921,0.2545,-0.1852,-0.2062,0.1753,0.0738
6.7686,269.13,-1089.64,71.06,-31.19,117.33,-20.87,0.1019,0.2476,-0.1792,-0.1843,0.2081,0.0404
6.8098,269.62,-1089.53,71.04,-32.87,110.06,-17.37,0.1099,0.2392,-0.1739,-0.1566,0.2326,0.0057
6.8522,270.18,-1089.56,71.06,-33.95,102.34,-12.89,0.1141,0.2322,-0.1726,-0.1285,0.2499,-0.0290
6.8937,270.68,-1089.64,71.11,-35.56,94.69,-8.40,0.1174,0.2242,-0.1723,-0.1046,0.2633,-0.0646
6.9353,271.13,-1089.70,71.15,-35.75,86.88,-3.54,0.1189,0.2166,-0.1745,-0.0843,0.2712,-0.0986
6.9770,271.45,-1089.74,71.21,-36.24,80.11,0.79,0.1205,0.2054,-0.1788,-0.0656,0.2748,-0.1298
7.0189,271.72,-1089.77,71.27,-35.90,74.35,5.31,0.1239,0.1903,-0.1864,-0.0515,0.2745,-0.1532
7.0607,271.73,-1089.63,71.36,-35.29,69.42,9.48,0.1342,0.1636,-0.1937,-0.0392,0.2728,-0.1709
7.1026,271.68,-1089.36,71.42,-34.15,65.07,13.59,0.1503,0.1310,-0.2018,-0.0336,0.2727,-0.1834
7.1445,271.41,-1089.04,71.33,-33.53,61.45,16.77,0.1727,0.0926,-0.2053,-0.0318,0.2741,-0.1927
7.1861,271.08,-1088.73,71.14,-33.38,58.85,19.94,0.1977,0.0512,-0.2083,-0.0304,0.2763,-0.2011
7.2274,270.71,-1088.32,70.92,-33.81,56.63,22.02,0.2236,0.0045,-0.2060,-0.0310,0.2772,-0.2087
7.2697,270.38,-1087.98,70.65,-33.99,54.78,24.37,0.2476,-0.0437,-0.1968,-0.0320,0.2791,-0.2159
7.3114,270.06,-1087.58,70.39,-34.59,53.26,26.36,0.2669,-0.0933,-0.1766,-0.0357,0.2788,-0.2227
7.3535,269.93,-1087.15,70.13,-34.01,52.88,28.27,0.2772,-0.1410,-0.1487,-0.0414,0.2780,-0.2287
7.3952,269.79,-1086.88,69.92,-34.17,52.38,30.18,0.2827,-0.1812,-0.1123,-0.0478,0.2776,-0.2339
7.4365,269.76,-1086.77,69.76,-33.89,51.17,31.48,0.2850,-0.2129,-0.0726,-0.0552,0.2774,-0.2377
7.4788,269.74,-1086.80,69.61,-34.19,49.55,33.35,0.2808,-0.2370,-0.0259,-0.0631,0.2773,-0.2406
7.5207,269.65,-1086.81,69.51,-34.05,49.01,33.83,0.2746,-0.2524,0.0177,-0.0711,0.2774,-0.2422
7.5621,269.49,-1087.01,69.43,-34.53,48.32,34.12,0.2684,-0.2568,0.0609,-0.0770,0.2795,-0.2422
7.6045,269.28,-1087.15,69.39,-34.48,48.32,33.35,0.2597,-0.2513,0.1022,-0.0819,0.2812,-0.2404
7.6459,269.06,-1087.46,69.37,-34.68,48.64,32.85,0.2525,-0.2347,0.1398,-0.0848,0.2838,-0.2377
7.6878,268.81,-1087.81,69.39,-34.75,48.27,32.31,0.2452,-0.2059,0.1701,-0.0854,0.2855,-0.2346
7.7299,268.52,-1088.22,69.37,-34.80,47.86,32.26,0.2361,-0.1708,0.1929,-0.0854,0.2863,-0.2299
7.7720,268.16,-1088.59,69.34,-34.86,48.30,32.46,0.2287,-0.1307,0.2082,-0.0831,0.2847,-0.2251
7.8140,267.74,-1088.98,69.31,-35.21,49.35,32.07,0.2217,-0.0855,0.2155,-0.0799,0.2810,-0.2207
7.8550,267.25,-1089.37,69.31,-35.95,51.01,31.53,0.2139,-0.0365,0.2134,-0.0767,0.2771,-0.2172
7.8965,266.75,-1089.70,69.33,-36.47,53.61,30.31,0.2050,0.0125,0.2021,-0.0726,0.2726,-0.2144
7.9386,266.16,-1090.01,69.38,-37.09,56.43,28.56,0.1949,0.0595,0.1830,-0.0675,0.2658,-0.2111
7.9801,265.54,-1090.24,69.46,-37.93,59.96,26.85,0.1848,0.1035,0.1530,-0.0619,0.2571,-0.2078
8.0219,264.92,-1090.39,69.59,-38.40,64.70,24.74,0.1741,0.1359,0.1176,-0.0562,0.2464,-0.2052
8.0635,264.25,-1090.55,69.82,-39.05,70.40,21.91,0.1649,0.1641,0.0832,-0.0514,0.2345,-0.2029
8.1050,263.62,-1090.81,70.20,-39.70,77.07,18.09,0.1545,0.1926,0.0456,-0.0477,0.2252,-0.2013
8.1467,263.11,-1090.92,70.70,-39.13,84.54,13.67,0.1435,0.2164,0.0066,-0.0469,0.2170,-0.2000
8.1887,262.71,-1091.20,71.27,-38.18,92.41,8.85,0.1329,0.2386,-0.0318,-0.0475,0.2124,-0.1999
8.2305,262.47,-1091.44,71.80,-36.82,99.47,3.59,0.1215,0.2597,-0.0734,-0.0517,0.2083,-0.2000
8.2721,262.30,-1091.61,72.36,-34.96,107.15,-1.66,0.1081,0.2743,-0.1152,-0.0571,0.2044,-0.2023
8.3139,262.21,-1091.74,72.87,-32.91,114.13,-7.41,0.0953,0.2846,-0.1549,-0.0648,0.1992,-0.2063
8.3557,262.04,-1091.70,73.14,-29.94,121.21,-12.24,0.0833,0.2869,-0.1884,-0.0743,0.1894,-0.2097
8.3973,261.94,-1091.74,73.35,-27.61,128.29,-17.16,0.0718,0.2870,-0.2178,-0.0871,0.1744,-0.2138
8.4390,261.85,-1091.65,73.45,-25.47,135.25,-21.62,0.0640,0.2845,-0.2397,-0.1052,0.1493,-0.2161
8.4804,261.80,-1091.47,73.49,-22.74,141.69,-25.23,0.0584,0.2825,-0.2540,-0.1282,0.1176,-0.2177
8.5220,261.89,-1091.25,73.46,-20.46,147.43,-28.82,0.0545,0.2826,-0.2613,-0.1579,0.0789,-0.2166
8.5641,262.03,-1090.96,73.45,-18.05,152.12,-32.11,0.0527,0.2843,-0.2641,-0.1888,0.0351,-0.2119
8.6059,262.17,-1090.59,73.42,-15.79,156.00,-34.44,0.0518,0.2870,-0.2648,-0.2183,-0.0136,-0.2026
8.6478,262.31,-1090.17,73.42,-13.58,158.76,-36.68,0.0522,0.2900,-0.2651,-0.2449,-0.0649,-0.1864
8.6900,262.47,-1089.79,73.35,-11.66,161.15,-38.17,0.0537,0.2934,-0.2651,-0.2685,-0.1173,-0.1635
8.7324,262.59,-1089.42,73.23,-10.26,163.12,-39.72,0.0562,0.2967,-0.2639,-0.2853,-0.1702,-0.1273
8.7743,262.73,-1089.11,73.05,-9.54,164.31,-40.69,0.0585,0.2993,-0.2620,-0.2933,-0.2108,-0.0826
8.8163,262.85,-1088.86,72.83,-9.24,164.92,-41.54,0.0613,0.3005,-0.2586,-0.2913,-0.2386,-0.0307
8.8586,262.98,-1088.63,72.61,-9.28,165.30,-42.30,0.0632,0.3011,-0.2549,-0.2868,-0.2503,0.0196
8.9001,263.16,-1088.43,72.31,-9.68,165.05,-42.85,0.0645,0.3021,-0.2499,-0.2833,-0.2450,0.0648
8.9421,263.35,-1088.23,72.05,-10.41,164.34,-43.67,0.0661,0.3016,-0.2454,-0.2779,-0.2273,0.1033
8.9837,263.58,-1088.00,71.76,-11.41,162.62,-44.49,0.0677,0.2994,-0.2409,-0.2758,-0.1948,0.1351
9.0256,263.87,-1087.75,71.49,-13.07,160.25,-44.54,0.0692,0.2957,-0.2367,-0.2720,-0.1514,0.1580
9.0673,264.25,-1087.53,71.11,-15.32,156.97,-44.54,0.0705,0.2904,-0.2321,-0.2665,-0.1005,0.1727
9.1090,264.68,-1087.31,70.76,-18.16,153.18,-43.68,0.0726,0.2835,-0.2276,-0.2582,-0.0454,0.1783
9.1508,265.19,-1087.11,70.32,-21.51,148.60,-42.92,0.0754,0.2756,-0.2212,-0.2476,0.0096,0.1742
9.1918,265.74,-1086.90,69.77,-25.13,144.21,-42.17,0.0792,0.2668,-0.2127,-0.2367,0.0598,0.1595
9.2327,266.34,-1086.58,69.21,-28.51,139.30,-40.34,0.0835,0.2578,-0.2029,-0.2269,0.1033,0.1387
9.2743,267.03,-1086.28,68.61,-32.23,133.34,-38.47,0.0885,0.2487,-0.1936,-0.2156,0.1421,0.1141
9.3166,267.79,-1085.95,68.12,-35.94,126.97,-35.81,0.0941,0.2395,-0.1854,-0.1988,0.1753,0.0842
9.3582,268.62,-1085.69,67.58,-39.33,118.96,-31.82,0.0987,0.2309,-0.1774,-0.1786,0.2024,0.0538
9.3998,269.37,-1085.44,67.15,-42.29,111.34,-28.22,0.1040,0.2212,-0.1708,-0.1555,0.2219,0.0228
9.4412,270.25,-1085.34,66.79,-44.44,103.00,-23.47,0.1067,0.2151,-0.1652,-0.1326,0.2381,-0.0091
9.4831,271.06,-1085.39,66.57,-46.04,94.99,-18.84,0.1075,0.2088,-0.1631,-0.1132,0.2496,-0.0413
9.5253,271.86,-1085.52,66.46,-47.22,87.40,-13.73,0.1085,0.2024,-0.1640,-0.0979,0.2576,-0.0703
9.5675,272.53,-1085.71,66.49,-47.57,80.69,-9.30,0.1095,0.1959,-0.1674,-0.0837,0.2624,-0.0992
9.6095,273.11,-1085.93,66.58,-47.24,74.50,-5.27,0.1120,0.1860,-0.1721,-0.0751,0.2650,-0.1191
9.6502,273.54,-1086.10,66.91,-47.25,68.95,-1.54,0.1186,0.1694,-0.1791,-0.0660,0.2672,-0.1402
9.6922,273.82,-1086.18,67.14,-45.25,64.37,1.61,0.1305,0.1473,-0.1838,-0.0626,0.2675,-0.1531
9.7339,273.82,-1086.42,67.47,-44.83,60.04,4.79,0.1496,0.1201,-0.1868,-0.0598,0.2711,-0.1672
9.7760,273.74,-1086.47,67.70,-43.41,56.14,8.01,0.1708,0.0839,-0.1862,-0.0599,0.2738,-0.1759
9.8183,273.50,-1086.60,67.92,-42.50,52.80,11.43,0.1922,0.0417,-0.1828,-0.0569,0.2766,-0.1861
9.8599,273.26,-1086.59,68.18,-41.75,50.22,13.87,0.2122,-0.0074,-0.1763,-0.0558,0.2774,-0.1957
9.9015,273.07,-1086.56,68.44,-40.51,48.59,15.34,0.2312,-0.0578,-0.1667,-0.0566,0.2789,-0.2043
9.9437,272.95,-1086.54,68.66,-39.39,47.43,16.28,0.2461,-0.1081,-0.1509,-0.0605,0.2809,-0.2113
9.9856,272.88,-1086.64,68.90,-38.45,46.48,17.20,0.2530,-0.1545,-0.1286,-0.0647,0.2845,-0.2176
10.0276,272.86,-1086.82,69.13,-37.56,45.16,18.41,0.2519,-0.1917,-0.0992,-0.0694,0.2882,-0.2230
10.0687,272.83,-1087.03,69.41,-36.95,44.65,19.11,0.2451,-0.2179,-0.0623,-0.0731,0.2918,-0.2283
10.1104,272.82,-1087.31,69.73,-35.98,44.21,19.46,0.2359,-0.2337,-0.0202,-0.0770,0.2951,-0.2330
10.1521,272.80,-1087.66,70.12,-34.84,43.94,19.43,0.2246,-0.2411,0.0245,-0.0802,0.2992,-0.2380
10.1941,272.80,-1088.01,70.46,-33.38,43.19,19.78,0.2118,-0.2417,0.0670,-0.0830,0.3020,-0.2422
10.2359,272.66,-1088.36,70.74,-32.33,42.57,20.35,0.2009,-0.2346,0.1051,-0.0843,0.3047,-0.2458
10.2770,272.42,-1088.66,70.94,-31.70,42.78,20.59,0.1921,-0.2198,0.1383,-0.0840,0.3068,-0.2481
10.3185,272.10,-1088.95,71.09,-31.38,43.34,20.23,0.1891,-0.1923,0.1639,-0.0817,0.3076,-0.2496
10.3604,271.68,-1089.15,71.23,-31.13,44.54,19.81,0.1880,-0.1577,0.1792,-0.0786,0.3064,-0.2500
10.4028,271.21,-1089.32,71.33,-30.98,46.17,19.42,0.1890,-0.1176,0.1871,-0.0742,0.3047,-0.2494
10.4443,270.72,-1089.48,71.40,-30.84,47.98,19.15,0.1915,-0.0714,0.1863,-0.0702,0.3005,-0.2475
10.4862,270.19,-1089.63,71.37,-31.01,50.06,18.64,0.1929,-0.0237,0.1786,-0.0658,0.2964,-0.2444
10.5273,269.65,-1089.88,71.37,-31.82,52.21,18.46,0.1919,0.0266,0.1662,-0.0609,0.2916,-0.2416
10.5704,269.13,-1089.94,71.40,-32.54,55.26,17.91,0.1895,0.0752,0.1486,-0.0564,0.2837,-0.2392
10.6114,268.63,-1089.92,71.50,-32.83,59.20,16.77,0.1830,0.1190,0.1218,-0.0527,0.2747,-0.2372
10.6530,268.10,-1089.88,71.60,-33.35,63.95,14.77,0.1737,0.1579,0.0875,-0.0495,0.2649,-0.2352
10.6945,267.61,-1089.84,71.74,-33.75,69.11,12.14,0.1640,0.1911,0.0466,-0.0468,0.2548,-0.2349
10.7357,267.13,-1089.93,71.86,-34.06,75.26,9.50,0.1558,0.2205,0.0020,-0.0464,0.2454,-0.2339
10.7777,266.59,-1090.03,72.18,-34.27,81.38,5.88,0.1484,0.2411,-0.0460,-0.0452,0.2353,-0.2366
10.8191,266.14,-1090.04,72.60,-32.88,88.72,2.45,0.1394,0.2559,-0.0934,-0.0467,0.2227,-0.2410
10.8609,265.64,-1090.20,73.06,-31.10,95.72,-2.49,0.1308,0.2655,-0.1330,-0.0511,0.2119,-0.2468
10.9031,265.29,-1090.28,73.42,-29.55,103.64,-6.29,0.1222,0.2723,-0.1660,-0.0609,0.2010,-0.2490
10.9448,264.96,-1090.43,73.63,-27.57,111.67,-11.43,0.1138,0.2783,-0.1899,-0.0741,0.1858,-0.2521
10.9859,264.77,-1090.46,73.72,-26.47,119.68,-15.32,0.1032,0.2822,-0.2088,-0.0955,0.1608,-0.2503
11.0266,264.54,-1090.35,73.67,-24.66,127.45,-18.99,0.0920,0.2820,-0.2195,-0.1215,0.1252,-0.2472
11.0683,264.40,-1090.16,73.50,-22.82,134.86,-22.99,0.0817,0.2825,-0.2268,-0.1533,0.0790,-0.2398
11.1102,264.39,-1089.87,73.19,-21.59,141.65,-26.00,0.0733,0.2839,-0.2314,-0.1865,0.0287,-0.2272
11.1523,264.39,-1089.45,72.91,-20.08,146.89,-29.79,0.0661,0.2846,-0.2360,-0.2180,-0.0230,-0.2098
11.1941,264.45,-1088.83,72.52,-18.65,150.55,-32.58,0.0604,0.2838,-0.2386,-0.2462,-0.0748,-0.1823
11.2357,264.51,-1088.20,72.18,-17.29,153.20,-35.35,0.0562,0.2835,-0.2409,-0.2693,-0.1228,-0.1500
11.2774,264.66,-1087.55,71.81,-16.35,154.94,-37.60,0.0520,0.2828,-0.2423,-0.2822,-0.1682,-0.1098
11.3196,264.78,-1086.84,71.51,-15.10,155.32,-39.75,0.0497,0.2817,-0.2435,-0.2912,-0.2033,-0.0616
11.3617,265.00,-1086.24,71.19,-14.29,154.96,-41.34,0.0473,0.2798,-0.2437,-0.2938,-0.2235,-0.0134
11.4036,265.32,-1085.78,70.85,-13.99,154.54,-42.35,0.0446,0.2770,-0.2431,-0.2948,-0.2309,0.0348
11.4451,265.64,-1085.36,70.55,-14.01,153.84,-43.60,0.0428,0.2746,-0.2411,-0.2977,-0.2242,0.0809
11.4867,266.06,-1085.08,70.24,-14.56,152.67,-44.09,0.0410,0.2728,-0.2384,-0.2987,-0.2027,0.1241
11.5285,266.51,-1084.91,69.95,-15.54,150.99,-44.61,0.0394,0.2715,-0.2351,-0.2973,-0.1685,0.1608
11.5702,267.03,-1084.82,69.76,-16.80,149.07,-44.13,0.0382,0.2696,-0.2317,-0.2977,-0.1251,0.1902
11.6119,267.61,-1084.79,69.62,-18.10,146.54,-43.29,0.0372,0.2674,-0.2274,-0.2943,-0.0785,0.2082
11.6536,268.16,-1084.83,69.50,-19.98,143.36,-42.67,0.0375,0.2663,-0.2204,-0.2865,-0.0266,0.2115
11.6954,268.70,-1085.00,69.36,-22.17,139.86,-40.59,0.0381,0.2662,-0.2111,-0.2746,0.0304,0.2044
11.7931,269.12,-1085.16,69.26,-25.33,135.79,-38.98,0.0493,0.2592,-0.1902,-0.2225,0.1499,0.1468
11.8356,269.93,-1085.43,68.82,-32.58,124.87,-32.40,0.0504,0.2558,-0.1792,-0.1967,0.1904,0.1107
11.8770,270.18,-1085.38,68.58,-34.76,119.13,-28.89,0.0547,0.2504,-0.1705,-0.1703,0.2198,0.0731
11.9186,270.51,-1085.39,68.34,-37.31,113.14,-25.06,0.0561,0.2450,-0.1640,-0.1462,0.2416,0.0360
11.9604,270.89,-1085.46,68.07,-39.81,106.71,-20.56,0.0562,0.2368,-0.1603,-0.1228,0.2576,-0.0004
12.0023,271.30,-1085.59,67.89,-41.91,99.61,-15.41,0.0559,0.2258,-0.1617,-0.1021,0.2678,-0.0323
12.0440,271.76,-1085.88,67.76,-43.36,92.31,-9.05,0.0571,0.2125,-0.1679,-0.0860,0.2740,-0.0585
12.0861,272.13,-1086.31,67.79,-44.44,84.52,-2.51,0.0623,0.1963,-0.1780,-0.0743,0.2801,-0.0789
12.1278,272.42,-1086.63,67.88,-44.71,77.11,3.80,0.0694,0.1738,-0.1930,-0.0675,0.2828,-0.0950
12.1695,272.51,-1086.97,68.06,-43.85,70.30,8.84,0.0840,0.1466,-0.2083,-0.0635,0.2875,-0.1090
12.2111,272.49,-1087.30,68.18,-43.69,64.25,14.59,0.1007,0.1139,-0.2253,-0.0596,0.2913,-0.1231
12.2539,272.32,-1087.40,68.25,-42.29,59.57,18.35,0.1211,0.0708,-0.2404,-0.0563,0.2929,-0.1348
12.2955,272.09,-1087.52,68.22,-41.65,55.25,22.21,0.1446,0.0202,-0.2526,-0.0540,0.2947,-0.1426
12.3377,271.78,-1087.39,68.21,-40.78,52.45,24.77,0.1713,-0.0403,-0.2587,-0.0509,0.2954,-0.1491
12.3795,271.52,-1087.20,68.15,-40.04,50.40,27.07,0.1974,-0.1008,-0.2538,-0.0476,0.2962,-0.1550
12.4215,271.26,-1086.90,68.09,-39.54,49.14,28.52,0.2159,-0.1612,-0.2351,-0.0459,0.2970,-0.1593
12.4639,271.10,-1086.64,67.98,-39.10,48.27,30.17,0.2247,-0.2125,-0.2121,-0.0455,0.2981,-0.1628
12.5055,271.00,-1086.35,67.88,-38.67,47.56,31.56,0.2288,-0.2524,-0.1773,-0.0457,0.2977,-0.1666
12.5473,270.95,-1086.16,67.81,-38.18,47.07,32.93,0.2348,-0.2750,-0.1403,-0.0464,0.2981,-0.1699
12.5890,270.96,-1086.05,67.77,-37.51,46.16,34.17,0.2427,-0.2848,-0.0930,-0.0472,0.2991,-0.1736
12.6303,270.98,-1086.09,67.75,-36.56,44.32,35.47,0.2513,-0.2842,-0.0415,-0.0485,0.3014,-0.1770
12.6725,270.96,-1086.11,67.74,-35.84,41.97,37.31,0.2531,-0.2784,0.0114,-0.0496,0.3027,-0.1798
12.7146,270.85,-1086.14,67.74,-34.77,40.63,38.50,0.2509,-0.2686,0.0629,-0.0490,0.3044,-0.1821
12.7560,270.58,-1086.15,67.76,-34.13,39.99,39.14,0.2482,-0.2507,0.1077,-0.0465,0.3051,-0.1839
12.7978,270.30,-1086.27,67.80,-33.74,40.31,39.38,0.2438,-0.2237,0.1426,-0.0434,0.3060,-0.1857
12.8393,270.00,-1086.44,67.93,-34.12,40.43,39.16,0.2416,-0.1873,0.1706,-0.0401,0.3053,-0.1877
12.8813,269.69,-1086.61,68.09,-33.99,42.09,37.86,0.2402,-0.1451,0.1894,-0.0373,0.3029,-0.1890
12.9232,269.36,-1086.96,68.29,-34.46,43.64,36.45,0.2351,-0.0965,0.1969,-0.0349,0.3039,-0.1895
12.9652,269.00,-1087.40,68.53,-35.17,45.62,34.92,0.2292,-0.0430,0.1962,-0.0323,0.3008,-0.1882
13.0073,268.68,-1087.89,68.71,-35.98,48.59,32.85,0.2201,0.0120,0.1859,-0.0307,0.2987,-0.1856
13.0485,268.32,-1088.35,68.91,-37.54,52.19,30.39,0.2094,0.0631,0.1688,-0.0303,0.2941,-0.1826
13.0904,267.98,-1088.57,69.06,-39.02,58.00,27.22,0.1970,0.1080,0.1462,-0.0316,0.2872,-0.1783
13.1315,267.54,-1088.73,69.17,-40.03,64.98,22.15,0.1843,0.1459,0.1196,-0.0337,0.2806,-0.1722
13.1732,267.18,-1088.97,69.22,-41.10,71.56,18.03,0.1712,0.1796,0.0906,-0.0385,0.2753,-0.1633
13.2149,266.74,-1089.22,69.34,-42.08,78.18,13.17,0.1590,0.2053,0.0622,-0.0433,0.2716,-0.1538
13.2562,266.33,-1089.40,69.52,-42.19,85.31,8.27,0.1474,0.2271,0.0303,-0.0484,0.2671,-0.1455
13.2978,265.99,-1089.75,69.70,-42.06,92.06,3.32,0.1366,0.2469,-0.0023,-0.0533,0.2622,-0.1435
13.3399,265.62,-1089.80,69.96,-41.28,99.28,-1.65,0.1280,0.2603,-0.0318,-0.0591,0.2494,-0.1523
13.3820,265.32,-1090.10,70.22,-39.57,106.54,-7.28,0.1173,0.2735,-0.0622,-0.0699,0.2329,-0.1658
13.4233,265.12,-1090.28,70.50,-38.55,114.56,-12.02,0.1073,0.2842,-0.0936,-0.0849,0.2071,-0.1869
13.4649,264.99,-1090.31,70.73,-36.08,121.83,-16.82,0.0984,0.2912,-0.1207,-0.1036,0.1683,-0.2121
13.5065,264.85,-1090.23,70.96,-33.64,128.93,-20.86,0.0892,0.2961,-0.1453,-0.1282,0.1165,-0.2354
13.5481,264.76,-1090.04,71.09,-30.61,134.87,-24.69,0.0781,0.2966,-0.1681,-0.1528,0.0603,-0.2537
13.5907,264.74,-1089.83,71.18,-28.28,140.49,-27.70,0.0685,0.2972,-0.1859,-0.1758,0.0020,-0.2626
13.6319,264.72,-1089.45,71.19,-25.58,144.80,-30.33,0.0600,0.2969,-0.1997,-0.1969,-0.0586,-0.2615
13.6733,264.76,-1088.88,71.14,-23.53,148.50,-32.49,0.0527,0.2952,-0.2106,-0.2156,-0.1145,-0.2508
13.7149,264.78,-1088.20,71.03,-20.90,150.69,-34.93,0.0477,0.2948,-0.2183,-0.2267,-0.1660,-0.2314
13.7573,264.83,-1087.53,70.96,-19.07,152.42,-37.10,0.0438,0.2929,-0.2243,-0.2283,-0.2109,-0.2010
13.7988,264.76,-1086.87,70.95,-16.25,153.51,-39.73,0.0419,0.2915,-0.2293,-0.2340,-0.2443,-0.1658
13.8406,264.79,-1086.45,70.90,-14.17,154.80,-42.23,0.0394,0.2923,-0.2328,-0.2408,-0.2624,-0.1218
13.8827,264.80,-1086.18,70.86,-12.37,156.11,-44.94,0.0392,0.2932,-0.2331,-0.2478,-0.2658,-0.0714
13.9243,264.88,-1086.06,70.77,-10.98,157.77,-46.61,0.0365,0.2971,-0.2350,-0.2560,-0.2563,-0.0160
13.9663,264.96,-1085.96,70.68,-9.99,159.27,-48.10,0.0344,0.2990,-0.2346,-0.2592,-0.2385,0.0422
14.0086,265.12,-1085.86,70.53,-9.80,159.74,-48.83,0.0329,0.3005,-0.2325,-0.2569,-0.2160,0.0958
14.0501,265.26,-1085.71,70.47,-9.99,159.09,-48.73,0.0310,0.3007,-0.2312,-0.2522,-0.1891,0.1400
14.0925,265.54,-1085.78,70.34,-11.32,158.04,-48.20,0.0297,0.3002,-0.2279,-0.2470,-0.1539,0.1736
14.1342,265.75,-1085.76,70.26,-13.34,156.22,-47.37,0.0287,0.2965,-0.2237,-0.2437,-0.1076,0.1935
14.1759,266.00,-1085.87,70.15,-15.55,153.49,-46.12,0.0283,0.2917,-0.2178,-0.2373,-0.0552,0.2016
14.2174,266.25,-1085.99,69.95,-18.67,150.13,-44.15,0.0283,0.2864,-0.2113,-0.2280,0.0038,0.2012
14.2589,266.55,-1086.16,69.70,-22.53,145.79,-42.44,0.0296,0.2810,-0.2031,-0.2107,0.0631,0.1899
14.3005,267.04,-1086.40,69.30,-28.04,139.60,-38.70,0.0298,0.2761,-0.1929,-0.1898,0.1190,0.1726
14.3419,267.50,-1086.58,69.12,-32.40,132.71,-34.29,0.0310,0.2704,-0.1848,-0.1648,0.1737,0.1429
14.3834,268.17,-1086.61,68.93,-35.86,125.28,-28.08,0.0322,0.2627,-0.1762,-0.1415,0.2108,0.1016
14.4255,268.67,-1086.53,68.75,-37.16,117.15,-24.47,0.0374,0.2554,-0.1691,-0.1196,0.2361,0.0582
14.4676,269.46,-1086.72,68.59,-39.93,109.96,-19.52,0.0402,0.2481,-0.1639,-0.1020,0.2551,0.0120
14.5095,270.00,-1086.72,68.38,-41.08,102.50,-15.88,0.0424,0.2363,-0.1643,-0.0880,0.2623,-0.0226
14.5511,270.62,-1086.86,68.21,-43.43,95.13,-11.02,0.0459,0.2216,-0.1693,-0.0795,0.2692,-0.0551
14.5928,271.12,-1086.97,68.03,-43.83,86.76,-5.72,0.0517,0.2032,-0.1784,-0.0756,0.2736,-0.0799
14.6346,271.57,-1087.28,68.01,-44.99,78.69,0.47,0.0625,0.1839,-0.1922,-0.0750,0.2787,-0.1048
14.6764,271.89,-1087.46,68.13,-44.27,71.48,6.14,0.0754,0.1634,-0.2087,-0.0768,0.2831,-0.1253
14.7182,272.09,-1087.78,68.32,-43.26,65.58,11.16,0.0888,0.1437,-0.2249,-0.0763,0.2866,-0.1436
14.7602,272.15,-1088.01,68.53,-42.08,60.38,15.21,0.1006,0.1176,-0.2397,-0.0734,0.2876,-0.1570
14.8017,272.09,-1088.05,68.69,-40.46,56.28,18.46,0.1131,0.0818,-0.2508,-0.0692,0.2871,-0.1663
14.8432,271.91,-1088.04,68.70,-39.58,52.77,21.29,0.1328,0.0386,-0.2541,-0.0659,0.2878,-0.1734
14.8852,271.66,-1087.88,68.60,-39.01,50.77,23.41,0.1558,-0.0124,-0.2546,-0.0645,0.2879,-0.1787
14.9263,271.37,-1087.79,68.42,-39.34,48.99,25.14,0.1820,-0.0639,-0.2501,-0.0645,0.2888,-0.1830
14.9686,271.14,-1087.62,68.22,-39.53,47.28,26.70,0.2072,-0.1188,-0.2402,-0.0661,0.2901,-0.1861
15.0107,270.90,-1087.51,68.04,-39.76,45.96,28.09,0.2254,-0.1732,-0.2204,-0.0672,0.2906,-0.1891
15.0529,270.77,-1087.35,67.85,-39.93,45.45,29.31,0.2363,-0.2188,-0.1943,-0.0684,0.2897,-0.1906
15.0945,270.72,-1087.22,67.63,-39.93,45.05,29.81,0.2408,-0.2513,-0.1540,-0.0703,0.2900,-0.1911
15.1366,270.75,-1087.20,67.55,-40.41,45.04,30.74,0.2471,-0.2602,-0.1101,-0.0740,0.2910,-0.1911
15.1787,270.73,-1087.26,67.42,-40.41,45.06,30.27,0.2566,-0.2568,-0.0586,-0.0763,0.2927,-0.1892
15.2203,270.70,-1087.31,67.40,-40.46,44.58,30.16,0.2649,-0.2456,-0.0030,-0.0759,0.2931,-0.1879
15.2619,270.62,-1087.50,67.53,-39.89,44.28,30.35,0.2714,-0.2245,0.0474,-0.0742,0.2940,-0.1870
15.3037,270.47,-1087.73,67.70,-39.65,43.96,30.27,0.2706,-0.1975,0.0939,-0.0709,0.2951,-0.1858
15.3456,270.26,-1088.02,67.91,-39.04,43.75,30.59,0.2649,-0.1641,0.1306,-0.0662,0.2962,-0.1845
15.3877,269.94,-1088.27,68.13,-38.56,44.14,29.91,0.2599,-0.1237,0.1565,-0.0609,0.2956,-0.1833
15.4292,269.57,-1088.60,68.35,-38.28,45.14,29.45,0.2532,-0.0770,0.1702,-0.0559,0.2950,-0.1820
15.4710,269.16,-1088.94,68.55,-38.09,46.97,28.80,0.2424,-0.0267,0.1731,-0.0512,0.2948,-0.1810
15.5126,268.74,-1089.29,68.79,-37.94,48.96,27.41,0.2284,0.0254,0.1646,-0.0474,0.2930,-0.1781
15.5546,268.30,-1089.59,69.05,-37.82,51.66,26.23,0.2120,0.0739,0.1451,-0.0433,0.2894,-0.1751
15.5961,267.84,-1089.86,69.28,-37.65,55.17,24.48,0.1955,0.1226,0.1163,-0.0399,0.2837,-0.1720
15.6372,267.33,-1090.06,69.50,-37.86,59.45,22.41,0.1790,0.1640,0.0785,-0.0364,0.2767,-0.1704
15.6785,266.83,-1090.15,69.76,-37.55,64.85,19.53,0.1609,0.2021,0.0302,-0.0350,0.2678,-0.1686
15.7191,266.20,-1090.16,70.03,-36.93,70.57,15.30,0.1445,0.2255,-0.0198,-0.0356,0.2591,-0.1675
15.7605,265.68,-1090.16,70.29,-36.60,76.11,12.05,0.1271,0.2390,-0.0664,-0.0407,0.2513,-0.1672
15.8027,265.00,-1090.31,70.55,-36.46,81.82,8.46,0.1116,0.2498,-0.1028,-0.0449,0.2452,-0.1694
15.8443,264.38,-1090.32,70.86,-36.38,88.24,5.34,0.0989,0.2541,-0.1287,-0.0514,0.2389,-0.1747
15.8861,263.72,-1090.28,71.19,-35.10,95.81,1.35,0.0884,0.2588,-0.1492,-0.0589,0.2298,-0.1832
15.9278,263.26,-1090.25,71.47,-33.82,103.81,-3.39,0.0810,0.2636,-0.1641,-0.0685,0.2160,-0.1966
15.9697,262.99,-1090.29,71.61,-32.81,111.63,-7.97,0.0745,0.2693,-0.1770,-0.0820,0.1934,-0.2097
16.0113,262.78,-1090.23,71.70,-31.69,119.80,-13.07,0.0676,0.2725,-0.1885,-0.0976,0.1587,-0.2243
16.0534,262.69,-1090.10,71.68,-30.46,127.52,-17.99,0.0603,0.2753,-0.1988,-0.1215,0.1121,-0.2347
16.0951,262.64,-1089.82,71.63,-28.86,133.96,-22.98,0.0559,0.2773,-0.2078,-0.1488,0.0602,-0.2430
16.1365,262.79,-1089.50,71.48,-27.74,139.72,-27.06,0.0523,0.2785,-0.2169,-0.1739,0.0026,-0.2466
16.1775,262.94,-1088.98,71.30,-26.16,144.52,-30.54,0.0505,0.2770,-0.2236,-0.1967,-0.0554,-0.2426
16.2199,263.19,-1088.37,71.12,-24.41,147.63,-33.82,0.0488,0.2760,-0.2283,-0.2161,-0.1113,-0.2287
16.2618,263.51,-1087.71,70.86,-23.34,149.33,-36.45,0.0475,0.2744,-0.2309,-0.2289,-0.1621,-0.2030
16.3034,263.81,-1087.09,70.55,-22.63,150.02,-38.53,0.0478,0.2738,-0.2327,-0.2403,-0.1964,-0.1650
16.3454,264.16,-1086.74,70.23,-22.86,150.12,-40.48,0.0481,0.2757,-0.2336,-0.2483,-0.2094,-0.1128
16.3874,264.46,-1086.53,69.82,-23.66,150.80,-41.63,0.0484,0.2777,-0.2319,-0.2516,-0.1973,-0.0550
16.4297,264.72,-1086.49,69.31,-24.80,152.09,-42.66,0.0478,0.2776,-0.2278,-0.2518,-0.1708,0.0022
16.4723,264.98,-1086.60,68.96,-25.88,154.27,-44.15,0.0457,0.2769,-0.2247,-0.2481,-0.1404,0.0569
16.5143,265.26,-1086.53,68.75,-26.03,154.92,-45.71,0.0433,0.2746,-0.2229,-0.2398,-0.1064,0.1021
16.5560,265.60,-1086.40,68.64,-25.89,153.70,-45.43,0.0422,0.2718,-0.2218,-0.2299,-0.0693,0.1356
16.5977,266.02,-1086.44,68.57,-26.39,151.64,-45.15,0.0426,0.2689,-0.2202,-0.2185,-0.0272,0.1519
16.6395,266.43,-1086.53,68.48,-27.66,148.89,-44.14,0.0431,0.2647,-0.2181,-0.2074,0.0185,0.1566
16.6812,266.86,-1086.72,68.35,-29.54,145.60,-42.62,0.0443,0.2606,-0.2140,-0.1965,0.0670,0.1468
16.7232,267.33,-1086.94,68.12,-32.63,141.48,-40.09,0.0463,0.2557,-0.2088,-0.1842,0.1140,0.1257
16.7649,267.76,-1087.11,67.90,-35.51,136.14,-37.47,0.0499,0.2490,-0.2033,-0.1703,0.1620,0.0972
16.8062,268.21,-1087.16,67.81,-38.17,130.03,-33.97,0.0549,0.2419,-0.1984,-0.1534,0.2010,0.0623
16.8474,268.63,-1087.15,67.79,-39.73,123.33,-30.56,0.0612,0.2340,-0.1935,-0.1350,0.2278,0.0268
16.8894,269.13,-1087.18,67.91,-41.08,116.82,-26.66,0.0672,0.2277,-0.1891,-0.1172,0.2469,-0.0088
16.9313,269.62,-1087.11,68.10,-41.33,109.77,-23.05,0.0719,0.2207,-0.1863,-0.1008,0.2574,-0.0433
16.9730,270.22,-1087.18,68.36,-41.45,102.63,-18.21,0.0747,0.2131,-0.1859,-0.0893,0.2653,-0.0767
17.0145,270.76,-1087.17,68.67,-41.19,95.40,-13.45,0.0771,0.1994,-0.1903,-0.0862,0.2689,-0.1051
17.0559,271.21,-1087.32,69.04,-40.51,88.44,-8.48,0.0808,0.1851,-0.1979,-0.0867,0.2742,-0.1312
17.0975,271.50,-1087.47,69.35,-39.74,82.90,-4.43,0.0861,0.1719,-0.2067,-0.0874,0.2780,-0.1510
17.1398,271.66,-1087.66,69.63,-39.62,78.20,-1.19,0.0923,0.1571,-0.2158,-0.0854,0.2809,-0.1643
17.1814,271.62,-1087.71,69.80,-39.04,74.49,1.89,0.0991,0.1346,-0.2284,-0.0818,0.2821,-0.1716
17.2233,271.43,-1087.75,69.83,-38.92,71.18,4.48,0.1113,0.1029,-0.2413,-0.0762,0.2833,-0.1765
17.2648,271.17,-1087.68,69.79,-39.58,68.65,7.34,0.1302,0.0631,-0.2553,-0.0728,0.2821,-0.1812
17.3066,270.79,-1087.34,69.61,-39.54,67.16,8.69,0.1551,0.0141,-0.2635,-0.0709,0.2797,-0.1836
17.3483,270.38,-1087.04,69.43,-39.93,66.27,9.62,0.1831,-0.0390,-0.2637,-0.0684,0.2782,-0.1859
17.3905,270.01,-1086.59,69.24,-40.61,66.49,9.93,0.2121,-0.0924,-0.2541,-0.0665,0.2745,-0.1885
17.4322,269.73,-1086.06,69.00,-40.71,67.13,9.55,0.2362,-0.1376,-0.2247,-0.0672,0.2708,-0.1902
17.4739,269.48,-1085.66,68.75,-41.32,67.91,9.74,0.2555,-0.1697,-0.1914,-0.0687,0.2688,-0.1927
17.5156,269.30,-1085.34,68.52,-41.84,68.36,9.62,0.2683,-0.1892,-0.1474,-0.0715,0.2669,-0.1949
17.5575,269.17,-1085.23,68.32,-42.16,68.48,10.23,0.2717,-0.1954,-0.0996,-0.0734,0.2689,-0.1979
17.5996,269.03,-1085.20,68.16,-42.42,67.88,10.25,0.2693,-0.1886,-0.0508,-0.0760,0.2711,-0.1988
17.6415,268.85,-1085.32,68.01,-42.66,66.94,10.81,0.2675,-0.1715,-0.0004,-0.0761,0.2736,-0.1987
17.6831,268.64,-1085.53,67.96,-43.39,65.85,11.83,0.2653,-0.1491,0.0443,-0.0746,0.2768,-0.1979
17.7246,268.44,-1085.75,67.93,-43.45,65.06,12.77,0.2616,-0.1195,0.0813,-0.0732,0.2790,-0.1966
17.7665,268.16,-1086.04,67.97,-43.58,64.78,13.21,0.2567,-0.0821,0.1068,-0.0706,0.2802,-0.1960
17.8085,267.84,-1086.32,67.99,-43.28,65.05,13.04,0.2484,-0.0445,0.1252,-0.0680,0.2810,-0.1949
17.8505,267.44,-1086.71,68.07,-43.49,65.70,12.51,0.2396,-0.0069,0.1362,-0.0645,0.2804,-0.1916
17.8926,267.07,-1087.01,68.15,-43.38,67.20,12.12,0.2296,0.0340,0.1346,-0.0619,0.2783,-0.1890
17.9339,266.68,-1087.32,68.24,-43.42,69.46,11.34,0.2161,0.0764,0.1218,-0.0607,0.2755,-0.1855
17.9759,266.31,-1087.51,68.29,-43.32,71.56,10.00,0.1996,0.1154,0.1014,-0.0601,0.2716,-0.1812
18.0179,265.93,-1087.71,68.30,-43.28,74.51,8.68,0.1817,0.1526,0.0744,-0.0588,0.2675,-0.1767
18.0593,265.55,-1087.84,68.28,-43.44,76.93,7.18,0.1642,0.1882,0.0425,-0.0583,0.2631,-0.1719
18.1013,265.16,-1088.00,68.25,-43.42,80.05,5.71,0.1518,0.2262,0.0050,-0.0569,0.2605,-0.1697
18.1428,264.78,-1088.29,68.27,-43.97,82.19,4.01,0.1448,0.2546,-0.0374,-0.0575,0.2592,-0.1671
18.1844,264.43,-1088.39,68.27,-44.18,84.24,2.80,0.1314,0.2584,-0.0712,-0.0573,0.2557,-0.1653
18.2266,264.06,-1088.35,68.27,-43.95,85.50,2.22,0.1107,0.2578,-0.0949,-0.0564,0.2495,-0.1639
18.2683,263.71,-1088.26,68.19,-43.35,88.07,1.38,0.0944,0.2579,-0.1135,-0.0586,0.2421,-0.1653
18.3104,263.36,-1088.29,68.18,-43.73,92.20,-0.89,0.0883,0.2546,-0.1271,-0.0667,0.2336,-0.1708
18.3522,263.11,-1088.31,68.22,-43.38,98.23,-5.13,0.0840,0.2553,-0.1352,-0.0794,0.2179,-0.1786
18.3933,262.90,-1088.31,68.46,-42.54,106.14,-10.68,0.0810,0.2570,-0.1439,-0.0944,0.1921,-0.1884
18.4350,262.74,-1088.18,68.82,-40.03,114.90,-17.06,0.0788,0.2588,-0.1521,-0.1135,0.1504,-0.2010
18.4765,262.60,-1088.00,69.19,-36.23,123.49,-23.16,0.0781,0.2625,-0.1592,-0.1382,0.0982,-0.2106
18.5186,262.58,-1087.98,69.52,-32.38,131.75,-28.73,0.0780,0.2691,-0.1658,-0.1670,0.0439,-0.2161
18.5603,262.60,-1088.01,69.82,-28.42,139.44,-33.57,0.0764,0.2776,-0.1724,-0.1952,-0.0144,-0.2140
18.6016,262.58,-1088.02,70.09,-23.71,147.39,-37.20,0.0759,0.2854,-0.1785,-0.2193,-0.0747,-0.1994
18.6437,262.58,-1087.98,70.29,-19.55,153.34,-40.81,0.0765,0.2942,-0.1811,-0.2351,-0.1339,-0.1774
18.6861,262.59,-1087.97,70.36,-16.29,157.76,-43.36,0.0742,0.3001,-0.1836,-0.2415,-0.1841,-0.1408
18.7284,262.50,-1087.95,70.41,-14.26,160.73,-45.27,0.0717,0.3037,-0.1864,-0.2381,-0.2198,-0.0982
18.7706,262.40,-1088.00,70.47,-12.73,163.01,-46.94,0.0700,0.3069,-0.1870,-0.2306,-0.2408,-0.0470
18.8118,262.32,-1088.10,70.45,-11.91,164.55,-47.82,0.0667,0.3094,-0.1881,-0.2184,-0.2441,0.0056
18.8534,262.33,-1088.25,70.40,-11.40,165.75,-48.81,0.0629,0.3113,-0.1869,-0.2078,-0.2345,0.0537
18.8954,262.51,-1088.35,70.31,-11.57,166.43,-48.54,0.0561,0.3121,-0.1874,-0.2024,-0.2140,0.0967
18.9373,262.70,-1088.40,70.27,-11.66,165.77,-48.77,0.0511,0.3104,-0.1872,-0.1989,-0.1841,0.1326
18.9794,263.03,-1088.42,70.23,-12.13,164.79,-47.34,0.0461,0.3077,-0.1888,-0.1979,-0.1459,0.1589
19.0221,263.35,-1088.48,70.26,-12.89,163.08,-46.38,0.0431,0.3039,-0.1904,-0.1991,-0.1006,0.1741
19.0625,263.71,-1088.50,70.24,-13.98,160.54,-44.53,0.0416,0.2990,-0.1919,-0.2010,-0.0522,0.1786
19.1046,264.05,-1088.52,70.13,-15.64,157.29,-43.04,0.0437,0.2939,-0.1923,-0.2033,-0.0002,0.1730
19.1464,264.47,-1088.52,69.91,-18.44,153.71,-41.02,0.0484,0.2894,-0.1902,-0.2040,0.0538,0.1592
19.1879,264.83,-1088.35,69.61,-21.65,148.90,-39.21,0.0546,0.2833,-0.1866,-0.1999,0.1063,0.1362
19.2288,265.31,-1088.06,69.23,-25.59,143.03,-36.24,0.0603,0.2756,-0.1819,-0.1895,0.1509,0.1048
19.2704,265.76,-1087.49,68.89,-29.09,135.36,-33.81,0.0682,0.2649,-0.1774,-0.1729,0.1883,0.0710
19.3118,266.64,-1086.67,68.64,-32.08,125.56,-27.85,0.0732,0.2521,-0.1752,-0.1539,0.2137,0.0345
19.3537,267.42,-1085.88,68.41,-33.44,114.05,-22.12,0.0804,0.2378,-0.1726,-0.1338,0.2320,-0.0015
19.3955,268.30,-1085.42,68.07,-35.24,103.44,-15.33,0.0877,0.2281,-0.1700,-0.1179,0.2467,-0.0345
19.4371,268.99,-1085.14,67.76,-37.14,94.80,-9.64,0.0941,0.2202,-0.1677,-0.1070,0.2576,-0.0649
19.4790,269.62,-1084.96,67.53,-38.39,87.25,-4.12,0.0963,0.2132,-0.1693,-0.1000,0.2641,-0.0923
19.5205,270.13,-1084.83,67.37,-39.17,82.32,-0.27,0.0969,0.2061,-0.1730,-0.0942,0.2678,-0.1156
19.5625,270.65,-1084.81,67.16,-39.73,77.87,3.46,0.0953,0.1996,-0.1791,-0.0911,0.2681,-0.1300
19.6045,271.02,-1084.69,67.08,-40.08,74.29,6.38,0.0939,0.1871,-0.1883,-0.0880,0.2662,-0.1389
19.6465,271.28,-1084.71,67.08,-40.34,71.05,9.85,0.0936,0.1687,-0.1995,-0.0854,0.2665,-0.1432
19.6883,271.30,-1084.64,67.15,-40.57,68.74,11.80,0.0985,0.1411,-0.2109,-0.0834,0.2665,-0.1470
19.7296,271.20,-1084.53,67.10,-40.55,66.68,13.10,0.1104,0.1031,-0.2210,-0.0850,0.2656,-0.1469
19.7714,270.88,-1084.46,67.04,-41.21,65.49,14.43,0.1320,0.0612,-0.2317,-0.0844,0.2669,-0.1478
19.8135,270.53,-1084.32,66.94,-41.78,64.76,15.60,0.1559,0.0141,-0.2408,-0.0846,0.2667,-0.1491
19.8556,270.14,-1084.02,66.75,-41.81,63.91,16.86,0.1864,-0.0431,-0.2403,-0.0849,0.2657,-0.1498
19.8971,269.78,-1083.81,66.51,-41.86,63.05,19.21,0.2123,-0.1007,-0.2325,-0.0833,0.2658,-0.1519
19.9391,269.47,-1083.60,66.30,-41.96,61.95,21.15,0.2334,-0.1540,-0.2099,-0.0817,0.2649,-0.1541
19.9810,269.26,-1083.42,66.34,-42.00,60.92,23.28,0.2470,-0.1909,-0.1801,-0.0802,0.2647,-0.1584
20.0239,269.11,-1083.28,66.37,-41.28,60.75,23.78,0.2555,-0.2143,-0.1386,-0.0794,0.2654,-0.1613
20.0653,269.07,-1083.31,66.50,-40.79,60.62,24.11,0.2637,-0.2184,-0.0955,-0.0782,0.2655,-0.1647
20.1064,269.09,-1083.43,66.58,-40.56,60.03,24.71,0.2705,-0.2137,-0.0424,-0.0788,0.2655,-0.1659
20.1484,269.13,-1083.58,66.65,-40.50,59.37,24.68,0.2713,-0.2018,0.0119,-0.0793,0.2664,-0.1664
20.1902,269.13,-1083.77,66.76,-40.39,59.50,24.65,0.2658,-0.1813,0.0611,-0.0792,0.2671,-0.1683
20.2321,269.07,-1084.08,66.85,-40.49,59.80,23.39,0.2555,-0.1493,0.1015,-0.0810,0.2690,-0.1687
20.2737,269.00,-1084.43,67.01,-40.77,60.56,22.34,0.2390,-0.1114,0.1266,-0.0831,0.2708,-0.1699
20.3159,268.90,-1084.87,67.19,-40.84,61.33,21.17,0.2244,-0.0682,0.1382,-0.0824,0.2708,-0.1704
20.3574,268.80,-1085.36,67.39,-40.57,62.09,20.61,0.2113,-0.0174,0.1392,-0.0815,0.2707,-0.1702
20.3984,268.67,-1085.89,67.58,-40.72,62.74,19.71,0.1980,0.0348,0.1266,-0.0793,0.2707,-0.1700
20.4406,268.54,-1086.35,67.72,-40.66,63.93,19.12,0.1851,0.0876,0.1042,-0.0763,0.2681,-0.1697
20.4818,268.34,-1086.68,67.86,-41.13,65.82,18.00,0.1716,0.1353,0.0745,-0.0729,0.2643,-0.1699
20.5242,268.10,-1086.86,67.98,-41.38,69.22,16.24,0.1594,0.1785,0.0383,-0.0689,0.2594,-0.1726
20.5658,267.73,-1086.91,68.08,-40.99,74.11,12.34,0.1483,0.2146,-0.0028,-0.0655,0.2523,-0.1783
20.6069,267.30,-1086.95,68.19,-41.03,79.65,7.57,0.1394,0.2397,-0.0453,-0.0645,0.2451,-0.1854
20.6479,266.79,-1086.97,68.24,-40.53,85.97,2.80,0.1330,0.2516,-0.0846,-0.0661,0.2380,-0.1914
20.6902,266.21,-1086.86,68.33,-40.49,92.75,-2.06,0.1264,0.2521,-0.1159,-0.0681,0.2264,-0.1950
20.7321,265.38,-1086.64,68.31,-38.95,101.11,-8.22,0.1202,0.2468,-0.1365,-0.0723,0.2096,-0.1940
20.7738,264.53,-1086.51,68.34,-37.23,111.29,-15.65,0.1164,0.2453,-0.1516,-0.0827,0.1870,-0.1877
20.8153,263.91,-1086.62,68.30,-35.28,121.52,-22.63,0.1164,0.2482,-0.1624,-0.0975,0.1570,-0.1800
20.8567,263.49,-1086.67,68.27,-33.27,130.52,-28.86,0.1179,0.2515,-0.1712,-0.1169,0.1147,-0.1744
20.8984,263.24,-1086.66,68.33,-30.33,137.61,-33.85,0.1175,0.2572,-0.1789,-0.1412,0.0675,-0.1696
20.9403,263.12,-1086.66,68.43,-26.99,143.55,-38.51,0.1143,0.2639,-0.1872,-0.1679,0.0209,-0.1624
20.9819,263.18,-1086.62,68.65,-23.99,148.40,-42.30,0.1096,0.2682,-0.1953,-0.1939,-0.0273,-0.1544
21.0246,263.38,-1086.60,68.86,-20.84,152.15,-45.37,0.1038,0.2731,-0.2029,-0.2146,-0.0782,-0.1408
21.0661,263.56,-1086.46,69.02,-17.89,154.68,-47.93,0.0981,0.2777,-0.2093,-0.2306,-0.1241,-0.1175
21.1087,263.82,-1086.30,69.15,-15.67,156.64,-49.89,0.0916,0.2820,-0.2133,-0.2414,-0.1621,-0.0874
21.1504,264.00,-1086.07,69.23,-13.59,157.70,-51.55,0.0849,0.2845,-0.2172,-0.2487,-0.1928,-0.0473
21.1925,264.09,-1085.89,69.25,-11.82,158.56,-53.22,0.0793,0.2867,-0.2185,-0.2475,-0.2121,-0.0037
21.2341,264.19,-1085.67,69.29,-10.83,159.42,-54.27,0.0748,0.2869,-0.2182,-0.2354,-0.2199,0.0397
21.2756,264.21,-1085.40,69.25,-10.05,159.31,-54.75,0.0724,0.2871,-0.2156,-0.2212,-0.2126,0.0784
21.3171,264.30,-1085.12,69.11,-10.40,158.85,-54.87,0.0703,0.2868,-0.2111,-0.2097,-0.1940,0.1154
21.3593,264.46,-1084.90,68.89,-11.42,157.93,-54.17,0.0698,0.2869,-0.2058,-0.2023,-0.1623,0.1461
21.4009,264.70,-1084.59,68.62,-13.33,156.47,-53.85,0.0718,0.2852,-0.2003,-0.1978,-0.1224,0.1707
21.4432,265.07,-1084.18,68.19,-16.39,153.68,-52.81,0.0748,0.2816,-0.1942,-0.1936,-0.0783,0.1895
21.4844,265.43,-1083.91,67.86,-19.54,149.79,-52.20,0.0792,0.2764,-0.1895,-0.1895,-0.0283,0.1961
21.5259,266.01,-1083.76,67.39,-23.90,145.87,-49.61,0.0833,0.2717,-0.1833,-0.1865,0.0236,0.1910
21.5674,266.52,-1083.58,67.03,-28.24,140.41,-47.23,0.0884,0.2660,-0.1779,-0.1811,0.0747,0.1694
21.6087,267.32,-1083.59,66.48,-33.43,134.23,-42.15,0.0913,0.2601,-0.1702,-0.1745,0.1271,0.1387
21.6506,268.13,-1083.51,65.99,-38.78,126.11,-37.41,0.0947,0.2539,-0.1621,-0.1635,0.1741,0.0987
21.6926,269.30,-1083.61,65.35,-43.84,114.81,-29.31,0.0957,0.2480,-0.1522,-0.1510,0.2119,0.0558
21.7336,270.27,-1083.60,65.05,-48.01,103.34,-21.77,0.0993,0.2392,-0.1440,-0.1338,0.2386,0.0073
21.7759,271.12,-1083.63,64.87,-48.78,91.86,-13.64,0.1043,0.2314,-0.1365,-0.1175,0.2547,-0.0398
21.8180,271.64,-1083.59,64.78,-49.59,82.41,-7.22,0.1105,0.2226,-0.1298,-0.1015,0.2584,-0.0809
21.8606,272.05,-1083.63,64.72,-48.97,75.07,-1.22,0.1141,0.2159,-0.1253,-0.0894,0.2586,-0.1099
21.9031,272.17,-1083.68,64.70,-49.09,69.86,3.57,0.1166,0.2116,-0.1251,-0.0787,0.2558,-0.1322
21.9454,272.20,-1083.76,64.67,-48.41,65.80,7.91,0.1158,0.2079,-0.1288,-0.0724,0.2553,-0.1458
21.9871,272.06,-1083.84,64.79,-48.40,63.47,10.96,0.1111,0.2025,-0.1386,-0.0677,0.2563,-0.1590
22.0294,271.87,-1083.83,64.87,-47.13,62.97,12.49,0.1047,0.1944,-0.1530,-0.0691,0.2558,-0.1672
22.0713,271.60,-1083.99,65.09,-46.73,62.84,13.81,0.0974,0.1814,-0.1741,-0.0696,0.2573,-0.1754
22.1133,271.28,-1084.13,65.28,-46.14,63.17,14.81,0.0920,0.1608,-0.1968,-0.0712,0.2574,-0.1805
22.1555,270.95,-1084.17,65.44,-45.26,63.56,15.54,0.0917,0.1335,-0.2191,-0.0735,0.2554,-0.1836
22.1966,270.50,-1084.33,65.58,-45.06,63.32,17.00,0.0992,0.0972,-0.2383,-0.0763,0.2563,-0.1847
22.2381,270.03,-1084.36,65.66,-45.04,63.42,18.26,0.1149,0.0526,-0.2514,-0.0789,0.2570,-0.1844
22.2793,269.52,-1084.31,65.72,-44.69,63.48,19.08,0.1401,0.0033,-0.2553,-0.0815,0.2566,-0.1839
22.3206,269.02,-1084.14,65.79,-44.27,64.10,19.18,0.1689,-0.0457,-0.2496,-0.0843,0.2561,-0.1834
22.3620,268.60,-1084.00,65.95,-43.67,64.80,19.03,0.1988,-0.0955,-0.2350,-0.0866,0.2563,-0.1840
22.4033,268.19,-1083.77,66.24,-42.96,66.62,17.07,0.2239,-0.1393,-0.2129,-0.0880,0.2552,-0.1871
22.4448,267.95,-1083.76,66.49,-42.17,68.68,15.29,0.2453,-0.1730,-0.1833,-0.0916,0.2559,-0.1898
22.4865,267.83,-1084.02,66.75,-42.20,69.27,14.21,0.2633,-0.1920,-0.1469,-0.0942,0.2592,-0.1925
22.5281,267.89,-1084.28,67.08,-41.84,68.52,14.60,0.2746,-0.1937,-0.0999,-0.0953,0.2619,-0.1942
22.5695,267.84,-1084.62,67.37,-41.01,67.61,13.83,0.2831,-0.1810,-0.0495,-0.0943,0.2656,-0.1941
22.6110,267.92,-1085.13,67.69,-40.32,65.56,15.11,0.2882,-0.1621,-0.0068,-0.0924,0.2693,-0.1933
22.6528,267.84,-1085.59,67.95,-39.95,64.50,15.56,0.2882,-0.1403,0.0337,-0.0884,0.2712,-0.1906
22.6955,267.73,-1086.00,68.10,-39.46,64.73,15.12,0.2804,-0.1087,0.0649,-0.0837,0.2719,-0.1870
22.7368,267.68,-1086.48,68.23,-39.64,65.66,14.40,0.2685,-0.0658,0.0882,-0.0794,0.2723,-0.1832
22.7787,267.69,-1087.00,68.24,-39.46,65.88,13.95,0.2496,-0.0143,0.1040,-0.0751,0.2725,-0.1791
22.8202,267.72,-1087.57,68.28,-40.00,65.83,14.12,0.2261,0.0394,0.1103,-0.0711,0.2732,-0.1761
22.8613,267.78,-1087.99,68.31,-40.11,66.30,14.13,0.1963,0.0911,0.1031,-0.0679,0.2721,-0.1739
22.9035,267.75,-1088.33,68.24,-40.13,67.27,13.09,0.1673,0.1353,0.0870,-0.0649,0.2703,-0.1721
22.9457,267.68,-1088.44,68.18,-40.39,69.67,12.19,0.1432,0.1715,0.0610,-0.0626,0.2657,-0.1712
22.9878,267.44,-1088.48,68.03,-40.62,72.94,9.14,0.1264,0.2017,0.0312,-0.0601,0.2610,-0.1701
23.0291,267.04,-1088.39,67.85,-40.95,77.68,4.91,0.1148,0.2236,0.0014,-0.0563,0.2533,-0.1713
23.0710,266.50,-1088.24,67.75,-41.62,84.07,0.09,0.1051,0.2436,-0.0381,-0.0536,0.2437,-0.1730
23.1128,265.94,-1087.97,67.70,-41.10,91.06,-4.83,0.0977,0.2548,-0.0817,-0.0527,0.2332,-0.1749
23.1547,265.33,-1087.79,67.68,-40.52,97.78,-9.30,0.0991,0.2557,-0.1130,-0.0547,0.2208,-0.1781
23.1973,264.72,-1087.67,67.76,-39.88,104.59,-13.93,0.0990,0.2581,-0.1396,-0.0629,0.2053,-0.1828
23.2379,264.09,-1087.47,67.93,-38.27,111.81,-18.84,0.0971,0.2568,-0.1644,-0.0764,0.1835,-0.1868
23.2796,263.55,-1087.40,68.14,-36.45,119.18,-23.09,0.0958,0.2585,-0.1871,-0.0952,0.1542,-0.1885
23.3216,263.00,-1087.27,68.43,-33.86,126.43,-27.88,0.0982,0.2591,-0.2029,-0.1181,0.1177,-0.1907
23.3632,262.59,-1087.22,68.75,-30.96,133.29,-31.76,0.0987,0.2626,-0.2174,-0.1465,0.0760,-0.1915
23.4054,262.23,-1087.12,69.19,-27.94,140.02,-35.62,0.0976,0.2643,-0.2306,-0.1754,0.0302,-0.1909
23.4469,261.99,-1086.95,69.59,-23.96,145.45,-38.87,0.0952,0.2680,-0.2427,-0.2037,-0.0193,-0.1860
23.4885,261.83,-1086.82,69.97,-20.09,150.77,-42.20,0.0947,0.2703,-0.2481,-0.2277,-0.0714,-0.1737
23.5298,261.76,-1086.56,70.24,-16.79,154.67,-45.33,0.0944,0.2733,-0.2527,-0.2469,-0.1212,-0.1495
23.5722,261.70,-1086.33,70.40,-13.79,157.83,-48.10,0.0935,0.2775,-0.2552,-0.2578,-0.1629,-0.1163
23.6149,261.67,-1086.03,70.54,-11.65,160.26,-50.13,0.0919,0.2808,-0.2558,-0.2621,-0.1966,-0.0728
23.6564,261.55,-1085.77,70.60,-9.25,161.49,-51.82,0.0906,0.2829,-0.2535,-0.2582,-0.2184,-0.0218
23.6985,261.68,-1085.68,70.59,-8.22,163.25,-53.14,0.0855,0.2865,-0.2519,-0.2534,-0.2232,0.0295
23.7398,261.73,-1085.46,70.60,-7.16,163.89,-53.92,0.0821,0.2867,-0.2496,-0.2433,-0.2176,0.0794
23.7818,261.92,-1085.27,70.47,-7.16,163.53,-54.32,0.0781,0.2870,-0.2465,-0.2334,-0.1990,0.1244
23.8235,262.16,-1085.09,70.32,-7.77,162.24,-54.08,0.0744,0.2862,-0.2431,-0.2263,-0.1662,0.1595
23.8657,262.45,-1084.97,70.14,-9.19,160.70,-53.38,0.0712,0.2833,-0.2381,-0.2210,-0.1265,0.1846
23.9073,262.79,-1084.89,69.95,-11.07,158.36,-52.32,0.0688,0.2793,-0.2331,-0.2181,-0.0826,0.1995
23.9489,263.14,-1084.92,69.64,-13.74,155.67,-51.10,0.0685,0.2752,-0.2263,-0.2162,-0.0304,0.2023
23.9911,263.58,-1085.00,69.29,-17.27,152.57,-49.15,0.0700,0.2704,-0.2184,-0.2133,0.0251,0.1914
24.0324,264.08,-1085.08,68.87,-21.90,148.34,-46.51,0.0729,0.2646,-0.2093,-0.2094,0.0783,0.1681
24.0738,264.71,-1085.24,68.32,-28.03,142.46,-42.09,0.0759,0.2593,-0.1998,-0.2051,0.1288,0.1351
24.1153,265.44,-1085.36,67.90,-34.07,134.75,-34.71,0.0811,0.2530,-0.1917,-0.1980,0.1686,0.0942
24.1571,266.13,-1085.28,67.62,-38.37,124.51,-26.88,0.0883,0.2439,-0.1859,-0.1840,0.1975,0.0518
24.1984,266.76,-1085.24,67.39,-40.71,113.76,-19.15,0.0973,0.2353,-0.1790,-0.1634,0.2169,0.0119
24.2405,267.43,-1085.38,67.14,-42.58,103.63,-11.43,0.1064,0.2285,-0.1704,-0.1418,0.2326,-0.0253
24.2824,267.97,-1085.58,66.93,-43.53,93.59,-3.65,0.1154,0.2217,-0.1621,-0.1247,0.2424,-0.0593
24.3240,268.47,-1085.89,66.81,-44.17,84.33,4.08,0.1218,0.2159,-0.1548,-0.1102,0.2510,-0.0948
24.3660,268.87,-1086.09,66.66,-43.47,76.57,10.48,0.1260,0.2111,-0.1475,-0.0981,0.2553,-0.1276
24.4076,269.02,-1086.27,66.62,-42.40,71.58,14.85,0.1293,0.2075,-0.1423,-0.0868,0.2556,-0.1574
24.4495,268.97,-1086.49,66.61,-41.27,70.15,15.74,0.1300,0.2059,-0.1396,-0.0756,0.2547,-0.1762
24.4912,268.84,-1086.70,66.60,-41.20,70.16,15.69,0.1284,0.2036,-0.1396,-0.0656,0.2515,-0.1846
24.5333,268.69,-1086.96,66.60,-41.05,71.45,14.56,0.1258,0.2009,-0.1425,-0.0577,0.2507,-0.1868
24.5748,268.48,-1087.21,66.63,-41.45,72.57,13.80,0.1237,0.1934,-0.1503,-0.0560,0.2502,-0.1836
24.6163,268.17,-1087.46,66.58,-41.60,73.36,13.07,0.1250,0.1805,-0.1606,-0.0563,0.2524,-0.1779
24.6581,267.78,-1087.72,66.56,-42.31,73.48,12.98,0.1299,0.1588,-0.1733,-0.0568,0.2554,-0.1712
24.6998,267.35,-1087.82,66.60,-42.80,73.51,13.75,0.1407,0.1261,-0.1873,-0.0582,0.2565,-0.1651
24.7417,266.89,-1087.84,66.70,-42.59,73.18,14.50,0.1595,0.0855,-0.2000,-0.0592,0.2579,-0.1608
24.7836,266.39,-1087.77,66.81,-42.17,72.93,15.30,0.1847,0.0412,-0.2092,-0.0598,0.2597,-0.1579
24.8253,265.92,-1087.65,66.92,-42.20,72.88,15.46,0.2120,-0.0064,-0.2123,-0.0600,0.2595,-0.1569
24.8671,265.49,-1087.26,67.03,-41.94,73.75,15.26,0.2374,-0.0601,-0.2047,-0.0609,0.2569,-0.1574
24.9091,265.13,-1086.90,67.17,-41.52,75.17,14.10,0.2583,-0.1040,-0.1922,-0.0618,0.2555,-0.1595
24.9509,264.92,-1086.58,67.27,-41.22,76.56,13.49,0.2733,-0.1362,-0.1681,-0.0630,0.2546,-0.1625
24.9926,264.86,-1086.30,67.35,-40.76,76.91,12.73,0.2823,-0.1546,-0.1366,-0.0662,0.2550,-0.1656
25.0344,264.92,-1086.22,67.40,-40.71,76.47,12.84,0.2849,-0.1567,-0.0980,-0.0694,0.2579,-0.1691
25.0754,265.01,-1086.22,67.37,-41.06,75.07,12.84,0.2846,-0.1460,-0.0536,-0.0734,0.2612,-0.1736
25.1178,265.16,-1086.22,67.39,-41.36,73.54,14.12,0.2787,-0.1270,-0.0094,-0.0787,0.2650,-0.1794
25.1595,265.31,-1086.13,67.33,-40.96,72.67,14.19,0.2697,-0.1052,0.0300,-0.0850,0.2669,-0.1833
25.2015,265.48,-1086.18,67.32,-40.88,71.52,15.05,0.2611,-0.0809,0.0615,-0.0889,0.2682,-0.1862
25.2432,265.59,-1086.20,67.26,-40.84,71.14,15.21,0.2504,-0.0477,0.0833,-0.0906,0.2683,-0.1855
25.2847,265.72,-1086.32,67.24,-40.81,71.12,15.58,0.2386,-0.0069,0.0962,-0.0897,0.2687,-0.1840
25.3262,265.78,-1086.44,67.23,-40.80,71.68,14.95,0.2255,0.0394,0.0993,-0.0883,0.2686,-0.1811
25.3680,265.82,-1086.63,67.25,-40.96,72.16,14.68,0.2083,0.0879,0.0920,-0.0852,0.2683,-0.1747
25.4103,265.79,-1086.81,67.28,-41.13,73.31,13.92,0.1877,0.1304,0.0781,-0.0818,0.2666,-0.1682
25.4521,265.70,-1086.87,67.40,-41.14,75.23,12.98,0.1681,0.1708,0.0586,-0.0782,0.2634,-0.1620
25.4939,265.52,-1086.95,67.54,-40.79,78.09,10.95,0.1491,0.2057,0.0316,-0.0749,0.2612,-0.1563
25.5351,265.29,-1087.08,67.74,-40.61,81.34,8.86,0.1327,0.2360,0.0004,-0.0708,0.2579,-0.1530
25.5771,265.00,-1087.17,67.94,-40.56,85.03,5.96,0.1195,0.2585,-0.0379,-0.0657,0.2517,-0.1519
25.6189,264.62,-1087.22,68.09,-39.90,89.57,3.07,0.1080,0.2676,-0.0825,-0.0617,0.2438,-0.1521
25.6612,264.18,-1087.16,68.19,-39.91,94.01,-0.71,0.0944,0.2650,-0.1187,-0.0617,0.2332,-0.1538
25.7031,263.66,-1086.98,68.24,-38.93,99.64,-4.58,0.0819,0.2630,-0.1531,-0.0694,0.2195,-0.1559
25.7439,263.11,-1086.83,68.29,-38.04,106.78,-9.45,0.0729,0.2559,-0.1767,-0.0815,0.2020,-0.1598
25.7860,262.59,-1086.71,68.33,-36.89,115.19,-15.09,0.0664,0.2510,-0.1933,-0.0962,0.1747,-0.1658
25.8279,262.17,-1086.76,68.44,-35.48,124.31,-21.15,0.0604,0.2522,-0.2100,-0.1145,0.1379,-0.1747
25.8701,261.83,-1086.74,68.67,-32.98,133.54,-27.58,0.0564,0.2535,-0.2228,-0.1382,0.0906,-0.1860
25.9115,261.65,-1086.65,69.01,-29.29,140.90,-32.59,0.0541,0.2546,-0.2331,-0.1652,0.0353,-0.1968
25.9528,261.62,-1086.49,69.34,-25.24,147.10,-36.73,0.0520,0.2566,-0.2416,-0.1963,-0.0235,-0.2034
25.9947,261.76,-1086.34,69.66,-21.39,152.03,-40.00,0.0493,0.2606,-0.2481,-0.2284,-0.0823,-0.2007
26.0366,261.96,-1086.13,69.95,-17.87,155.60,-42.99,0.0469,0.2634,-0.2515,-0.2505,-0.1399,-0.1863
26.0789,262.21,-1085.91,70.13,-15.08,158.06,-45.86,0.0452,0.2663,-0.2535,-0.2630,-0.1914,-0.1574
26.1210,262.45,-1085.77,70.31,-12.71,159.76,-48.02,0.0436,0.2702,-0.2550,-0.2652,-0.2298,-0.1155
26.1630,262.70,-1085.56,70.42,-11.14,160.46,-49.39,0.0424,0.2712,-0.2545,-0.2601,-0.2528,-0.0660
26.2044,262.89,-1085.38,70.49,-9.90,160.42,-50.01,0.0419,0.2736,-0.2524,-0.2478,-0.2577,-0.0130
26.2464,263.10,-1085.16,70.52,-9.22,159.60,-49.15,0.0415,0.2740,-0.2486,-0.2331,-0.2504,0.0409
26.2882,263.33,-1084.86,70.44,-9.22,158.06,-48.29,0.0429,0.2738,-0.2413,-0.2178,-0.2325,0.0887
26.3299,263.65,-1084.69,70.22,-10.04,156.34,-48.11,0.0443,0.2741,-0.2305,-0.2045,-0.2068,0.1278
26.3713,264.06,-1084.54,69.91,-11.62,154.76,-47.73,0.0448,0.2738,-0.2180,-0.1979,-0.1748,0.1589
26.4125,264.58,-1084.55,69.53,-13.65,152.45,-47.38,0.0448,0.2731,-0.2054,-0.1991,-0.1354,0.1806
26.4542,265.24,-1084.72,69.14,-16.32,150.58,-46.29,0.0448,0.2717,-0.1938,-0.2032,-0.0896,0.1921
26.4960,265.99,-1084.93,68.83,-18.85,147.94,-45.65,0.0454,0.2695,-0.1853,-0.2086,-0.0360,0.1922
26.5376,266.83,-1085.28,68.51,-21.60,145.05,-43.88,0.0458,0.2661,-0.1784,-0.2130,0.0231,0.1843
26.5793,267.73,-1085.55,68.27,-24.58,141.48,-42.81,0.0462,0.2604,-0.1742,-0.2128,0.0780,0.1649
26.6208,268.61,-1085.81,68.15,-27.12,136.79,-38.64,0.0470,0.2538,-0.1724,-0.2079,0.1302,0.1365
26.6625,269.49,-1086.05,68.06,-29.38,130.42,-33.06,0.0477,0.2462,-0.1730,-0.1932,0.1737,0.0936
26.7042,270.40,-1086.15,67.96,-32.43,121.88,-25.60,0.0498,0.2342,-0.1751,-0.1738,0.2077,0.0455
26.7464,271.16,-1086.39,67.91,-34.95,112.98,-19.17,0.0552,0.2224,-0.1784,-0.1543,0.2361,-0.0025
26.7883,271.68,-1086.48,67.83,-36.50,105.04,-13.66,0.0636,0.2127,-0.1801,-0.1344,0.2558,-0.0484
26.8301,272.17,-1086.59,67.59,-38.12,97.73,-8.84,0.0716,0.2054,-0.1811,-0.1143,0.2678,-0.0916
26.8715,272.50,-1086.69,67.28,-39.36,91.47,-3.68,0.0794,0.1990,-0.1818,-0.0980,0.2744,-0.1235
26.9134,272.84,-1086.76,66.92,-41.17,86.61,0.13,0.0868,0.1951,-0.1800,-0.0835,0.2741,-0.1481
26.9557,273.02,-1086.69,66.50,-42.15,83.30,3.13,0.0919,0.1926,-0.1805,-0.0743,0.2682,-0.1599
26.9975,273.11,-1086.60,66.18,-43.03,81.62,3.77,0.0955,0.1872,-0.1845,-0.0693,0.2636,-0.1640
27.0394,273.05,-1086.53,65.81,-44.18,79.88,4.63,0.0994,0.1772,-0.1929,-0.0674,0.2631,-0.1600
27.0808,272.79,-1086.50,65.53,-45.35,77.91,6.87,0.1059,0.1582,-0.2063,-0.0651,0.2645,-0.1553
27.1227,272.20,-1086.35,65.36,-46.30,76.06,9.09,0.1198,0.1272,-0.2215,-0.0621,0.2665,-0.1529
27.1650,271.50,-1086.16,65.36,-46.71,74.53,11.69,0.1404,0.0887,-0.2372,-0.0593,0.2684,-0.1544
27.2073,270.63,-1085.77,65.47,-46.62,73.50,13.26,0.1649,0.0429,-0.2492,-0.0564,0.2672,-0.1580
27.2495,269.75,-1085.32,65.62,-45.90,73.25,14.31,0.1895,-0.0089,-0.2569,-0.0544,0.2670,-0.1615
27.2906,268.87,-1084.76,65.75,-45.28,73.69,15.37,0.2183,-0.0610,-0.2509,-0.0527,0.2651,-0.1643
27.3319,268.05,-1084.16,65.85,-44.57,74.26,15.96,0.2441,-0.1089,-0.2364,-0.0526,0.2624,-0.1664
27.3739,267.34,-1083.61,65.90,-44.24,75.33,16.66,0.2664,-0.1522,-0.2104,-0.0545,0.2619,-0.1685
27.4153,266.75,-1083.11,65.95,-44.24,75.94,16.88,0.2860,-0.1843,-0.1762,-0.0575,0.2613,-0.1709
27.4574,266.23,-1082.61,66.04,-43.63,77.23,16.57,0.2990,-0.2078,-0.1347,-0.0592,0.2614,-0.1750
27.4988,265.83,-1082.33,66.22,-43.00,77.93,16.40,0.3052,-0.2175,-0.0888,-0.0605,0.2623,-0.1792
27.5401,265.47,-1082.19,66.44,-42.53,78.69,15.88,0.3064,-0.2132,-0.0369,-0.0605,0.2650,-0.1821
27.5819,265.22,-1082.16,66.75,-42.05,78.28,16.27,0.3018,-0.1939,0.0115,-0.0596,0.2680,-0.1841
27.6241,264.93,-1082.24,66.99,-41.10,77.65,16.04,0.2922,-0.1626,0.0527,-0.0581,0.2707,-0.1842
27.6657,264.68,-1082.54,67.21,-40.72,77.04,16.29,0.2789,-0.1230,0.0853,-0.0572,0.2736,-0.1829
27.7073,264.39,-1082.92,67.45,-40.64,76.88,15.90,0.2624,-0.0778,0.1078,-0.0560,0.2749,-0.1816
27.7489,264.11,-1083.38,67.67,-40.36,76.82,15.24,0.2420,-0.0275,0.1160,-0.0543,0.2748,-0.1806
27.7906,263.89,-1083.93,67.94,-40.08,77.24,14.81,0.2222,0.0237,0.1156,-0.0528,0.2761,-0.1816
27.8323,263.72,-1084.46,68.14,-39.90,77.74,14.03,0.2025,0.0743,0.1060,-0.0524,0.2733,-0.1795
27.8744,263.61,-1085.03,68.27,-39.95,78.22,13.56,0.1830,0.1206,0.0868,-0.0524,0.2679,-0.1770
27.9161,263.50,-1085.40,68.47,-40.25,79.41,12.40,0.1641,0.1618,0.0607,-0.0530,0.2627,-0.1762
27.9576,263.36,-1085.74,68.61,-39.88,80.74,10.98,0.1461,0.1961,0.0288,-0.0540,0.2569,-0.1752
27.9994,263.10,-1085.97,68.82,-39.69,83.28,9.00,0.1296,0.2224,-0.0069,-0.0547,0.2501,-0.1754
28.0412,262.85,-1086.16,69.01,-39.42,86.06,6.69,0.1168,0.2409,-0.0451,-0.0570,0.2430,-0.1759
28.0833,262.46,-1086.40,69.21,-39.19,89.94,3.47,0.1077,0.2531,-0.0832,-0.0586,0.2367,-0.1780
28.1251,262.05,-1086.69,69.41,-39.14,94.26,0.72,0.1001,0.2632,-0.1234,-0.0613,0.2298,-0.1811
28.1665,261.42,-1087.01,69.66,-38.61,99.14,-3.07,0.0991,0.2696,-0.1597,-0.0613,0.2238,-0.1886
28.2079,260.82,-1087.13,70.08,-37.39,103.88,-5.21,0.1002,0.2685,-0.1879,-0.0649,0.2172,-0.1967
28.2499,260.12,-1087.31,70.38,-35.22,109.62,-8.27,0.0979,0.2660,-0.2030,-0.0676,0.2109,-0.2028
28.2918,259.51,-1087.63,70.58,-34.15,116.77,-12.07,0.0935,0.2672,-0.2123,-0.0736,0.2022,-0.2049
28.3335,258.94,-1087.90,70.81,-32.49,124.74,-17.12,0.0915,0.2686,-0.2134,-0.0831,0.1883,-0.2043
28.3754,258.56,-1088.16,71.00,-30.12,133.11,-22.21,0.0901,0.2731,-0.2145,-0.0971,0.1629,-0.2025
28.4168,258.45,-1088.39,71.23,-27.69,141.00,-27.30,0.0872,0.2793,-0.2153,-0.1161,0.1272,-0.2007
28.4587,258.55,-1088.38,71.47,-24.63,147.22,-31.73,0.0828,0.2824,-0.2164,-0.1419,0.0838,-0.1985
28.5007,258.88,-1088.22,71.55,-21.33,152.37,-35.63,0.0773,0.2841,-0.2169,-0.1709,0.0342,-0.1950
28.5425,259.50,-1087.63,71.39,-19.16,154.86,-40.00,0.0710,0.2819,-0.2167,-0.2001,-0.0242,-0.1852
28.5845,260.27,-1086.66,71.16,-17.89,154.49,-41.87,0.0648,0.2756,-0.2164,-0.2300,-0.0847,-0.1684
28.6262,260.96,-1085.80,70.85,-16.59,153.06,-43.93,0.0598,0.2709,-0.2160,-0.2552,-0.1425,-0.1414
28.6678,261.61,-1085.12,70.42,-16.59,152.17,-45.68,0.0562,0.2680,-0.2143,-0.2705,-0.1937,-0.1029
28.7098,262.11,-1084.57,69.90,-17.05,151.27,-47.50,0.0534,0.2669,-0.2126,-0.2772,-0.2327,-0.0527
28.7515,262.56,-1084.18,69.20,-18.99,150.92,-48.69,0.0506,0.2661,-0.2086,-0.2767,-0.2547,0.0036
28.7935,262.90,-1083.92,68.53,-21.59,150.41,-48.96,0.0473,0.2666,-0.2057,-0.2649,-0.2543,0.0630
28.8356,263.16,-1083.69,68.07,-23.16,149.58,-48.46,0.0465,0.2663,-0.2053,-0.2504,-0.2359,0.1132
28.8775,263.50,-1083.69,67.66,-24.67,148.91,-48.04,0.0472,0.2678,-0.2051,-0.2401,-0.2037,0.1522
28.9202,263.87,-1083.65,67.39,-26.11,147.98,-47.25,0.0470,0.2657,-0.2056,-0.2349,-0.1665,0.1814
28.9618,264.32,-1083.70,67.14,-27.71,146.19,-46.74,0.0469,0.2609,-0.2052,-0.2337,-0.1222,0.1995
29.0034,264.69,-1083.75,67.12,-28.59,144.05,-45.71,0.0493,0.2563,-0.2055,-0.2321,-0.0712,0.2049
29.0448,265.19,-1083.93,67.09,-29.26,142.10,-44.96,0.0521,0.2534,-0.2041,-0.2299,-0.0136,0.2011
29.0864,265.60,-1084.12,67.13,-29.76,140.21,-44.96,0.0555,0.2512,-0.2024,-0.2227,0.0443,0.1822
29.1272,266.12,-1084.29,67.09,-30.48,138.10,-44.59,0.0588,0.2480,-0.1990,-0.2112,0.0986,0.1542
29.1692,266.75,-1084.34,66.98,-31.84,134.79,-43.38,0.0615,0.2440,-0.1950,-0.1953,0.1464,0.1185
29.2110,267.47,-1084.27,66.88,-33.72,129.74,-41.12,0.0649,0.2373,-0.1901,-0.1758,0.1858,0.0773
29.2527,268.16,-1084.14,66.83,-35.44,123.40,-38.12,0.0693,0.2288,-0.1854,-0.1543,0.2183,0.0341
29.2947,268.92,-1083.97,66.79,-37.12,115.89,-34.13,0.0744,0.2201,-0.1805,-0.1341,0.2411,-0.0080
29.3360,269.60,-1083.84,66.73,-38.59,108.04,-29.35,0.0804,0.2129,-0.1748,-0.1149,0.2568,-0.0468
29.3780,270.29,-1083.72,66.68,-39.81,99.96,-23.89,0.0851,0.2057,-0.1694,-0.0977,0.2646,-0.0844
29.4195,270.91,-1083.67,66.63,-40.15,91.92,-18.16,0.0895,0.2003,-0.1642,-0.0860,0.2676,-0.1135
29.4618,271.53,-1083.65,66.79,-40.63,84.74,-12.16,0.0925,0.1937,-0.1633,-0.0781,0.2696,-0.1351
29.5032,272.00,-1083.50,67.06,-39.22,78.56,-7.38,0.0967,0.1812,-0.1661,-0.0727,0.2711,-0.1497
29.5448,272.38,-1083.39,67.27,-37.96,74.26,-2.99,0.1028,0.1624,-0.1695,-0.0712,0.2739,-0.1584
29.5868,272.56,-1083.40,67.40,-37.51,70.81,-0.02,0.1096,0.1410,-0.1773,-0.0691,0.2772,-0.1653
29.6286,272.58,-1083.38,67.45,-38.12,68.68,2.74,0.1193,0.1120,-0.1887,-0.0679,0.2771,-0.1704
29.6704,272.49,-1083.24,67.43,-38.23,67.52,4.45,0.1333,0.0765,-0.2009,-0.0666,0.2776,-0.1746
29.7121,272.30,-1083.11,67.41,-38.98,67.09,6.03,0.1521,0.0364,-0.2161,-0.0650,0.2780,-0.1784
29.7533,272.00,-1082.84,67.34,-39.33,67.35,6.97,0.1718,-0.0102,-0.2287,-0.0631,0.2771,-0.1819
29.7954,271.56,-1082.66,67.21,-40.46,67.87,8.61,0.1918,-0.0625,-0.2341,-0.0603,0.2769,-0.1852
29.8373,271.08,-1082.27,66.97,-41.73,68.66,10.66,0.2076,-0.1131,-0.2288,-0.0587,0.2748,-0.1875
29.8792,270.65,-1082.02,66.68,-42.54,69.77,13.04,0.2198,-0.1596,-0.2143,-0.0578,0.2738,-0.1898
29.9210,270.34,-1081.75,66.45,-43.74,70.50,12.71,0.2305,-0.1979,-0.1901,-0.0593,0.2734,-0.1926
29.9629,270.21,-1081.64,66.23,-44.92,71.34,12.59,0.2435,-0.2246,-0.1603,-0.0610,0.2740,-0.1956
30.0046,270.06,-1081.56,65.96,-46.27,71.34,11.65,0.2554,-0.2443,-0.1205,-0.0623,0.2746,-0.1976
30.0471,269.94,-1081.66,65.83,-47.68,70.55,11.84,0.2635,-0.2496,-0.0781,-0.0631,0.2766,-0.1993
30.0900,269.85,-1081.57,65.68,-48.14,69.94,12.53,0.2678,-0.2478,-0.0363,-0.0640,0.2768,-0.1995
30.1322,269.77,-1081.64,65.51,-48.18,68.62,13.33,0.2703,-0.2361,0.0058,-0.0643,0.2778,-0.1984
30.1747,269.65,-1081.75,65.45,-48.89,67.37,14.53,0.2733,-0.2157,0.0440,-0.0631,0.2779,-0.1971
30.2165,269.54,-1081.85,65.35,-48.81,67.06,14.25,0.2741,-0.1867,0.0793,-0.0628,0.2772,-0.1936
30.2590,269.41,-1082.01,65.30,-48.96,67.36,14.32,0.2708,-0.1485,0.1101,-0.0618,0.2765,-0.1892
30.3011,269.19,-1082.28,65.22,-49.27,67.97,13.51,0.2644,-0.1031,0.1310,-0.0608,0.2750,-0.1841
30.3429,268.95,-1082.56,65.25,-49.62,69.02,12.77,0.2539,-0.0550,0.1419,-0.0601,0.2733,-0.1798
30.3847,268.68,-1082.91,65.30,-49.50,70.69,11.71,0.2400,-0.0041,0.1422,-0.0595,0.2715,-0.1761
30.4260,268.37,-1083.28,65.36,-49.43,72.74,10.37,0.2239,0.0461,0.1343,-0.0595,0.2687,-0.1726
30.4680,268.06,-1083.65,65.51,-49.42,74.84,9.28,0.2057,0.0934,0.1181,-0.0596,0.2658,-0.1700
30.5098,267.76,-1083.95,65.60,-48.95,77.31,7.92,0.1872,0.1374,0.0936,-0.0599,0.2616,-0.1665
30.5519,267.44,-1084.17,65.66,-48.94,80.01,6.71,0.1696,0.1719,0.0634,-0.0598,0.2555,-0.1633
30.5936,266.97,-1084.35,65.68,-48.47,83.22,4.79,0.1554,0.1963,0.0313,-0.0594,0.2487,-0.1606
30.6353,266.46,-1084.47,65.72,-48.33,87.73,2.85,0.1454,0.2131,-0.0004,-0.0595,0.2420,-0.1596
30.6767,265.88,-1084.55,65.86,-47.19,92.50,-0.38,0.1384,0.2256,-0.0304,-0.0606,0.2351,-0.1592
30.7178,265.31,-1084.75,66.11,-46.17,97.82,-3.50,0.1328,0.2365,-0.0614,-0.0618,0.2300,-0.1599
30.7589,264.77,-1084.98,66.43,-44.60,103.24,-6.94,0.1280,0.2439,-0.0887,-0.0645,0.2246,-0.1606
30.7996,264.20,-1085.29,66.87,-43.11,109.72,-10.43,0.1240,0.2480,-0.1125,-0.0697,0.2176,-0.1628
30.8404,263.59,-1085.53,67.36,-40.13,116.97,-15.95,0.1228,0.2531,-0.1291,-0.0778,0.2058,-0.1657
30.8812,263.14,-1085.97,67.90,-37.16,123.95,-20.67,0.1220,0.2645,-0.1421,-0.0903,0.1875,-0.1700
30.9227,262.84,-1086.43,68.55,-34.36,131.11,-25.20,0.1199,0.2732,-0.1574,-0.1044,0.1574,-0.1766
30.9644,262.64,-1086.76,69.20,-30.75,137.51,-28.93,0.1164,0.2788,-0.1694,-0.1212,0.1161,-0.1836
31.0059,262.55,-1087.03,69.81,-26.97,143.16,-32.08,0.1106,0.2858,-0.1815,-0.1409,0.0655,-0.1901
31.0473,262.60,-1087.15,70.28,-23.67,147.81,-34.77,0.1037,0.2901,-0.1918,-0.1650,0.0089,-0.1921
31.0888,262.67,-1087.23,70.65,-20.53,151.75,-36.87,0.0969,0.2943,-0.2003,-0.1891,-0.0455,-0.1890
31.1308,262.89,-1087.14,70.99,-18.15,154.65,-38.54,0.0896,0.2960,-0.2085,-0.2108,-0.1027,-0.1829
31.1727,263.11,-1086.94,71.25,-15.93,156.08,-40.17,0.0826,0.2967,-0.2158,-0.2292,-0.1606,-0.1719
31.2149,263.38,-1086.74,71.48,-13.98,156.99,-40.65,0.0757,0.2980,-0.2226,-0.2418,-0.2119,-0.1481
31.2567,263.67,-1086.61,71.54,-12.81,157.37,-41.72,0.0694,0.2994,-0.2268,-0.2476,-0.2468,-0.1108
31.2981,263.93,-1086.55,71.57,-12.56,157.73,-42.19,0.0636,0.2997,-0.2301,-0.2492,-0.2612,-0.0642
31.3399,264.22,-1086.57,71.56,-12.49,158.05,-42.38,0.0587,0.3002,-0.2305,-0.2495,-0.2580,-0.0114
31.3819,264.51,-1086.57,71.54,-12.35,158.14,-42.52,0.0545,0.3001,-0.2295,-0.2504,-0.2420,0.0385
31.4244,264.88,-1086.62,71.42,-12.51,158.01,-42.59,0.0507,0.2998,-0.2262,-0.2499,-0.2172,0.0853
31.4664,265.28,-1086.62,71.31,-12.71,157.68,-42.74,0.0479,0.2983,-0.2232,-0.2503,-0.1836,0.1246
31.5079,265.70,-1086.56,71.10,-13.12,156.56,-42.88,0.0474,0.2953,-0.2190,-0.2508,-0.1410,0.1549
31.5488,266.18,-1086.53,70.85,-14.05,155.28,-42.90,0.0474,0.2914,-0.2147,-0.2492,-0.0944,0.1760
31.5929,266.67,-1086.50,70.53,-15.40,153.27,-42.92,0.0481,0.2863,-0.2103,-0.2493,-0.0395,0.1858
31.6320,267.15,-1086.43,70.19,-17.06,151.04,-42.57,0.0505,0.2807,-0.2057,-0.2438,0.0167,0.1829
31.6739,267.63,-1086.32,69.80,-19.08,148.22,-42.14,0.0535,0.2749,-0.2006,-0.2334,0.0726,0.1664
31.7156,268.08,-1086.17,69.42,-21.13,145.09,-41.75,0.0569,0.2681,-0.1952,-0.2185,0.1253,0.1400
31.7573,268.61,-1085.99,68.95,-23.57,141.54,-40.96,0.0590,0.2625,-0.1894,-0.2013,0.1745,0.1079
31.7990,269.08,-1085.63,68.54,-26.02,136.90,-39.63,0.0605,0.2559,-0.1847,-0.1826,0.2116,0.0685
31.8408,269.62,-1085.32,68.07,-28.91,131.66,-37.85,0.0614,0.2485,-0.1786,-0.1666,0.2401,0.0244
31.8827,270.13,-1084.94,67.63,-31.50,125.57,-34.51,0.0606,0.2419,-0.1734,-0.1491,0.2566,-0.0217
31.9245,270.73,-1084.67,67.16,-34.57,119.81,-31.35,0.0590,0.2349,-0.1662,-0.1325,0.2606,-0.0603
31.9661,271.32,-1084.36,66.72,-37.15,113.08,-26.79,0.0563,0.2293,-0.1605,-0.1172,0.2599,-0.0826
32.0075,271.85,-1084.21,66.32,-39.34,106.50,-22.28,0.0546,0.2228,-0.1564,-0.1059,0.2585,-0.0929
32.0496,272.32,-1084.17,66.01,-41.67,99.72,-17.31,0.0537,0.2161,-0.1572,-0.1038,0.2582,-0.0962
32.0916,272.61,-1084.37,65.70,-43.40,93.11,-12.21,0.0549,0.2056,-0.1626,-0.1030,0.2608,-0.0969
32.1333,272.81,-1084.70,65.61,-45.92,86.74,-5.96,0.0557,0.1895,-0.1782,-0.1039,0.2643,-0.0992
32.1752,272.79,-1084.70,65.66,-46.12,81.03,-1.04,0.0635,0.1605,-0.1972,-0.1038,0.2658,-0.1025
32.2168,272.62,-1084.87,65.82,-46.17,76.07,3.07,0.0789,0.1237,-0.2173,-0.1027,0.2664,-0.1073
32.2591,272.29,-1084.72,65.91,-45.09,72.51,6.14,0.1015,0.0779,-0.2362,-0.1009,0.2654,-0.1129
32.3009,271.76,-1084.76,66.01,-45.10,70.05,8.84,0.1344,0.0307,-0.2485,-0.0987,0.2662,-0.1190
32.3430,271.22,-1084.63,66.08,-45.28,68.88,10.90,0.1675,-0.0176,-0.2560,-0.0975,0.2668,-0.1255
32.3849,270.71,-1084.47,66.14,-45.05,67.83,11.66,0.2008,-0.0705,-0.2559,-0.0981,0.2668,-0.1313
32.4268,270.27,-1084.41,66.28,-45.16,66.93,13.19,0.2274,-0.1215,-0.2441,-0.0978,0.2677,-0.1385
32.4688,269.87,-1084.19,66.50,-44.86,66.60,13.35,0.2455,-0.1675,-0.2179,-0.0972,0.2664,-0.1464
32.5104,269.54,-1084.07,66.79,-43.50,66.75,13.88,0.2575,-0.1981,-0.1818,-0.0965,0.2688,-0.1549
32.5524,269.21,-1084.12,67.07,-42.79,66.20,14.14,0.2690,-0.2143,-0.1396,-0.0960,0.2717,-0.1628
32.5939,268.95,-1084.15,67.30,-42.02,65.31,15.57,0.2753,-0.2185,-0.0911,-0.0957,0.2729,-0.1696
32.6348,268.64,-1084.21,67.44,-41.14,64.36,16.11,0.2793,-0.2102,-0.0395,-0.0940,0.2734,-0.1749
32.6768,268.32,-1084.32,67.63,-40.84,63.89,17.27,0.2783,-0.1927,0.0093,-0.0915,0.2747,-0.1797
32.7183,267.98,-1084.42,67.76,-39.90,63.53,17.45,0.2741,-0.1657,0.0519,-0.0885,0.2751,-0.1835
32.7604,267.65,-1084.65,67.87,-39.92,63.67,18.09,0.2655,-0.1309,0.0872,-0.0858,0.2764,-0.1841
32.8021,267.28,-1084.90,67.87,-39.84,64.28,17.88,0.2549,-0.0900,0.1118,-0.0819,0.2770,-0.1849
32.8438,266.88,-1085.23,67.91,-40.17,64.77,17.38,0.2437,-0.0424,0.1230,-0.0775,0.2769,-0.1842
32.8854,266.51,-1085.56,67.96,-40.25,66.12,17.03,0.2305,0.0071,0.1258,-0.0725,0.2758,-0.1817
32.9275,266.14,-1085.85,68.03,-40.45,67.97,16.08,0.2153,0.0581,0.1201,-0.0684,0.2734,-0.1780
32.9694,265.80,-1086.04,68.13,-40.36,70.08,15.07,0.1980,0.1063,0.1092,-0.0648,0.2702,-0.1746
33.0115,265.46,-1086.18,68.17,-40.28,72.73,13.78,0.1794,0.1507,0.0919,-0.0621,0.2666,-0.1700
33.0529,265.10,-1086.24,68.21,-40.64,75.48,12.49,0.1623,0.1899,0.0679,-0.0593,0.2625,-0.1662
33.0943,264.65,-1086.30,68.30,-40.50,78.89,10.36,0.1479,0.2192,0.0366,-0.0566,0.2589,-0.1627
33.1364,264.12,-1086.35,68.45,-40.55,82.79,7.62,0.1392,0.2434,0.0026,-0.0538,0.2561,-0.1598
33.1783,263.48,-1086.43,68.63,-39.95,87.49,3.92,0.1347,0.2580,-0.0311,-0.0500,0.2530,-0.1574
33.2201,262.87,-1086.43,68.88,-39.22,91.99,1.06,0.1293,0.2637,-0.0633,-0.0486,0.2471,-0.1555
33.2620,262.24,-1086.50,69.04,-38.05,96.74,-1.87,0.1192,0.2654,-0.0872,-0.0487,0.2403,-0.1566
33.3036,261.65,-1086.60,69.24,-37.64,102.28,-4.86,0.1070,0.2683,-0.1091,-0.0545,0.2282,-0.1606
33.3451,261.08,-1086.80,69.43,-36.46,108.81,-9.03,0.0993,0.2714,-0.1244,-0.0630,0.2109,-0.1714
33.3868,260.75,-1087.02,69.71,-35.46,116.77,-13.56,0.0947,0.2746,-0.1405,-0.0782,0.1824,-0.1838
33.4288,260.58,-1087.11,69.99,-33.20,124.09,-18.58,0.0906,0.2779,-0.1541,-0.1003,0.1407,-0.1973
33.4704,260.64,-1087.14,70.26,-31.11,130.76,-22.88,0.0842,0.2823,-0.1665,-0.1290,0.0926,-0.2086
33.5119,260.78,-1087.00,70.50,-28.34,136.81,-26.62,0.0765,0.2853,-0.1786,-0.1617,0.0358,-0.2142
33.5537,261.02,-1086.79,70.71,-25.67,141.69,-30.49,0.0689,0.2868,-0.1901,-0.1923,-0.0244,-0.2115
33.5955,261.30,-1086.44,70.83,-23.00,145.78,-33.14,0.0642,0.2876,-0.1995,-0.2189,-0.0844,-0.1977
33.6372,261.57,-1086.03,70.95,-20.49,148.34,-35.57,0.0607,0.2888,-0.2083,-0.2377,-0.1391,-0.1711
33.6793,261.83,-1085.62,71.04,-18.58,149.95,-37.51,0.0581,0.2893,-0.2159,-0.2497,-0.1838,-0.1335
33.7212,262.10,-1085.27,71.10,-16.86,150.35,-39.10,0.0558,0.2896,-0.2226,-0.2524,-0.2192,-0.0836
33.7622,262.37,-1085.05,71.19,-15.59,150.99,-40.30,0.0542,0.2899,-0.2282,-0.2436,-0.2380,-0.0297
33.8042,262.72,-1084.90,71.14,-14.27,151.77,-41.93,0.0523,0.2906,-0.2309,-0.2275,-0.2387,0.0268
33.8463,263.17,-1084.68,70.97,-13.52,151.82,-44.12,0.0470,0.2910,-0.2310,-0.2095,-0.2226,0.0799
33.8879,263.77,-1084.53,70.90,-12.70,151.25,-45.90,0.0397,0.2912,-0.2304,-0.1936,-0.1920,0.1223
33.9296,264.44,-1084.42,70.74,-12.26,150.27,-46.74,0.0326,0.2896,-0.2265,-0.1821,-0.1493,0.1540
33.9707,265.09,-1084.36,70.55,-12.53,148.85,-47.03,0.0255,0.2859,-0.2211,-0.1748,-0.1014,0.1724
34.0124,265.72,-1084.27,70.26,-13.16,146.64,-47.00,0.0216,0.2805,-0.2133,-0.1753,-0.0520,0.1817
34.0544,266.34,-1084.20,69.90,-14.69,144.23,-46.77,0.0200,0.2738,-0.2052,-0.1821,-0.0009,0.1829
34.0966,267.03,-1084.27,69.48,-17.18,141.56,-46.21,0.0195,0.2686,-0.1981,-0.1909,0.0526,0.1728
34.1383,267.67,-1084.13,69.10,-19.65,138.24,-45.13,0.0217,0.2612,-0.1915,-0.1978,0.1052,0.1533
34.1800,268.32,-1083.94,68.77,-22.14,133.86,-43.50,0.0257,0.2545,-0.1858,-0.1962,0.1567,0.1232
34.2218,268.89,-1083.64,68.41,-24.62,128.93,-41.28,0.0298,0.2454,-0.1807,-0.1844,0.1960,0.0840
34.2635,269.59,-1083.46,68.07,-27.59,123.60,-38.11,0.0337,0.2371,-0.1763,-0.1680,0.2230,0.0393
34.3054,270.17,-1083.16,67.76,-29.99,117.36,-34.55,0.0385,0.2288,-0.1733,-0.1522,0.2396,-0.0036
34.3472,270.79,-1083.21,67.52,-33.06,111.43,-30.10,0.0428,0.2231,-0.1720,-0.1378,0.2515,-0.0444
34.3889,271.28,-1083.20,67.34,-35.59,105.09,-25.28,0.0475,0.2164,-0.1711,-0.1246,0.2564,-0.0786
34.4305,271.76,-1083.38,67.34,-37.89,99.25,-19.70,0.0507,0.2128,-0.1737,-0.1127,0.2582,-0.1058
34.4724,272.04,-1083.41,67.33,-38.38,93.61,-14.67,0.0556,0.2076,-0.1745,-0.1067,0.2575,-0.1200
34.5145,272.23,-1083.69,67.40,-39.50,89.29,-10.06,0.0591,0.2041,-0.1766,-0.1021,0.2584,-0.1294
34.5564,272.32,-1083.82,67.43,-39.99,85.34,-5.91,0.0634,0.1971,-0.1797,-0.1015,0.2586,-0.1331
34.5985,272.28,-1084.03,67.52,-40.48,81.51,-0.95,0.0683,0.1872,-0.1850,-0.0994,0.2605,-0.1352
34.6403,272.00,-1084.16,67.54,-40.74,78.60,2.85,0.0757,0.1744,-0.1942,-0.0959,0.2615,-0.1371
34.6816,271.69,-1084.34,67.49,-41.15,76.01,6.69,0.0851,0.1565,-0.2044,-0.0930,0.2629,-0.1384
34.7235,271.14,-1084.38,67.43,-41.77,73.35,9.65,0.0994,0.1295,-0.2149,-0.0880,0.2626,-0.1417
34.7657,270.57,-1084.26,67.38,-41.54,71.58,12.56,0.1198,0.0937,-0.2228,-0.0844,0.2599,-0.1456
34.8075,269.87,-1084.12,67.31,-41.33,70.52,14.73,0.1457,0.0530,-0.2276,-0.0805,0.2587,-0.1502
34.8491,269.16,-1083.98,67.27,-41.33,69.70,16.52,0.1744,0.0101,-0.2269,-0.0778,0.2584,-0.1554
34.8908,268.43,-1083.73,67.22,-40.94,69.60,17.63,0.2037,-0.0363,-0.2188,-0.0756,0.2569,-0.1604
34.9328,267.85,-1083.52,67.11,-40.81,69.54,18.30,0.2281,-0.0800,-0.2005,-0.0752,0.2559,-0.1649
34.9747,267.38,-1083.44,67.00,-41.51,69.68,18.67,0.2450,-0.1199,-0.1787,-0.0754,0.2556,-0.1668
35.0167,267.02,-1083.43,66.95,-42.16,69.62,18.03,0.2603,-0.1492,-0.1511,-0.0779,0.2560,-0.1699
35.0583,266.76,-1083.61,67.00,-42.65,69.85,17.29,0.2732,-0.1656,-0.1152,-0.0818,0.2584,-0.1730
35.1002,266.62,-1083.83,67.14,-42.80,69.52,17.00,0.2798,-0.1672,-0.0714,-0.0846,0.2605,-0.1750
35.1417,266.52,-1084.09,67.25,-42.08,68.98,16.84,0.2847,-0.1572,-0.0277,-0.0873,0.2622,-0.1748
35.1837,266.41,-1084.46,67.34,-42.10,67.88,16.96,0.2874,-0.1417,0.0146,-0.0888,0.2639,-0.1743
35.2257,266.32,-1084.83,67.46,-42.23,67.65,16.69,0.2872,-0.1172,0.0544,-0.0887,0.2646,-0.1735
35.2675,266.22,-1085.21,67.60,-42.10,67.96,15.93,0.2802,-0.0831,0.0856,-0.0877,0.2641,-0.1730
35.3091,266.12,-1085.49,67.76,-41.50,68.78,15.19,0.2674,-0.0430,0.1076,-0.0863,0.2629,-0.1726
35.3504,266.02,-1085.96,67.88,-41.31,69.56,14.64,0.2506,0.0033,0.1199,-0.0842,0.2628,-0.1714
35.3925,265.87,-1086.32,68.04,-41.13,70.26,14.28,0.2308,0.0495,0.1208,-0.0811,0.2619,-0.1699
35.4343,265.66,-1086.85,68.20,-41.09,71.22,14.04,0.2084,0.0923,0.1106,-0.0763,0.2617,-0.1691
35.4760,265.41,-1087.13,68.39,-40.91,73.35,13.44,0.1863,0.1291,0.0883,-0.0721,0.2577,-0.1683
35.5177,265.10,-1087.31,68.62,-40.34,76.15,12.03,0.1662,0.1602,0.0602,-0.0672,0.2532,-0.1675
35.5593,264.74,-1087.48,68.83,-39.87,79.80,9.95,0.1495,0.1868,0.0281,-0.0622,0.2477,-0.1662
35.6012,264.37,-1087.66,69.01,-39.46,83.80,7.06,0.1344,0.2110,-0.0060,-0.0575,0.2422,-0.1654
35.6429,264.08,-1087.77,69.23,-39.05,87.82,4.64,0.1209,0.2342,-0.0443,-0.0545,0.2354,-0.1653
35.6848,263.80,-1087.98,69.42,-38.53,90.67,2.44,0.1086,0.2502,-0.0787,-0.0524,0.2307,-0.1654
35.7265,263.52,-1088.08,69.64,-38.17,93.55,0.74,0.0977,0.2592,-0.1101,-0.0514,0.2274,-0.1651
35.7678,263.24,-1088.20,69.84,-37.28,96.73,-1.27,0.0857,0.2647,-0.1299,-0.0518,0.2240,-0.1648
35.8099,262.94,-1088.18,70.10,-36.65,100.19,-3.47,0.0762,0.2664,-0.1474,-0.0565,0.2199,-0.1652
35.8520,262.59,-1088.06,70.26,-34.75,104.43,-6.38,0.0700,0.2636,-0.1539,-0.0648,0.2144,-0.1659
35.8933,262.26,-1088.18,70.33,-34.21,109.84,-10.33,0.0644,0.2622,-0.1597,-0.0752,0.2075,-0.1689
35.9350,261.90,-1088.13,70.42,-33.06,117.20,-14.91,0.0646,0.2627,-0.1629,-0.0898,0.1906,-0.1716
35.9766,261.63,-1088.18,70.48,-30.73,125.63,-20.89,0.0652,0.2656,-0.1659,-0.1063,0.1655,-0.1746
36.0186,261.49,-1088.12,70.56,-28.12,133.82,-26.90,0.0643,0.2674,-0.1708,-0.1255,0.1284,-0.1792
36.0604,261.54,-1087.89,70.58,-24.72,140.49,-32.02,0.0639,0.2692,-0.1764,-0.1487,0.0809,-0.1829
36.1022,261.64,-1087.54,70.54,-21.52,145.48,-36.69,0.0659,0.2705,-0.1835,-0.1726,0.0277,-0.1838
36.1438,261.86,-1087.06,70.36,-18.32,149.23,-40.20,0.0678,0.2714,-0.1903,-0.1945,-0.0288,-0.1769
36.1854,262.22,-1086.66,70.17,-16.41,152.16,-42.93,0.0690,0.2742,-0.1977,-0.2153,-0.0811,-0.1634
36.2270,262.58,-1086.20,70.01,-14.46,153.92,-45.39,0.0712,0.2769,-0.2062,-0.2337,-0.1295,-0.1410
36.2690,263.01,-1085.74,69.87,-13.33,154.73,-46.78,0.0742,0.2778,-0.2141,-0.2501,-0.1736,-0.1062
36.3113,263.38,-1085.40,69.75,-12.33,154.81,-48.02,0.0780,0.2780,-0.2213,-0.2563,-0.2085,-0.0657
36.3529,263.81,-1085.14,69.66,-11.26,155.46,-48.19,0.0797,0.2758,-0.2269,-0.2531,-0.2333,-0.0152
36.3947,264.22,-1084.99,69.62,-10.24,155.48,-48.64,0.0818,0.2741,-0.2312,-0.2473,-0.2408,0.0378
36.4362,264.66,-1084.92,69.56,-9.49,155.13,-49.65,0.0862,0.2749,-0.2350,-0.2367,-0.2302,0.0878
36.4783,265.23,-1084.96,69.50,-9.57,154.67,-49.69,0.0873,0.2744,-0.2373,-0.2272,-0.2039,0.1308
36.5198,265.84,-1085.11,69.46,-10.29,153.61,-49.57,0.0848,0.2724,-0.2375,-0.2196,-0.1627,0.1634
36.5616,266.50,-1085.27,69.44,-11.44,151.54,-48.85,0.0813,0.2701,-0.2354,-0.2122,-0.1126,0.1821
36.6034,267.21,-1085.54,69.40,-13.17,148.89,-47.89,0.0765,0.2665,-0.2308,-0.2054,-0.0578,0.1870
36.6448,267.93,-1085.86,69.30,-15.72,145.63,-46.29,0.0728,0.2619,-0.2240,-0.1983,0.0003,0.1813
36.6863,268.61,-1086.17,69.23,-18.15,141.46,-44.56,0.0720,0.2577,-0.2165,-0.1905,0.0613,0.1601
36.7284,269.42,-1086.52,69.17,-21.25,136.75,-41.68,0.0736,0.2543,-0.2088,-0.1836,0.1181,0.1270
36.7701,270.12,-1086.72,69.26,-23.51,130.62,-39.33,0.0773,0.2499,-0.2029,-0.1761,0.1687,0.0857
36.8119,270.86,-1087.01,69.18,-26.23,124.11,-35.72,0.0796,0.2449,-0.1955,-0.1665,0.2131,0.0405
36.8535,271.49,-1087.16,69.09,-28.73,117.01,-32.05,0.0824,0.2378,-0.1884,-0.1508,0.2428,-0.0097
36.8954,272.24,-1087.41,68.96,-31.22,110.68,-26.48,0.0843,0.2310,-0.1809,-0.1340,0.2612,-0.0538
36.9371,272.84,-1087.41,68.83,-32.90,103.71,-22.36,0.0859,0.2224,-0.1735,-0.1195,0.2694,-0.0910
36.9790,273.43,-1087.46,68.74,-34.74,97.57,-17.61,0.0842,0.2151,-0.1692,-0.1087,0.2724,-0.1210
37.0206,273.79,-1087.32,68.68,-35.07,91.69,-14.22,0.0823,0.2085,-0.1675,-0.1025,0.2713,-0.1378
37.0621,274.04,-1087.49,68.59,-36.51,87.84,-10.18,0.0782,0.2065,-0.1667,-0.0960,0.2713,-0.1460
37.1036,274.11,-1087.48,68.51,-37.23,84.33,-6.85,0.0732,0.2061,-0.1684,-0.0929,0.2708,-0.1452
37.1455,273.99,-1087.60,68.53,-38.34,81.86,-3.80,0.0694,0.2053,-0.1710,-0.0900,0.2713,-0.1432
37.1876,273.68,-1087.51,68.57,-38.17,79.91,-1.62,0.0670,0.2004,-0.1793,-0.0892,0.2696,-0.1404
37.2299,273.18,-1087.55,68.57,-38.82,78.72,1.36,0.0699,0.1890,-0.1893,-0.0891,0.2697,-0.1385
37.2716,272.53,-1087.39,68.60,-38.95,77.51,4.01,0.0789,0.1667,-0.2018,-0.0893,0.2691,-0.1390
37.3130,271.82,-1087.20,68.63,-38.86,76.22,7.33,0.0949,0.1339,-0.2141,-0.0903,0.2676,-0.1413
37.3556,271.03,-1086.91,68.70,-38.66,74.92,9.73,0.1193,0.0943,-0.2268,-0.0909,0.2655,-0.1456
37.3973,270.22,-1086.56,68.74,-38.32,73.75,12.01,0.1495,0.0489,-0.2379,-0.0916,0.2632,-0.1500
37.4385,269.43,-1086.18,68.75,-38.06,73.05,13.71,0.1844,0.0002,-0.2395,-0.0918,0.2596,-0.1549
37.4800,268.68,-1085.84,68.69,-38.22,72.24,15.07,0.2226,-0.0487,-0.2272,-0.0906,0.2560,-0.1608
37.5216,268.07,-1085.39,68.67,-38.00,71.77,16.53,0.2541,-0.0945,-0.2085,-0.0908,0.2532,-0.1673
37.5629,267.46,-1085.08,68.62,-37.77,71.72,17.25,0.2783,-0.1269,-0.1773,-0.0894,0.2541,-0.1748
37.6050,266.99,-1084.97,68.63,-38.01,71.45,18.02,0.2916,-0.1453,-0.1353,-0.0863,0.2553,-0.1822
37.6469,266.58,-1084.99,68.61,-37.98,70.67,18.90,0.2964,-0.1500,-0.0881,-0.0808,0.2571,-0.1880
37.6887,266.21,-1085.13,68.63,-37.89,69.33,19.77,0.2951,-0.1440,-0.0380,-0.0745,0.2585,-0.1919
37.7303,265.85,-1085.30,68.68,-37.68,68.03,21.46,0.2912,-0.1339,0.0088,-0.0681,0.2599,-0.1942
37.7718,265.47,-1085.49,68.68,-36.92,66.69,22.56,0.2828,-0.1164,0.0490,-0.0620,0.2612,-0.1954
37.8138,265.12,-1085.82,68.64,-36.89,66.50,23.74,0.2706,-0.0920,0.0836,-0.0562,0.2633,-0.1954
37.8558,264.75,-1086.19,68.60,-37.27,66.36,23.89,0.2549,-0.0625,0.1101,-0.0507,0.2642,-0.1946
37.8977,264.43,-1086.60,68.57,-37.53,67.44,23.81,0.2385,-0.0282,0.1284,-0.0473,0.2653,-0.1926
37.9395,264.12,-1087.12,68.64,-38.05,67.90,23.34,0.2227,0.0114,0.1361,-0.0426,0.2653,-0.1889
37.9812,263.88,-1087.57,68.66,-38.19,69.55,22.84,0.2078,0.0553,0.1343,-0.0406,0.2635,-0.1836
38.0228,263.65,-1088.02,68.73,-38.69,71.43,21.97,0.1932,0.0995,0.1256,-0.0400,0.2613,-0.1769
38.0647,263.43,-1088.40,68.76,-39.17,74.01,20.53,0.1782,0.1408,0.1092,-0.0415,0.2593,-0.1684
38.1065,263.24,-1088.71,68.77,-39.68,77.11,18.63,0.1624,0.1800,0.0877,-0.0441,0.2575,-0.1592
38.1486,263.07,-1088.94,68.85,-40.05,80.85,16.77,0.1483,0.2154,0.0633,-0.0479,0.2554,-0.1496
38.1900,262.86,-1089.22,68.91,-40.38,84.57,14.59,0.1361,0.2463,0.0406,-0.0512,0.2541,-0.1398
38.2313,262.55,-1089.28,69.09,-39.90,88.26,13.08,0.1228,0.2644,0.0101,-0.0543,0.2505,-0.1313
38.2734,262.02,-1089.29,69.36,-39.01,91.99,11.67,0.1089,0.2698,-0.0223,-0.0568,0.2464,-0.1247
38.3157,261.41,-1089.28,69.59,-37.73,96.20,9.42,0.1006,0.2727,-0.0483,-0.0601,0.2430,-0.1210
38.3578,260.82,-1089.44,69.80,-37.12,100.91,6.68,0.0977,0.2774,-0.0692,-0.0656,0.2403,-0.1214
38.3989,260.25,-1089.62,70.09,-36.66,106.27,3.21,0.0967,0.2814,-0.0885,-0.0714,0.2350,-0.1301
38.4408,259.73,-1089.82,70.42,-35.69,112.33,-1.41,0.0982,0.2854,-0.1060,-0.0802,0.2249,-0.1422
38.4823,259.36,-1090.03,70.74,-34.12,119.04,-6.37,0.0983,0.2912,-0.1227,-0.0903,0.2070,-0.1580
38.5246,259.17,-1090.21,71.11,-32.54,125.95,-11.61,0.0955,0.2952,-0.1405,-0.1037,0.1789,-0.1734
38.5663,259.16,-1090.27,71.50,-29.76,132.38,-16.71,0.0920,0.2970,-0.1574,-0.1202,0.1405,-0.1900
38.6081,259.30,-1090.12,71.91,-26.80,137.89,-21.64,0.0874,0.2982,-0.1751,-0.1401,0.0896,-0.2063
38.6495,259.62,-1089.77,72.20,-23.50,142.11,-25.22,0.0831,0.2970,-0.1894,-0.1634,0.0297,-0.2177
38.6912,260.01,-1089.18,72.43,-20.27,144.76,-28.78,0.0789,0.2956,-0.2026,-0.1841,-0.0329,-0.2232
38.7329,260.52,-1088.32,72.66,-17.44,145.37,-31.79,0.0754,0.2919,-0.2143,-0.2031,-0.0980,-0.2188
38.7749,261.02,-1087.41,72.70,-14.52,144.59,-34.38,0.0731,0.2886,-0.2234,-0.2189,-0.1552,-0.2001
38.8166,261.48,-1086.56,72.61,-12.73,143.56,-37.14,0.0724,0.2861,-0.2297,-0.2343,-0.1989,-0.1704
38.8583,261.89,-1085.88,72.24,-12.01,143.02,-39.56,0.0712,0.2847,-0.2325,-0.2461,-0.2334,-0.1222
38.8994,262.26,-1085.30,71.76,-12.27,143.04,-41.89,0.0683,0.2838,-0.2337,-0.2491,-0.2504,-0.0670
38.9415,262.60,-1084.85,71.20,-12.66,143.55,-43.92,0.0641,0.2824,-0.2327,-0.2460,-0.2494,-0.0107
38.9836,262.98,-1084.36,70.53,-13.20,143.90,-45.40,0.0562,0.2785,-0.2308,-0.2379,-0.2328,0.0448
39.0256,263.44,-1083.95,69.82,-14.62,143.17,-46.35,0.0467,0.2737,-0.2270,-0.2296,-0.2063,0.0960
39.0672,263.97,-1083.65,69.12,-16.56,142.19,-46.90,0.0376,0.2683,-0.2222,-0.2230,-0.1699,0.1388
39.1084,264.46,-1083.46,68.60,-18.16,141.12,-47.25,0.0302,0.2618,-0.2171,-0.2138,-0.1244,0.1681
39.1501,264.93,-1083.42,68.09,-19.86,139.55,-47.52,0.0248,0.2565,-0.2108,-0.2057,-0.0715,0.1832
39.1922,265.30,-1083.50,67.71,-21.74,138.11,-47.62,0.0225,0.2524,-0.2034,-0.1972,-0.0170,0.1854
39.2340,265.67,-1083.71,67.35,-23.53,136.49,-46.59,0.0206,0.2494,-0.1960,-0.1896,0.0368,0.1779
39.2758,266.07,-1084.00,67.19,-25.62,134.91,-44.41,0.0187,0.2464,-0.1908,-0.1830,0.0937,0.1526
39.3177,266.48,-1084.33,67.14,-27.57,132.58,-42.33,0.0177,0.2435,-0.1865,-0.1740,0.1464,0.1148
39.3594,266.91,-1084.57,67.10,-29.88,129.18,-38.96,0.0193,0.2396,-0.1828,-0.1622,0.1900,0.0718
39.4013,267.37,-1084.74,67.05,-32.09,124.37,-34.95,0.0233,0.2343,-0.1784,-0.1471,0.2225,0.0286
39.4437,267.89,-1084.89,67.12,-34.56,118.96,-29.68,0.0280,0.2296,-0.1760,-0.1287,0.2394,-0.0115
39.4852,268.44,-1085.04,67.33,-35.66,112.82,-24.97,0.0333,0.2247,-0.1751,-0.1116,0.2493,-0.0455
39.5267,269.04,-1085.07,67.83,-35.92,106.28,-18.52,0.0382,0.2188,-0.1781,-0.0983,0.2516,-0.0739
39.5682,269.46,-1085.19,68.26,-34.35,100.18,-14.14,0.0453,0.2133,-0.1815,-0.0893,0.2540,-0.0956
39.6101,269.87,-1085.62,68.48,-35.17,95.05,-8.68,0.0537,0.2093,-0.1855,-0.0851,0.2580,-0.1101
39.6519,270.19,-1085.82,68.62,-36.06,89.58,-3.44,0.0626,0.1991,-0.1959,-0.0848,0.2599,-0.1204
39.6943,270.37,-1086.06,68.71,-36.50,83.85,2.35,0.0747,0.1824,-0.2089,-0.0839,0.2628,-0.1284
39.7358,270.34,-1086.26,68.74,-37.07,78.79,7.11,0.0898,0.1564,-0.2258,-0.0815,0.2654,-0.1350
39.7773,270.17,-1086.29,68.74,-37.26,74.42,11.36,0.1107,0.1201,-0.2415,-0.0792,0.2674,-0.1412
39.8193,269.75,-1086.31,68.68,-37.65,71.16,14.94,0.1364,0.0773,-0.2542,-0.0754,0.2692,-0.1477
39.8608,269.18,-1086.07,68.53,-37.41,69.64,18.40,0.1662,0.0273,-0.2604,-0.0708,0.2692,-0.1535
39.9029,268.34,-1085.91,68.32,-38.10,69.41,20.99,0.1965,-0.0227,-0.2548,-0.0634,0.2688,-0.1613
39.9448,267.51,-1085.62,68.11,-38.39,69.96,22.86,0.2234,-0.0733,-0.2440,-0.0560,0.2667,-0.1704
39.9857,266.75,-1085.34,67.90,-38.86,71.00,23.79,0.2495,-0.1171,-0.2210,-0.0508,0.2652,-0.1793
40.0272,266.18,-1085.10,67.71,-39.19,72.14,24.10,0.2710,-0.1525,-0.1901,-0.0485,0.2652,-0.1861
40.0695,265.73,-1085.01,67.53,-39.64,73.29,23.37,0.2891,-0.1773,-0.1511,-0.0462,0.2663,-0.1912
40.1108,265.43,-1084.96,67.42,-40.73,74.36,21.84,0.3034,-0.1888,-0.1012,-0.0450,0.2664,-0.1937
40.1526,265.31,-1084.92,67.38,-40.82,75.18,20.79,0.3107,-0.1905,-0.0477,-0.0446,0.2664,-0.1917
40.1948,265.26,-1084.91,67.38,-41.14,74.91,19.91,0.3104,-0.1824,0.0080,-0.0463,0.2674,-0.1918
40.2365,265.26,-1084.88,67.35,-40.64,74.22,20.06,0.3047,-0.1645,0.0567,-0.0490,0.2683,-0.1876
40.2785,265.35,-1085.04,67.37,-41.11,73.17,19.84,0.2932,-0.1375,0.0970,-0.0522,0.2705,-0.1817
40.3205,265.39,-1085.30,67.38,-41.07,72.81,19.75,0.2775,-0.1045,0.1299,-0.0543,0.2724,-0.1755
40.3623,265.33,-1085.56,67.45,-41.73,72.83,18.68,0.2561,-0.0626,0.1492,-0.0555,0.2734,-0.1695
40.4039,265.28,-1085.82,67.53,-41.74,73.68,18.21,0.2338,-0.0196,0.1559,-0.0560,0.2736,-0.1644
40.4454,265.17,-1086.13,67.69,-42.03,75.01,16.58,0.2123,0.0253,0.1521,-0.0563,0.2736,-0.1602
40.4872,265.15,-1086.41,67.86,-41.96,76.75,15.70,0.1924,0.0730,0.1381,-0.0569,0.2735,-0.1562
40.5294,265.11,-1086.60,67.99,-41.77,78.38,14.00,0.1743,0.1144,0.1182,-0.0569,0.2722,-0.1513
40.5712,265.05,-1086.65,68.12,-41.59,80.47,13.04,0.1570,0.1533,0.0965,-0.0561,0.2690,-0.1474
40.6126,264.98,-1086.67,68.17,-41.56,82.38,11.83,0.1379,0.1857,0.0684,-0.0555,0.2655,-0.1439
40.6539,264.87,-1086.60,68.25,-41.43,84.00,10.74,0.1200,0.2081,0.0377,-0.0545,0.2620,-0.1427
40.6959,264.72,-1086.53,68.31,-41.28,86.00,9.55,0.1071,0.2289,0.0032,-0.0530,0.2572,-0.1424
40.7376,264.55,-1086.50,68.45,-41.20,87.70,7.45,0.1009,0.2435,-0.0311,-0.0518,0.2529,-0.1464
40.7797,264.30,-1086.37,68.56,-40.48,90.55,5.11,0.1002,0.2554,-0.0671,-0.0513,0.2474,-0.1539
40.8219,264.07,-1086.46,68.75,-40.34,93.38,2.23,0.1002,0.2611,-0.1001,-0.0546,0.2436,-0.1599
40.8631,263.74,-1086.29,68.90,-39.38,96.79,-0.43,0.1018,0.2591,-0.1262,-0.0567,0.2365,-0.1635
40.9047,263.39,-1086.31,69.10,-38.36,100.93,-4.15,0.1015,0.2572,-0.1465,-0.0601,0.2279,-0.1658
40.9465,263.01,-1086.33,69.30,-37.42,106.08,-7.84,0.1042,0.2588,-0.1613,-0.0661,0.2180,-0.1690
40.9884,262.57,-1086.45,69.54,-35.78,112.75,-13.54,0.1053,0.2604,-0.1730,-0.0769,0.2040,-0.1730
41.0302,262.21,-1086.64,69.89,-34.01,120.24,-18.83,0.1033,0.2617,-0.1838,-0.0907,0.1785,-0.1813
41.0720,261.92,-1086.81,70.32,-31.11,127.55,-23.74,0.1023,0.2655,-0.1932,-0.1076,0.1416,-0.1926
41.1135,261.81,-1086.98,70.78,-27.99,134.43,-27.30,0.1012,0.2693,-0.2014,-0.1297,0.0958,-0.2031
41.1554,261.79,-1087.06,71.25,-24.34,140.63,-30.65,0.1002,0.2730,-0.2083,-0.1572,0.0425,-0.2088
41.1972,261.86,-1087.05,71.70,-20.33,146.06,-34.00,0.0981,0.2770,-0.2145,-0.1839,-0.0120,-0.2094
41.2389,261.95,-1087.01,72.03,-16.73,150.55,-37.23,0.0969,0.2810,-0.2190,-0.2084,-0.0678,-0.2012
41.2808,261.98,-1086.90,72.32,-13.57,154.51,-40.54,0.0973,0.2841,-0.2232,-0.2290,-0.1227,-0.1830
41.3224,261.91,-1086.75,72.51,-10.94,157.01,-43.45,0.0993,0.2867,-0.2266,-0.2445,-0.1701,-0.1523
41.3639,261.79,-1086.66,72.58,-9.76,158.75,-44.59,0.1022,0.2899,-0.2275,-0.2493,-0.2029,-0.1080
41.4063,261.56,-1086.66,72.64,-9.05,159.59,-45.21,0.1044,0.2933,-0.2263,-0.2486,-0.2190,-0.0554
41.4483,261.48,-1086.92,72.58,-9.70,160.99,-45.05,0.1038,0.2971,-0.2230,-0.2453,-0.2133,-0.0035
41.4906,261.49,-1087.18,72.51,-10.34,162.09,-44.54,0.1018,0.2997,-0.2202,-0.2413,-0.1979,0.0463
41.5322,261.68,-1087.39,72.51,-11.02,162.43,-44.31,0.0979,0.3006,-0.2179,-0.2366,-0.1730,0.0898
41.5744,261.98,-1087.57,72.55,-11.14,161.78,-43.55,0.0927,0.3008,-0.2165,-0.2325,-0.1388,0.1233
41.6160,262.33,-1087.69,72.58,-11.53,160.16,-42.94,0.0882,0.2987,-0.2148,-0.2287,-0.0989,0.1467
41.6583,262.73,-1087.75,72.50,-12.05,157.92,-42.02,0.0840,0.2949,-0.2123,-0.2235,-0.0533,0.1613
41.6996,263.15,-1087.72,72.31,-13.32,155.02,-41.35,0.0811,0.2893,-0.2085,-0.2150,-0.0006,0.1633
41.7408,263.59,-1087.62,71.93,-15.05,151.71,-40.64,0.0799,0.2828,-0.2029,-0.2029,0.0527,0.1561
41.7818,264.10,-1087.39,71.41,-17.62,147.64,-39.49,0.0796,0.2758,-0.1972,-0.1882,0.1028,0.1386
41.8235,264.67,-1087.05,70.84,-20.87,142.49,-38.76,0.0807,0.2682,-0.1918,-0.1731,0.1489,0.1123
41.8652,265.31,-1086.58,70.03,-24.65,136.40,-36.28,0.0830,0.2601,-0.1857,-0.1597,0.1884,0.0793
41.9070,265.97,-1086.04,69.32,-28.34,129.27,-34.03,0.0862,0.2510,-0.1799,-0.1460,0.2199,0.0408
41.9490,266.67,-1085.47,68.54,-31.19,121.32,-30.30,0.0897,0.2416,-0.1737,-0.1286,0.2404,0.0001
41.9907,267.36,-1085.02,67.78,-34.28,114.34,-27.25,0.0945,0.2313,-0.1660,-0.1092,0.2540,-0.0393
42.0325,268.07,-1084.64,67.13,-36.36,107.20,-23.82,0.0986,0.2215,-0.1613,-0.0931,0.2574,-0.0731
42.0741,268.70,-1084.49,66.69,-39.02,100.67,-20.10,0.1030,0.2116,-0.1586,-0.0825,0.2581,-0.1007
42.1160,269.21,-1084.41,66.36,-40.37,94.26,-15.53,0.1061,0.2009,-0.1590,-0.0754,0.2581,-0.1200
42.1577,269.59,-1084.58,66.20,-42.18,89.11,-11.04,0.1096,0.1893,-0.1630,-0.0687,0.2575,-0.1341
42.1997,269.79,-1084.77,66.12,-43.31,84.23,-6.69,0.1146,0.1747,-0.1719,-0.0653,0.2585,-0.1423
42.2416,269.83,-1084.97,66.17,-44.35,79.68,-2.78,0.1217,0.1523,-0.1853,-0.0633,0.2607,-0.1516
42.2833,269.74,-1084.98,66.24,-44.45,75.81,0.98,0.1326,0.1178,-0.1998,-0.0644,0.2611,-0.1583
42.3253,269.57,-1084.92,66.34,-43.95,72.43,3.93,0.1531,0.0742,-0.2100,-0.0650,0.2625,-0.1637
42.3672,269.38,-1084.85,66.38,-43.49,69.29,6.19,0.1750,0.0260,-0.2169,-0.0642,0.2642,-0.1685
42.4090,269.21,-1084.83,66.45,-43.64,66.42,8.09,0.1982,-0.0271,-0.2158,-0.0635,0.2654,-0.1749
42.4504,269.01,-1084.62,66.56,-43.39,64.22,9.12,0.2188,-0.0814,-0.2039,-0.0648,0.2666,-0.1819
42.4923,268.87,-1084.34,66.71,-42.80,62.76,9.64,0.2327,-0.1331,-0.1830,-0.0682,0.2671,-0.1890
42.5341,268.74,-1084.16,66.84,-42.11,61.60,10.76,0.2404,-0.1731,-0.1532,-0.0711,0.2683,-0.1952
42.5761,268.65,-1083.98,67.01,-41.83,60.85,11.59,0.2433,-0.1969,-0.1156,-0.0737,0.2696,-0.2011
42.6180,268.64,-1083.99,67.18,-41.07,60.28,12.57,0.2414,-0.2057,-0.0765,-0.0756,0.2717,-0.2055
42.6593,268.59,-1084.07,67.43,-41.04,58.78,13.42,0.2416,-0.2012,-0.0327,-0.0742,0.2730,-0.2108
42.7009,268.50,-1084.11,67.67,-40.38,57.83,13.60,0.2395,-0.1898,0.0092,-0.0731,0.2744,-0.2161
42.7432,268.32,-1084.13,67.87,-39.87,57.60,13.67,0.2355,-0.1727,0.0466,-0.0715,0.2756,-0.2197
42.7851,268.07,-1084.19,67.99,-39.60,57.85,13.38,0.2320,-0.1471,0.0763,-0.0674,0.2764,-0.2212
42.8268,267.81,-1084.26,68.06,-39.41,58.88,13.32,0.2306,-0.1126,0.1007,-0.0631,0.2757,-0.2201
42.8686,267.48,-1084.43,68.04,-39.53,59.68,12.61,0.2295,-0.0674,0.1159,-0.0581,0.2743,-0.2172
42.9102,267.21,-1084.65,67.99,-39.57,61.28,12.30,0.2240,-0.0150,0.1213,-0.0541,0.2718,-0.2135
42.9517,266.96,-1085.05,67.93,-40.30,63.03,11.24,0.2143,0.0387,0.1169,-0.0507,0.2703,-0.2101
42.9936,266.76,-1085.45,68.00,-41.02,64.87,9.70,0.2004,0.0885,0.1019,-0.0491,0.2685,-0.2075
43.0353,266.56,-1085.70,68.14,-41.18,67.45,8.38,0.1836,0.1333,0.0780,-0.0478,0.2645,-0.2045
43.0777,266.44,-1086.03,68.31,-41.00,69.97,7.61,0.1667,0.1740,0.0440,-0.0471,0.2612,-0.2015
43.1186,266.29,-1086.38,68.51,-40.79,72.01,6.38,0.1457,0.2040,0.0017,-0.0484,0.2579,-0.1979
43.1604,266.23,-1086.57,68.86,-40.93,73.71,5.31,0.1273,0.2246,-0.0473,-0.0497,0.2518,-0.1972
43.2025,266.25,-1086.65,69.28,-39.29,74.98,3.17,0.1100,0.2317,-0.0888,-0.0534,0.2429,-0.1985
43.2445,266.29,-1086.48,69.61,-37.81,77.04,2.70,0.0959,0.2340,-0.1274,-0.0610,0.2319,-0.2007
43.2863,266.14,-1086.37,69.81,-36.11,79.83,0.37,0.0870,0.2358,-0.1532,-0.0685,0.2242,-0.2028
43.3280,265.89,-1086.22,69.83,-36.24,83.78,-1.91,0.0833,0.2387,-0.1720,-0.0772,0.2162,-0.2023
43.3695,265.52,-1086.00,69.89,-35.63,89.20,-5.31,0.0824,0.2398,-0.1827,-0.0869,0.2065,-0.2009
43.4114,265.06,-1085.82,69.91,-35.29,96.03,-9.11,0.0814,0.2412,-0.1915,-0.0993,0.1914,-0.1979
43.4529,264.49,-1085.64,70.03,-34.32,104.06,-12.13,0.0817,0.2411,-0.1962,-0.1156,0.1634,-0.1940
43.4947,263.64,-1085.57,70.25,-32.18,114.66,-16.30,0.0826,0.2427,-0.2012,-0.1339,0.1229,-0.1924
43.5363,263.09,-1085.69,70.54,-29.50,124.32,-20.61,0.0812,0.2466,-0.2061,-0.1568,0.0758,-0.1922
43.5780,262.64,-1085.82,70.87,-26.68,132.79,-24.72,0.0795,0.2518,-0.2113,-0.1818,0.0269,-0.1884
43.6200,262.29,-1085.90,71.12,-23.08,140.27,-27.79,0.0775,0.2576,-0.2148,-0.2049,-0.0229,-0.1773
43.6619,262.09,-1086.12,71.23,-19.95,147.61,-30.48,0.0738,0.2639,-0.2179,-0.2257,-0.0715,-0.1549
43.7037,261.97,-1086.29,71.31,-17.29,154.50,-33.18,0.0692,0.2706,-0.2213,-0.2413,-0.1182,-0.1225
43.7454,261.84,-1086.21,71.35,-14.38,158.95,-34.99,0.0645,0.2769,-0.2250,-0.2485,-0.1605,-0.0852
43.7867,261.77,-1086.23,71.36,-12.08,161.78,-37.01,0.0585,0.2842,-0.2286,-0.2445,-0.1923,-0.0398
43.8294,261.77,-1086.28,71.34,-11.01,164.27,-37.95,0.0520,0.2883,-0.2313,-0.2308,-0.2078,0.0063
43.8713,262.01,-1086.34,71.22,-10.31,165.69,-38.95,0.0427,0.2904,-0.2330,-0.2194,-0.2066,0.0492
43.9134,262.27,-1086.27,71.17,-10.01,166.10,-39.49,0.0343,0.2880,-0.2342,-0.2094,-0.1948,0.0849
43.9551,262.56,-1086.16,71.13,-9.75,165.37,-39.50,0.0263,0.2846,-0.2351,-0.2063,-0.1737,0.1143
43.9968,262.91,-1086.09,70.99,-10.00,163.74,-39.85,0.0194,0.2813,-0.2351,-0.2086,-0.1426,0.1401
44.0386,263.32,-1086.05,70.87,-10.81,162.08,-39.33,0.0159,0.2767,-0.2345,-0.2118,-0.1021,0.1589
44.0804,263.72,-1085.95,70.57,-12.21,159.72,-39.95,0.0159,0.2708,-0.2310,-0.2130,-0.0558,0.1684
44.1221,264.16,-1085.78,70.17,-14.45,156.74,-40.14,0.0169,0.2649,-0.2257,-0.2125,-0.0031,0.1674
44.1637,264.67,-1085.58,69.82,-16.97,152.90,-39.76,0.0188,0.2584,-0.2202,-0.2091,0.0477,0.1556
44.2050,265.22,-1085.19,69.37,-19.68,147.37,-39.14,0.0220,0.2516,-0.2138,-0.2013,0.0942,0.1311
44.2462,265.99,-1084.88,69.00,-23.16,141.14,-36.93,0.0247,0.2462,-0.2090,-0.1919,0.1389,0.0968
44.2881,266.66,-1084.49,68.61,-25.94,133.70,-34.74,0.0297,0.2403,-0.2051,-0.1784,0.1750,0.0537
44.3298,267.27,-1084.27,68.25,-29.23,126.84,-31.76,0.0381,0.2354,-0.1999,-0.1620,0.2055,0.0088
44.3716,267.84,-1084.12,67.73,-32.43,119.61,-28.36,0.0473,0.2325,-0.1924,-0.1447,0.2264,-0.0332
44.4130,268.29,-1083.95,67.28,-36.12,113.21,-23.99,0.0571,0.2298,-0.1846,-0.1283,0.2386,-0.0713
44.4549,268.71,-1083.85,66.68,-38.89,106.70,-19.22,0.0659,0.2271,-0.1754,-0.1143,0.2431,-0.0999
44.4965,268.94,-1083.65,66.08,-42.02,101.72,-15.58,0.0736,0.2222,-0.1675,-0.1042,0.2398,-0.1174
44.5387,269.27,-1083.64,65.66,-43.65,97.56,-12.30,0.0788,0.2186,-0.1643,-0.0984,0.2396,-0.1260
44.5804,269.42,-1083.54,65.45,-44.41,94.00,-9.69,0.0838,0.2116,-0.1672,-0.0965,0.2405,-0.1286
44.6223,269.56,-1083.67,65.36,-44.74,90.44,-6.57,0.0894,0.2005,-0.1740,-0.0967,0.2427,-0.1304
44.6642,269.51,-1083.86,65.30,-45.60,87.21,-2.98,0.0964,0.1822,-0.1863,-0.0960,0.2437,-0.1331
44.7060,269.44,-1084.21,65.29,-46.39,83.65,0.63,0.1084,0.1576,-0.2039,-0.0946,0.2473,-0.1383
44.7480,269.30,-1084.41,65.32,-47.24,80.18,4.35,0.1282,0.1237,-0.2192,-0.0937,0.2493,-0.1432
44.7903,269.04,-1084.46,65.38,-46.62,77.87,6.36,0.1547,0.0818,-0.2298,-0.0925,0.2494,-0.1472
44.8322,268.79,-1084.56,65.49,-46.45,76.37,8.11,0.1845,0.0382,-0.2340,-0.0909,0.2500,-0.1518
44.8739,268.52,-1084.56,65.58,-46.03,75.49,8.94,0.2150,-0.0087,-0.2297,-0.0899,0.2504,-0.1552
44.9154,268.30,-1084.58,65.67,-45.88,74.68,9.87,0.2411,-0.0548,-0.2169,-0.0890,0.2515,-0.1585
44.9573,268.11,-1084.55,65.78,-45.86,74.21,10.51,0.2645,-0.0968,-0.1960,-0.0891,0.2521,-0.1617
44.9992,267.95,-1084.39,65.96,-45.49,74.30,10.60,0.2828,-0.1317,-0.1642,-0.0891,0.2521,-0.1640
45.0407,267.82,-1084.31,66.12,-44.70,74.99,9.88,0.2928,-0.1545,-0.1255,-0.0893,0.2536,-0.1665
45.0823,267.71,-1084.37,66.29,-44.61,74.57,9.71,0.3011,-0.1642,-0.0810,-0.0897,0.2574,-0.1686
45.1237,267.60,-1084.43,66.46,-44.76,73.59,10.10,0.3069,-0.1692,-0.0356,-0.0895,0.2602,-0.1709
45.1651,267.45,-1084.46,66.57,-44.68,72.03,11.03,0.3097,-0.1666,0.0083,-0.0900,0.2622,-0.1721
45.2071,267.22,-1084.47,66.73,-44.27,70.74,11.96,0.3052,-0.1608,0.0464,-0.0882,0.2643,-0.1742
45.2491,266.92,-1084.55,66.95,-44.00,70.04,12.51,0.2972,-0.1439,0.0742,-0.0858,0.2658,-0.1762
45.2901,266.59,-1084.51,67.19,-43.37,70.22,12.40,0.2865,-0.1155,0.0933,-0.0838,0.2651,-0.1774
45.3314,266.22,-1084.58,67.39,-42.53,70.92,12.07,0.2737,-0.0753,0.1063,-0.0812,0.2648,-0.1769
45.3736,265.85,-1084.69,67.55,-42.20,71.78,11.49,0.2581,-0.0275,0.1130,-0.0780,0.2638,-0.1758
45.4151,265.49,-1084.89,67.72,-41.93,72.95,11.03,0.2390,0.0256,0.1116,-0.0743,0.2627,-0.1743
45.4570,265.16,-1085.09,67.88,-41.92,74.41,10.47,0.2178,0.0785,0.1020,-0.0698,0.2606,-0.1734
45.4988,264.89,-1085.19,67.96,-41.20,76.07,9.79,0.1940,0.1261,0.0860,-0.0667,0.2569,-0.1720
45.5407,264.58,-1085.37,68.05,-41.26,77.81,9.08,0.1700,0.1667,0.0629,-0.0631,0.2534,-0.1707
45.5821,264.27,-1085.48,68.11,-41.08,80.18,8.58,0.1473,0.2017,0.0336,-0.0593,0.2483,-0.1701
45.6239,263.83,-1085.52,68.20,-40.75,83.41,6.66,0.1314,0.2287,-0.0011,-0.0557,0.2409,-0.1702
45.6659,263.38,-1085.56,68.33,-40.11,87.74,4.01,0.1210,0.2462,-0.0358,-0.0526,0.2334,-0.1720
45.7081,262.89,-1085.67,68.55,-39.54,92.33,0.47,0.1137,0.2581,-0.0705,-0.0502,0.2247,-0.1761
45.7496,262.32,-1085.83,68.87,-38.60,97.64,-3.15,0.1084,0.2672,-0.1106,-0.0492,0.2162,-0.1823
45.7912,261.77,-1085.97,69.23,-37.27,103.33,-7.44,0.1050,0.2683,-0.1495,-0.0517,0.2077,-0.1891
45.8329,261.23,-1086.18,69.65,-35.13,109.56,-11.61,0.1057,0.2689,-0.1801,-0.0580,0.2003,-0.1944
45.8749,260.72,-1086.41,70.02,-33.07,116.19,-16.25,0.1031,0.2686,-0.2011,-0.0677,0.1919,-0.1969
45.9165,260.28,-1086.62,70.37,-30.89,123.00,-20.26,0.0974,0.2679,-0.2173,-0.0810,0.1763,-0.1962
45.9583,259.82,-1086.80,70.58,-28.38,130.24,-24.40,0.0940,0.2677,-0.2254,-0.0953,0.1528,-0.1925
45.9995,259.57,-1086.99,70.65,-26.36,137.25,-27.90,0.0914,0.2691,-0.2317,-0.1115,0.1198,-0.1893
46.0410,259.38,-1087.02,70.81,-23.82,143.88,-31.54,0.0916,0.2713,-0.2367,-0.1314,0.0744,-0.1888
46.0827,259.40,-1086.99,70.92,-21.34,149.73,-34.81,0.0907,0.2743,-0.2401,-0.1555,0.0262,-0.1883
46.1247,259.51,-1086.74,71.08,-18.44,154.33,-37.78,0.0892,0.2766,-0.2412,-0.1780,-0.0260,-0.1850
46.1666,259.81,-1086.45,71.18,-15.79,157.75,-39.87,0.0859,0.2795,-0.2419,-0.1955,-0.0781,-0.1751
46.2090,260.27,-1086.00,71.23,-13.78,159.86,-41.95,0.0836,0.2810,-0.2409,-0.2087,-0.1279,-0.1565
46.2511,260.81,-1085.47,71.36,-12.09,160.05,-42.98,0.0815,0.2819,-0.2408,-0.2197,-0.1728,-0.1301
46.2932,261.40,-1085.04,71.41,-10.85,159.77,-43.52,0.0791,0.2822,-0.2401,-0.2222,-0.2094,-0.0888
46.3348,261.98,-1084.70,71.36,-10.17,159.16,-43.93,0.0759,0.2823,-0.2395,-0.2161,-0.2301,-0.0393
46.3767,262.60,-1084.56,71.21,-10.42,159.02,-44.65,0.0719,0.2830,-0.2381,-0.2074,-0.2296,0.0144
46.4186,263.11,-1084.41,71.03,-10.84,158.56,-44.77,0.0680,0.2818,-0.2354,-0.1984,-0.2139,0.0644
46.4600,263.65,-1084.35,70.71,-11.61,157.71,-44.91,0.0637,0.2807,-0.2320,-0.1944,-0.1896,0.1091
46.5019,264.23,-1084.23,70.36,-13.44,156.52,-44.72,0.0602,0.2780,-0.2275,-0.1942,-0.1591,0.1436
46.5437,264.75,-1084.04,69.99,-15.51,154.38,-44.34,0.0586,0.2733,-0.2235,-0.1903,-0.1192,0.1670
46.5855,265.30,-1083.87,69.54,-17.87,151.72,-43.41,0.0593,0.2673,-0.2179,-0.1857,-0.0673,0.1759
46.6273,265.81,-1083.70,69.04,-20.05,148.53,-42.81,0.0613,0.2606,-0.2095,-0.1810,-0.0118,0.1729
46.6684,266.43,-1083.62,68.49,-23.04,145.63,-41.98,0.0614,0.2557,-0.2007,-0.1780,0.0439,0.1557
46.7094,266.98,-1083.49,67.95,-25.85,141.90,-41.39,0.0628,0.2514,-0.1923,-0.1735,0.0996,0.1251
46.7513,267.62,-1083.48,67.38,-29.36,137.61,-39.51,0.0646,0.2483,-0.1830,-0.1669,0.1506,0.0849
46.7933,268.16,-1083.30,66.85,-32.68,132.01,-37.03,0.0670,0.2439,-0.1754,-0.1546,0.1914,0.0393
46.8351,268.92,-1083.16,66.44,-36.30,124.64,-32.26,0.0684,0.2376,-0.1676,-0.1403,0.2240,-0.0050
46.8769,269.44,-1082.99,66.17,-38.32,116.50,-27.67,0.0700,0.2313,-0.1617,-0.1220,0.2422,-0.0468
46.9181,270.18,-1083.16,66.11,-40.98,108.81,-21.81,0.0697,0.2274,-0.1585,-0.1056,0.2523,-0.0842
46.9604,270.57,-1082.98,66.06,-41.16,101.00,-16.76,0.0713,0.2197,-0.1550,-0.0959,0.2521,-0.1080
47.0024,271.05,-1083.18,66.07,-42.28,94.74,-11.46,0.0693,0.2124,-0.1567,-0.0860,0.2507,-0.1249
47.0443,271.35,-1083.36,65.96,-43.30,88.83,-6.55,0.0674,0.1993,-0.1616,-0.0807,0.2485,-0.1308
47.0861,271.55,-1083.80,65.99,-44.59,83.16,-1.37,0.0661,0.1822,-0.1711,-0.0790,0.2504,-0.1369
47.1276,271.64,-1084.04,66.14,-45.23,77.96,4.08,0.0683,0.1565,-0.1868,-0.0808,0.2515,-0.1436
47.1699,271.69,-1084.21,66.28,-44.43,73.10,8.84,0.0784,0.1226,-0.2061,-0.0831,0.2520,-0.1496
47.2118,271.59,-1084.36,66.44,-43.98,68.95,13.30,0.0981,0.0824,-0.2266,-0.0826,0.2539,-0.1574
47.2537,271.36,-1084.42,66.48,-43.22,66.16,16.05,0.1220,0.0375,-0.2473,-0.0821,0.2549,-0.1643
47.2956,271.04,-1084.47,66.45,-43.28,63.74,18.06,0.1515,-0.0116,-0.2593,-0.0817,0.2555,-0.1713
47.3375,270.67,-1084.33,66.43,-43.21,61.99,18.59,0.1791,-0.0644,-0.2610,-0.0826,0.2535,-0.1770
47.3793,270.36,-1084.12,66.37,-43.03,60.92,19.66,0.2017,-0.1161,-0.2512,-0.0839,0.2525,-0.1813
47.4216,270.01,-1083.92,66.26,-42.93,61.43,19.46,0.2279,-0.1607,-0.2303,-0.0856,0.2519,-0.1835
47.4636,269.73,-1083.81,66.21,-43.54,61.62,19.05,0.2497,-0.1960,-0.1997,-0.0879,0.2514,-0.1857
47.5050,269.50,-1083.71,66.17,-43.85,61.42,18.70,0.2633,-0.2163,-0.1585,-0.0912,0.2524,-0.1864
47.5467,269.33,-1083.68,66.24,-43.74,61.33,18.54,0.2794,-0.2200,-0.1123,-0.0939,0.2533,-0.1866
47.5881,269.13,-1083.76,66.33,-43.47,61.03,18.62,0.2927,-0.2166,-0.0581,-0.0956,0.2546,-0.1855
47.6301,268.87,-1083.89,66.42,-43.15,60.66,18.07,0.2973,-0.2063,0.0005,-0.0954,0.2581,-0.1829
47.6722,268.59,-1084.06,66.54,-43.01,61.05,17.67,0.2965,-0.1878,0.0497,-0.0945,0.2612,-0.1791
47.7136,268.27,-1084.27,66.66,-42.88,61.63,16.51,0.2913,-0.1608,0.0900,-0.0909,0.2630,-0.1750
47.7554,267.92,-1084.63,66.78,-42.95,62.66,15.69,0.2826,-0.1218,0.1192,-0.0861,0.2648,-0.1707
47.7970,267.58,-1085.02,66.95,-43.08,63.81,14.62,0.2729,-0.0739,0.1367,-0.0810,0.2654,-0.1673
47.8387,267.24,-1085.39,67.12,-43.03,65.76,13.60,0.2600,-0.0212,0.1437,-0.0753,0.2643,-0.1645
47.8803,266.88,-1085.76,67.39,-42.47,67.02,12.66,0.2429,0.0340,0.1403,-0.0691,0.2628,-0.1626
47.9222,266.40,-1086.10,67.66,-41.67,69.41,11.40,0.2202,0.0898,0.1267,-0.0624,0.2609,-0.1608
47.9638,266.01,-1086.30,68.05,-40.46,72.20,10.93,0.1916,0.1376,0.1070,-0.0573,0.2576,-0.1605
48.0052,265.54,-1086.38,68.40,-38.81,75.80,9.38,0.1619,0.1800,0.0808,-0.0542,0.2529,-0.1593
48.0467,265.18,-1086.44,68.63,-38.01,79.36,8.64,0.1328,0.2096,0.0482,-0.0538,0.2487,-0.1578
48.0886,264.80,-1086.44,68.74,-37.34,82.77,6.43,0.1074,0.2307,0.0116,-0.0560,0.2446,-0.1558
48.1306,264.43,-1086.36,68.89,-37.05,86.23,4.44,0.0939,0.2471,-0.0284,-0.0602,0.2402,-0.1556
48.1724,264.01,-1086.39,68.98,-36.46,90.18,1.60,0.0851,0.2599,-0.0677,-0.0635,0.2362,-0.1576
48.2141,263.58,-1086.41,69.10,-36.61,94.63,-1.06,0.0803,0.2655,-0.1093,-0.0685,0.2305,-0.1614
48.2555,263.02,-1086.34,69.30,-35.40,99.31,-5.80,0.0753,0.2612,-0.1420,-0.0738,0.2220,-0.1669
48.2975,262.47,-1085.96,69.71,-32.62,103.35,-8.68,0.0712,0.2573,-0.1663,-0.0834,0.2092,-0.1709
48.3395,261.96,-1085.89,69.98,-29.83,106.72,-11.45,0.0668,0.2570,-0.1825,-0.0947,0.1984,-0.1715
48.3811,261.51,-1085.99,70.10,-28.90,110.92,-13.33,0.0624,0.2549,-0.1930,-0.1080,0.1840,-0.1732
48.4225,261.10,-1086.01,70.22,-28.21,115.38,-16.41,0.0577,0.2539,-0.2004,-0.1247,0.1605,-0.1756
48.4638,260.73,-1086.06,70.37,-27.30,120.60,-19.27,0.0544,0.2534,-0.2066,-0.1428,0.1290,-0.1815
48.5056,260.47,-1086.14,70.47,-26.10,126.17,-23.04,0.0512,0.2539,-0.2127,-0.1645,0.0887,-0.1888
48.5474,260.29,-1086.22,70.62,-24.87,132.73,-26.92,0.0483,0.2571,-0.2189,-0.1895,0.0402,-0.1951
48.5892,260.14,-1086.07,70.72,-22.51,138.47,-31.26,0.0458,0.2593,-0.2263,-0.2123,-0.0154,-0.1967
48.6308,260.10,-1085.97,70.72,-20.50,143.87,-34.67,0.0436,0.2618,-0.2327,-0.2277,-0.0761,-0.1889
48.6725,260.10,-1085.81,70.79,-19.02,148.61,-37.86,0.0417,0.2644,-0.2389,-0.2340,-0.1334,-0.1778
48.7144,260.02,-1085.52,70.78,-16.84,151.97,-40.16,0.0411,0.2664,-0.2431,-0.2311,-0.1882,-0.1555
48.7567,259.99,-1085.29,70.76,-15.77,154.86,-42.60,0.0404,0.2687,-0.2475,-0.2189,-0.2311,-0.1259
48.7989,259.84,-1085.16,70.72,-14.25,156.81,-44.94,0.0409,0.2717,-0.2505,-0.2025,-0.2571,-0.0865
48.8414,259.82,-1085.14,70.73,-13.53,159.46,-46.79,0.0398,0.2757,-0.2530,-0.1940,-0.2677,-0.0382
48.8834,259.81,-1085.06,70.70,-12.06,161.17,-48.27,0.0382,0.2784,-0.2522,-0.1874,-0.2667,0.0127
48.9252,260.06,-1085.08,70.62,-11.80,162.68,-49.36,0.0335,0.2804,-0.2489,-0.1855,-0.2534,0.0596
48.9670,260.35,-1084.92,70.55,-11.43,162.77,-49.71,0.0288,0.2794,-0.2444,-0.1878,-0.2348,0.0963
49.0086,260.83,-1084.72,70.45,-11.68,161.70,-49.82,0.0254,0.2766,-0.2392,-0.1962,-0.2049,0.1228
49.0507,261.48,-1084.52,70.37,-12.44,159.68,-49.34,0.0234,0.2735,-0.2339,-0.2064,-0.1600,0.1387
49.0923,262.27,-1084.35,70.30,-13.18,156.91,-48.41,0.0244,0.2717,-0.2289,-0.2123,-0.1061,0.1463
49.1337,263.21,-1084.09,70.43,-13.37,152.86,-47.26,0.0294,0.2711,-0.2228,-0.2117,-0.0461,0.1431
49.1749,264.12,-1083.83,70.50,-13.09,147.58,-46.09,0.0353,0.2710,-0.2147,-0.2035,0.0128,0.1315
49.2161,264.96,-1083.66,70.38,-13.84,142.50,-44.97,0.0404,0.2686,-0.2059,-0.1916,0.0685,0.1123
49.2577,265.69,-1083.56,70.07,-15.61,137.65,-44.08,0.0453,0.2659,-0.1975,-0.1793,0.1187,0.0870
49.2994,266.32,-1083.49,69.58,-18.65,133.60,-42.33,0.0512,0.2625,-0.1903,-0.1684,0.1657,0.0558
49.3411,266.94,-1083.28,68.91,-22.48,128.55,-40.18,0.0559,0.2550,-0.1836,-0.1555,0.2047,0.0159
49.3824,267.49,-1083.06,68.05,-26.98,123.33,-37.15,0.0590,0.2453,-0.1777,-0.1378,0.2296,-0.0271
49.4261,268.19,-1082.83,67.05,-32.15,117.15,-33.23,0.0628,0.2338,-0.1718,-0.1203,0.2437,-0.0647
49.4673,268.79,-1082.46,66.09,-36.96,109.94,-28.22,0.0689,0.2198,-0.1672,-0.1031,0.2467,-0.0965
49.5089,269.45,-1082.19,65.26,-40.39,101.88,-22.38,0.0744,0.2063,-0.1655,-0.0875,0.2460,-0.1219
49.5505,270.06,-1082.13,64.64,-43.86,93.98,-15.72,0.0792,0.1936,-0.1670,-0.0741,0.2446,-0.1410
49.5918,270.59,-1082.20,64.30,-46.12,86.27,-9.00,0.0843,0.1811,-0.1731,-0.0651,0.2434,-0.1574
49.6337,270.93,-1082.18,64.09,-46.62,79.97,-2.96,0.0910,0.1665,-0.1843,-0.0610,0.2427,-0.1702
49.6758,271.09,-1082.26,64.02,-46.57,76.07,0.91,0.1011,0.1511,-0.1981,-0.0576,0.2417,-0.1780
49.7176,271.16,-1082.33,63.97,-46.78,73.62,3.84,0.1150,0.1320,-0.2124,-0.0550,0.2427,-0.1818
49.7598,271.16,-1082.31,63.95,-46.83,72.27,5.27,0.1303,0.1048,-0.2278,-0.0551,0.2434,-0.1815
49.8016,270.91,-1082.30,63.98,-46.96,71.36,6.64,0.1497,0.0679,-0.2400,-0.0542,0.2440,-0.1804
49.8441,270.67,-1082.22,64.17,-47.22,71.58,7.46,0.1698,0.0231,-0.2480,-0.0563,0.2452,-0.1824
49.8866,270.37,-1082.11,64.36,-47.03,72.23,7.08,0.1906,-0.0267,-0.2510,-0.0602,0.2454,-0.1843
49.9287,270.08,-1081.89,64.54,-46.72,73.16,6.66,0.2117,-0.0793,-0.2415,-0.0657,0.2438,-0.1860
49.9699,269.80,-1081.76,64.69,-46.66,74.03,6.09,0.2320,-0.1270,-0.2252,-0.0723,0.2448,-0.1867
50.0113,269.53,-1081.64,64.80,-46.72,74.52,6.27,0.2545,-0.1676,-0.2035,-0.0791,0.2455,-0.1867
50.0525,269.25,-1081.63,64.90,-46.94,74.89,6.24,0.2771,-0.1966,-0.1672,-0.0850,0.2459,-0.1880
50.0943,269.00,-1081.62,65.11,-47.04,74.52,7.05,0.2914,-0.2157,-0.1288,-0.0921,0.2461,-0.1897
50.1366,268.69,-1081.66,65.35,-46.71,74.56,7.04,0.3037,-0.2190,-0.0829,-0.0965,0.2464,-0.1915
50.1781,268.40,-1081.74,65.60,-46.10,75.28,6.39,0.3127,-0.2052,-0.0351,-0.0991,0.2463,-0.1925
50.2195,268.06,-1081.96,65.82,-45.65,76.39,5.18,0.3166,-0.1812,0.0068,-0.0983,0.2491,-0.1934
50.2601,267.71,-1082.29,66.12,-45.81,76.77,4.66,0.3139,-0.1497,0.0448,-0.0962,0.2507,-0.1944
50.3019,267.34,-1082.66,66.32,-45.23,77.32,3.56,0.3044,-0.1108,0.0751,-0.0925,0.2510,-0.1941
50.3438,266.98,-1083.04,66.68,-45.08,77.60,4.00,0.2880,-0.0692,0.0945,-0.0877,0.2500,-0.1949
50.3855,266.59,-1083.43,66.92,-44.26,78.36,3.67,0.2707,-0.0249,0.1060,-0.0831,0.2489,-0.1945
50.4272,266.25,-1083.90,67.18,-44.09,79.66,3.93,0.2521,0.0250,0.1062,-0.0784,0.2479,-0.1932
50.4687,265.91,-1084.25,67.44,-43.48,81.40,3.11,0.2311,0.0741,0.0971,-0.0742,0.2455,-0.1915
50.5106,265.57,-1084.62,67.81,-42.30,84.91,2.64,0.2101,0.1276,0.0776,-0.0699,0.2435,-0.1906
50.5526,265.25,-1084.99,68.24,-41.25,88.47,0.90,0.1924,0.1784,0.0458,-0.0673,0.2411,-0.1888
50.5948,264.95,-1085.15,68.74,-39.31,92.07,-0.63,0.1739,0.2151,0.0062,-0.0649,0.2379,-0.1870
50.6360,264.64,-1085.39,69.23,-37.52,95.68,-2.68,0.1524,0.2398,-0.0384,-0.0628,0.2350,-0.1853
50.6777,264.29,-1085.47,69.65,-35.15,99.51,-4.97,0.1293,0.2539,-0.0821,-0.0613,0.2301,-0.1841
50.7196,263.93,-1085.56,70.10,-33.48,103.38,-7.54,0.1086,0.2561,-0.1228,-0.0615,0.2249,-0.1856
50.7614,263.55,-1085.58,70.40,-31.09,107.24,-10.36,0.0955,0.2562,-0.1558,-0.0641,0.2180,-0.1871
50.8031,263.20,-1085.63,70.76,-29.63,110.98,-13.28,0.0858,0.2528,-0.1836,-0.0693,0.2110,-0.1908
50.8444,262.89,-1085.75,70.94,-28.06,114.76,-15.78,0.0782,0.2518,-0.2005,-0.0774,0.2047,-0.1944
50.8860,262.66,-1086.05,71.00,-28.11,118.63,-17.98,0.0682,0.2531,-0.2092,-0.0876,0.1955,-0.1989
50.9274,262.34,-1086.16,71.06,-27.10,122.98,-20.75,0.0600,0.2542,-0.2119,-0.0993,0.1794,-0.2027
50.9693,262.20,-1086.38,71.07,-26.38,127.80,-23.62,0.0540,0.2583,-0.2116,-0.1132,0.1559,-0.2067
51.0111,262.04,-1086.54,71.14,-24.95,132.78,-27.25,0.0491,0.2632,-0.2119,-0.1295,0.1215,-0.2128
51.0531,262.08,-1086.75,71.27,-23.76,137.77,-30.45,0.0432,0.2672,-0.2119,-0.1498,0.0781,-0.2205
51.0950,262.13,-1086.78,71.35,-21.85,141.88,-33.14,0.0361,0.2703,-0.2129,-0.1693,0.0255,-0.2272
51.1367,262.28,-1086.72,71.34,-20.54,145.75,-34.97,0.0297,0.2727,-0.2129,-0.1889,-0.0323,-0.2293
51.1788,262.27,-1086.48,71.27,-19.14,148.59,-37.56,0.0259,0.2732,-0.2123,-0.2056,-0.0920,-0.2242
51.2206,262.25,-1086.14,71.11,-18.00,150.72,-39.26,0.0236,0.2728,-0.2129,-0.2187,-0.1505,-0.2093
51.2626,262.17,-1085.78,70.88,-17.30,152.22,-41.01,0.0244,0.2727,-0.2124,-0.2298,-0.2050,-0.1790
51.3041,262.07,-1085.52,70.56,-16.89,153.65,-42.78,0.0261,0.2739,-0.2112,-0.2406,-0.2452,-0.1376
51.3460,262.00,-1085.25,70.32,-16.62,154.75,-44.41,0.0274,0.2740,-0.2102,-0.2475,-0.2733,-0.0819
51.3883,262.03,-1085.18,70.10,-16.21,155.90,-45.92,0.0274,0.2766,-0.2104,-0.2537,-0.2839,-0.0176
51.4302,262.16,-1085.11,69.93,-15.80,157.13,-46.81,0.0265,0.2782,-0.2111,-0.2559,-0.2755,0.0458
51.4726,262.30,-1085.04,69.83,-15.34,156.90,-47.56,0.0258,0.2787,-0.2123,-0.2491,-0.2528,0.0994
51.5146,262.54,-1084.98,69.72,-15.55,156.28,-47.42,0.0246,0.2777,-0.2137,-0.2414,-0.2173,0.1429
51.5562,262.76,-1085.02,69.58,-16.18,154.82,-47.34,0.0237,0.2751,-0.2150,-0.2338,-0.1692,0.1722
51.5978,263.03,-1085.04,69.33,-17.51,153.07,-46.41,0.0233,0.2721,-0.2145,-0.2256,-0.1181,0.1885
51.6398,263.34,-1085.07,69.01,-19.66,150.44,-45.53,0.0248,0.2674,-0.2137,-0.2180,-0.0620,0.1924
51.6813,263.68,-1085.10,68.65,-22.35,147.55,-44.00,0.0267,0.2633,-0.2101,-0.2090,-0.0023,0.1820
51.7226,264.09,-1085.17,68.23,-25.31,143.98,-42.09,0.0289,0.2595,-0.2046,-0.2009,0.0521,0.1585
51.7640,264.52,-1085.20,67.83,-28.84,140.12,-39.85,0.0322,0.2556,-0.1977,-0.1935,0.1050,0.1272
51.8053,264.98,-1085.14,67.44,-31.94,135.20,-36.58,0.0365,0.2515,-0.1902,-0.1835,0.1506,0.0901
51.8472,265.42,-1084.98,67.08,-34.58,129.01,-32.72,0.0423,0.2458,-0.1821,-0.1682,0.1881,0.0522
51.8894,265.87,-1084.93,66.66,-36.94,123.02,-28.79,0.0480,0.2414,-0.1732,-0.1487,0.2168,0.0164
51.9310,266.40,-1084.93,66.38,-39.76,116.42,-24.08,0.0515,0.2369,-0.1662,-0.1270,0.2354,-0.0211
51.9732,266.82,-1084.92,66.08,-40.98,109.77,-19.15,0.0557,0.2323,-0.1607,-0.1088,0.2454,-0.0534
52.0146,267.32,-1085.22,65.93,-43.25,104.33,-13.78,0.0586,0.2290,-0.1571,-0.0944,0.2517,-0.0833
52.0562,267.69,-1085.41,65.75,-44.15,99.80,-9.09,0.0598,0.2228,-0.1579,-0.0850,0.2512,-0.1036
52.0980,268.01,-1085.77,65.69,-45.52,96.13,-4.79,0.0629,0.2151,-0.1624,-0.0800,0.2493,-0.1187
52.1405,268.28,-1085.99,65.68,-45.86,92.88,-1.42,0.0668,0.2049,-0.1700,-0.0796,0.2486,-0.1279
52.1821,268.45,-1086.28,65.77,-45.96,90.51,0.75,0.0725,0.1926,-0.1816,-0.0816,0.2488,-0.1339
52.2239,268.55,-1086.50,65.84,-45.87,88.81,1.78,0.0818,0.1765,-0.1927,-0.0843,0.2500,-0.1361
52.2654,268.55,-1086.73,65.86,-45.90,87.43,2.86,0.0944,0.1563,-0.2058,-0.0856,0.2522,-0.1348
52.3073,268.47,-1086.91,65.87,-46.63,85.43,3.93,0.1122,0.1263,-0.2177,-0.0863,0.2533,-0.1353
52.3495,268.29,-1086.93,65.90,-46.89,83.63,5.51,0.1353,0.0857,-0.2288,-0.0852,0.2539,-0.1357
52.3913,268.06,-1086.82,65.89,-46.83,82.15,6.78,0.1632,0.0375,-0.2387,-0.0833,0.2540,-0.1370
52.4330,267.75,-1086.67,65.91,-46.94,81.01,7.83,0.1949,-0.0117,-0.2442,-0.0822,0.2537,-0.1394
52.4747,267.45,-1086.48,65.91,-47.21,79.84,8.72,0.2249,-0.0651,-0.2445,-0.0809,0.2536,-0.1431
52.5169,267.16,-1086.24,65.90,-47.34,78.65,10.32,0.2496,-0.1175,-0.2365,-0.0799,0.2529,-0.1466
52.5588,266.86,-1086.02,65.86,-47.45,77.72,11.25,0.2643,-0.1662,-0.2180,-0.0788,0.2520,-0.1494
52.6011,266.58,-1085.85,65.80,-47.73,77.64,12.18,0.2742,-0.2000,-0.1831,-0.0769,0.2504,-0.1525
52.6435,266.33,-1085.74,65.74,-47.96,77.41,12.11,0.2816,-0.2196,-0.1451,-0.0765,0.2496,-0.1552
52.6856,266.15,-1085.77,65.69,-48.32,76.98,12.28,0.2898,-0.2275,-0.0981,-0.0763,0.2500,-0.1583
52.7276,266.02,-1085.81,65.64,-48.52,75.81,12.79,0.2984,-0.2254,-0.0493,-0.0773,0.2508,-0.1616
52.7699,265.86,-1085.87,65.56,-48.47,74.84,13.37,0.3031,-0.2138,0.0005,-0.0774,0.2521,-0.1643
52.8122,265.69,-1086.00,65.46,-48.59,74.08,13.63,0.3031,-0.1946,0.0465,-0.0767,0.2532,-0.1656
52.8545,265.54,-1086.21,65.39,-48.90,74.44,13.45,0.3019,-0.1647,0.0853,-0.0744,0.2540,-0.1662
52.8963,265.41,-1086.50,65.26,-49.31,74.79,12.61,0.2965,-0.1256,0.1172,-0.0723,0.2538,-0.1651
52.9378,265.34,-1086.88,65.16,-49.87,75.72,11.79,0.2854,-0.0791,0.1397,-0.0703,0.2528,-0.1631
52.9799,265.28,-1087.33,65.08,-50.43,76.67,10.48,0.2694,-0.0272,0.1511,-0.0679,0.2514,-0.1603
53.0221,265.24,-1087.83,65.13,-51.12,78.03,9.68,0.2507,0.0235,0.1527,-0.0653,0.2499,-0.1581
53.0641,265.17,-1088.17,65.20,-50.88,79.52,8.09,0.2295,0.0691,0.1468,-0.0622,0.2469,-0.1565
53.1057,265.09,-1088.47,65.39,-50.49,81.82,7.10,0.2051,0.1095,0.1342,-0.0601,0.2430,-0.1561
53.1470,264.96,-1088.66,65.55,-49.62,84.71,5.11,0.1771,0.1417,0.1119,-0.0579,0.2386,-0.1578
53.1890,264.78,-1088.84,65.75,-49.14,87.45,3.50,0.1526,0.1694,0.0819,-0.0580,0.2344,-0.1605
53.2307,264.55,-1089.01,65.90,-48.11,90.74,0.56,0.1338,0.1958,0.0467,-0.0584,0.2322,-0.1632
53.2729,264.35,-1089.27,66.01,-48.03,92.50,-1.63,0.1193,0.2183,0.0058,-0.0606,0.2316,-0.1650
53.3136,264.15,-1089.48,66.11,-48.07,94.31,-3.71,0.1110,0.2375,-0.0352,-0.0628,0.2301,-0.1675
53.3549,263.95,-1089.63,66.31,-47.49,96.62,-4.98,0.1067,0.2451,-0.0697,-0.0664,0.2288,-0.1691
53.3955,263.71,-1089.71,66.59,-46.76,98.71,-6.70,0.0991,0.2481,-0.0984,-0.0693,0.2270,-0.1709
53.4364,263.42,-1089.66,66.85,-45.21,101.85,-8.83,0.0913,0.2491,-0.1215,-0.0730,0.2214,-0.1734
53.4771,263.11,-1089.68,67.19,-44.03,106.82,-12.30,0.0846,0.2483,-0.1405,-0.0823,0.2119,-0.1763
53.5184,262.80,-1089.67,67.52,-42.36,113.13,-17.10,0.0842,0.2506,-0.1555,-0.0960,0.1971,-0.1798
53.5596,262.57,-1089.68,67.93,-40.16,120.47,-21.98,0.0850,0.2539,-0.1669,-0.1132,0.1737,-0.1845
53.6007,262.33,-1089.59,68.42,-37.17,127.14,-27.44,0.0841,0.2561,-0.1795,-0.1340,0.1410,-0.1891
53.6425,262.11,-1089.34,68.93,-33.53,133.40,-31.93,0.0824,0.2565,-0.1898,-0.1584,0.0960,-0.1937
53.6843,261.95,-1088.98,69.38,-29.62,138.69,-35.33,0.0806,0.2577,-0.1981,-0.1824,0.0428,-0.1968
53.7260,261.86,-1088.68,69.73,-26.35,143.39,-37.71,0.0793,0.2610,-0.2030,-0.2065,-0.0122,-0.1946
53.7677,261.83,-1088.34,70.03,-23.55,147.59,-39.52,0.0782,0.2649,-0.2080,-0.2315,-0.0690,-0.1857
53.8089,261.80,-1088.00,70.37,-20.75,150.84,-41.54,0.0780,0.2686,-0.2125,-0.2522,-0.1278,-0.1722
53.8511,261.83,-1087.70,70.57,-18.52,153.42,-42.64,0.0785,0.2718,-0.2148,-0.2629,-0.1858,-0.1447
53.8936,261.84,-1087.45,70.74,-16.69,155.31,-44.13,0.0801,0.2752,-0.2127,-0.2594,-0.2293,-0.1071
53.9353,261.89,-1087.26,70.86,-15.59,156.63,-45.31,0.0798,0.2786,-0.2100,-0.2515,-0.2588,-0.0590
53.9773,262.02,-1087.17,70.89,-14.70,157.90,-45.96,0.0785,0.2808,-0.2054,-0.2408,-0.2672,-0.0060
54.0189,262.20,-1086.96,70.79,-14.21,158.38,-46.42,0.0761,0.2844,-0.2001,-0.2317,-0.2603,0.0432
54.0608,262.43,-1086.80,70.48,-14.37,157.47,-46.88,0.0728,0.2882,-0.1916,-0.2268,-0.2384,0.0856
54.1028,262.85,-1086.74,69.99,-16.07,156.68,-47.02,0.0655,0.2894,-0.1841,-0.2300,-0.2017,0.1242
54.1451,263.23,-1086.64,69.60,-18.22,154.84,-46.97,0.0576,0.2843,-0.1806,-0.2289,-0.1522,0.1500
54.1867,263.66,-1086.56,69.16,-20.08,152.27,-46.11,0.0526,0.2768,-0.1786,-0.2237,-0.0951,0.1646
54.2283,264.05,-1086.63,68.85,-22.18,149.27,-45.90,0.0520,0.2693,-0.1789,-0.2122,-0.0337,0.1650
54.2699,264.55,-1086.75,68.60,-24.97,145.68,-44.13,0.0539,0.2629,-0.1790,-0.1947,0.0248,0.1487
54.3108,264.97,-1086.86,68.33,-27.30,141.39,-42.07,0.0565,0.2566,-0.1791,-0.1769,0.0766,0.1238
54.3523,265.50,-1087.09,68.02,-30.47,136.84,-38.61,0.0612,0.2525,-0.1773,-0.1625,0.1252,0.0914
54.3944,265.99,-1087.19,67.63,-33.38,131.20,-35.13,0.0687,0.2487,-0.1741,-0.1505,0.1709,0.0561
54.4356,266.69,-1087.28,67.23,-37.22,124.24,-29.79,0.0763,0.2451,-0.1692,-0.1404,0.2083,0.0171
54.4771,267.23,-1087.18,66.88,-39.74,116.52,-24.42,0.0847,0.2383,-0.1630,-0.1297,0.2351,-0.0198
54.5195,267.98,-1087.05,66.62,-41.99,108.60,-17.71,0.0898,0.2314,-0.1566,-0.1161,0.2486,-0.0528
54.5612,268.51,-1086.75,66.36,-42.98,100.92,-12.53,0.0945,0.2228,-0.1482,-0.1030,0.2516,-0.0780
54.6028,269.09,-1086.65,66.17,-43.97,94.33,-6.99,0.0947,0.2165,-0.1425,-0.0926,0.2542,-0.0964
54.6448,269.55,-1086.52,65.96,-44.84,88.52,-1.98,0.0939,0.2092,-0.1386,-0.0875,0.2522,-0.1063
54.6862,269.88,-1086.46,65.75,-45.27,83.73,1.92,0.0925,0.2006,-0.1405,-0.0848,0.2551,-0.1135
54.7281,270.14,-1086.46,65.63,-46.16,79.83,5.82,0.0917,0.1894,-0.1472,-0.0842,0.2589,-0.1186
54.7701,270.24,-1086.39,65.49,-46.43,76.82,8.57,0.0906,0.1740,-0.1645,-0.0827,0.2605,-0.1231
54.8118,270.27,-1086.39,65.48,-47.08,74.53,11.02,0.0947,0.1499,-0.1902,-0.0804,0.2627,-0.1291
54.8547,270.10,-1086.19,65.48,-46.89,72.59,12.48,0.1047,0.1151,-0.2164,-0.0776,0.2623,-0.1356
54.8971,269.84,-1085.92,65.51,-46.48,71.91,13.59,0.1211,0.0716,-0.2469,-0.0745,0.2607,-0.1418
54.9384,269.48,-1085.58,65.52,-46.49,71.50,14.15,0.1438,0.0239,-0.2710,-0.0715,0.2582,-0.1478
54.9803,269.07,-1085.12,65.49,-46.00,71.98,14.78,0.1752,-0.0304,-0.2854,-0.0709,0.2551,-0.1522
55.0217,268.63,-1084.52,65.47,-45.51,73.86,14.60,0.2070,-0.0830,-0.2847,-0.0723,0.2526,-0.1545
55.0631,268.21,-1083.92,65.37,-45.00,75.68,13.58,0.2348,-0.1339,-0.2663,-0.0748,0.2497,-0.1555
55.1047,267.99,-1083.42,65.28,-44.63,77.50,14.01,0.2518,-0.1743,-0.2308,-0.0780,0.2476,-0.1577
55.1461,267.78,-1083.08,65.32,-44.77,79.12,13.13,0.2621,-0.1997,-0.1909,-0.0818,0.2466,-0.1610
55.1878,267.75,-1082.99,65.42,-44.74,79.86,13.11,0.2696,-0.2098,-0.1457,-0.0856,0.2475,-0.1648
55.2285,267.66,-1083.10,65.51,-45.03,79.81,13.05,0.2784,-0.2018,-0.1024,-0.0872,0.2493,-0.1681
55.2704,267.56,-1083.17,65.67,-45.06,79.92,14.11,0.2853,-0.1827,-0.0549,-0.0878,0.2509,-0.1704
55.3131,267.37,-1083.17,65.82,-44.46,79.58,13.80,0.2874,-0.1590,-0.0089,-0.0864,0.2517,-0.1714
55.3538,267.11,-1083.30,65.91,-43.92,78.98,14.05,0.2836,-0.1285,0.0318,-0.0839,0.2535,-0.1710
55.3957,266.79,-1083.57,66.10,-44.06,79.50,14.15,0.2763,-0.0900,0.0627,-0.0800,0.2565,-0.1715
55.4379,266.46,-1083.80,66.26,-43.57,79.92,13.67,0.2627,-0.0481,0.0849,-0.0756,0.2576,-0.1715
55.4791,266.08,-1084.19,66.51,-43.55,80.84,12.79,0.2468,-0.0061,0.0958,-0.0699,0.2593,-0.1705
55.5213,265.75,-1084.51,66.72,-42.86,82.07,11.60,0.2288,0.0383,0.0970,-0.0637,0.2598,-0.1686
55.5629,265.38,-1084.98,66.94,-43.07,83.42,10.69,0.2083,0.0844,0.0865,-0.0581,0.2604,-0.1653
55.6040,264.99,-1085.30,67.10,-42.85,85.13,9.53,0.1867,0.1269,0.0717,-0.0524,0.2590,-0.1620
55.6460,264.55,-1085.64,67.21,-42.71,87.80,8.21,0.1653,0.1675,0.0508,-0.0491,0.2572,-0.1577
55.6881,264.10,-1085.92,67.31,-42.83,90.53,6.64,0.1442,0.2014,0.0248,-0.0460,0.2551,-0.1541
55.7298,263.54,-1086.22,67.43,-42.77,94.01,4.80,0.1286,0.2286,-0.0026,-0.0438,0.2532,-0.1517
55.7716,262.97,-1086.48,67.53,-42.32,97.99,1.92,0.1174,0.2509,-0.0296,-0.0427,0.2515,-0.1509
55.8130,262.57,-1086.92,67.67,-42.26,102.05,-1.86,0.1090,0.2740,-0.0538,-0.0451,0.2513,-0.1539
55.8551,262.19,-1087.03,67.84,-42.12,107.22,-5.56,0.0968,0.2845,-0.0858,-0.0518,0.2448,-0.1584
55.8987,261.75,-1087.05,67.99,-40.03,113.42,-11.08,0.0855,0.2824,-0.1118,-0.0625,0.2363,-0.1655
55.9392,261.40,-1087.07,68.13,-38.56,119.74,-15.68,0.0745,0.2808,-0.1311,-0.0797,0.2235,-0.1741
55.9805,261.13,-1087.15,68.26,-36.29,126.65,-20.50,0.0657,0.2813,-0.1455,-0.1005,0.2081,-0.1836
56.0219,260.96,-1087.29,68.52,-33.91,134.32,-25.67,0.0575,0.2825,-0.1598,-0.1219,0.1847,-0.1931
56.0633,260.83,-1087.45,68.83,-31.16,141.02,-29.94,0.0520,0.2846,-0.1718,-0.1434,0.1450,-0.2002
56.1053,260.62,-1087.61,69.29,-26.93,147.92,-32.09,0.0487,0.2892,-0.1834,-0.1659,0.0954,-0.2027
56.1478,260.56,-1087.82,69.66,-22.92,154.39,-34.32,0.0433,0.2929,-0.1946,-0.1914,0.0454,-0.1986
56.1896,260.60,-1087.82,69.99,-19.54,159.58,-35.91,0.0385,0.2951,-0.2076,-0.2122,-0.0075,-0.1868
56.2319,260.68,-1087.77,70.24,-16.32,163.64,-37.29,0.0352,0.2971,-0.2198,-0.2240,-0.0632,-0.1680
56.2731,260.87,-1087.61,70.38,-14.11,166.90,-39.25,0.0324,0.2979,-0.2314,-0.2305,-0.1175,-0.1421
56.3154,261.03,-1087.26,70.39,-12.05,169.36,-40.84,0.0316,0.2969,-0.2417,-0.2313,-0.1682,-0.1054
56.3571,261.07,-1086.76,70.37,-10.57,169.59,-43.36,0.0345,0.2956,-0.2504,-0.2249,-0.2113,-0.0635
56.3993,261.14,-1086.39,70.27,-9.84,169.44,-44.66,0.0387,0.2950,-0.2569,-0.2131,-0.2375,-0.0194
56.4410,261.15,-1086.10,70.14,-9.77,168.82,-45.66,0.0440,0.2951,-0.2614,-0.1947,-0.2485,0.0282
56.4823,261.29,-1085.93,69.93,-10.39,168.38,-45.99,0.0479,0.2957,-0.2615,-0.1792,-0.2392,0.0714
56.5242,261.44,-1085.76,69.71,-11.22,167.56,-45.44,0.0501,0.2952,-0.2573,-0.1701,-0.2101,0.1082
56.5660,261.67,-1085.61,69.40,-12.44,165.66,-45.94,0.0487,0.2938,-0.2509,-0.1656,-0.1757,0.1404
56.6079,262.08,-1085.42,68.98,-14.79,163.44,-44.21,0.0471,0.2905,-0.2415,-0.1675,-0.1370,0.1638
56.6501,262.50,-1085.18,68.53,-17.73,159.65,-43.13,0.0460,0.2861,-0.2315,-0.1719,-0.0946,0.1759
56.6914,262.94,-1085.02,68.13,-20.98,155.71,-41.75,0.0449,0.2801,-0.2221,-0.1774,-0.0443,0.1722
56.7332,263.46,-1084.95,67.68,-24.47,150.77,-39.93,0.0446,0.2736,-0.2124,-0.1817,0.0162,0.1610
56.7747,264.01,-1084.94,67.17,-28.76,145.46,-38.54,0.0457,0.2678,-0.2023,-0.1787,0.0780,0.1365
56.8169,264.71,-1084.91,66.62,-33.13,139.17,-35.83,0.0460,0.2628,-0.1913,-0.1700,0.1349,0.1033
56.8583,265.31,-1084.89,66.12,-36.35,132.56,-34.24,0.0479,0.2576,-0.1809,-0.1547,0.1865,0.0649
56.8997,266.00,-1084.78,65.72,-39.32,126.53,-30.68,0.0513,0.2520,-0.1723,-0.1367,0.2192,0.0224
56.9412,266.65,-1084.51,65.35,-41.06,119.74,-28.62,0.0549,0.2454,-0.1669,-0.1183,0.2345,-0.0168
56.9833,267.33,-1084.31,64.97,-42.43,113.46,-24.85,0.0587,0.2387,-0.1633,-0.1009,0.2402,-0.0483
57.0252,268.02,-1084.12,64.80,-43.85,107.12,-21.81,0.0612,0.2302,-0.1659,-0.0868,0.2398,-0.0732
57.0671,268.63,-1083.92,64.70,-43.98,100.68,-17.88,0.0643,0.2165,-0.1726,-0.0841,0.2397,-0.0912
57.1090,269.17,-1083.92,64.67,-44.35,95.00,-14.12,0.0692,0.2030,-0.1837,-0.0857,0.2415,-0.1079
57.1503,269.61,-1084.00,64.64,-45.45,89.31,-10.00,0.0779,0.1849,-0.1953,-0.0904,0.2451,-0.1232
57.1925,269.94,-1084.05,64.64,-46.14,83.42,-5.46,0.0869,0.1610,-0.2099,-0.0946,0.2485,-0.1377
57.2345,270.13,-1084.03,64.68,-46.54,78.26,-0.64,0.0998,0.1283,-0.2238,-0.0959,0.2498,-0.1523
57.2762,270.15,-1084.03,64.80,-46.61,73.62,3.62,0.1136,0.0883,-0.2402,-0.0961,0.2516,-0.1665
57.3183,270.01,-1083.91,64.92,-46.39,70.44,7.01,0.1308,0.0383,-0.2549,-0.0942,0.2501,-0.1818
57.3603,269.72,-1083.73,65.02,-45.88,67.18,9.46,0.1510,-0.0164,-0.2648,-0.0933,0.2462,-0.1966
57.4021,269.33,-1083.34,65.09,-45.14,65.51,12.12,0.1732,-0.0741,-0.2692,-0.0934,0.2416,-0.2107
57.4441,268.84,-1083.04,65.16,-44.80,65.28,13.33,0.1951,-0.1284,-0.2670,-0.0946,0.2386,-0.2219
57.4857,268.38,-1082.72,65.26,-45.04,65.32,14.57,0.2103,-0.1802,-0.2539,-0.0961,0.2351,-0.2306
57.5277,267.99,-1082.28,65.39,-44.08,65.74,15.30,0.2186,-0.2236,-0.2244,-0.0985,0.2326,-0.2364
57.5695,267.68,-1082.01,65.50,-43.09,66.04,17.66,0.2272,-0.2498,-0.1944,-0.1005,0.2315,-0.2407
57.6106,267.40,-1081.87,65.58,-42.23,66.42,18.13,0.2405,-0.2600,-0.1581,-0.1005,0.2314,-0.2426
57.6518,267.17,-1082.06,65.68,-42.31,66.48,18.72,0.2568,-0.2543,-0.1169,-0.0981,0.2349,-0.2426
57.6939,266.91,-1082.24,65.79,-42.45,66.22,18.22,0.2723,-0.2378,-0.0720,-0.0927,0.2366,-0.2404
57.7360,266.63,-1082.49,65.89,-42.25,65.49,18.36,0.2814,-0.2118,-0.0277,-0.0860,0.2378,-0.2373
57.7775,266.30,-1082.77,65.97,-42.23,65.42,18.63,0.2859,-0.1807,0.0096,-0.0787,0.2384,-0.2341
57.8189,265.93,-1083.25,66.02,-42.59,65.68,18.83,0.2861,-0.1418,0.0414,-0.0715,0.2390,-0.2306
57.8608,265.58,-1083.67,66.19,-42.95,66.75,18.45,0.2792,-0.0988,0.0625,-0.0647,0.2393,-0.2277
57.9028,265.33,-1084.20,66.38,-42.49,68.32,16.94,0.2666,-0.0490,0.0739,-0.0597,0.2407,-0.2245
57.9464,265.14,-1084.87,66.61,-42.65,69.55,16.28,0.2466,0.0063,0.0746,-0.0557,0.2426,-0.2217
57.9875,264.97,-1085.36,66.79,-42.45,71.04,15.28,0.2211,0.0585,0.0710,-0.0525,0.2413,-0.2180
58.0285,264.80,-1085.89,66.98,-42.22,72.54,14.51,0.1912,0.1068,0.0592,-0.0497,0.2404,-0.2143
58.0695,264.59,-1086.30,67.09,-42.18,74.40,13.61,0.1603,0.1446,0.0414,-0.0478,0.2379,-0.2092
58.1115,264.29,-1086.62,67.22,-42.03,76.66,12.09,0.1328,0.1747,0.0196,-0.0459,0.2354,-0.2043
58.1532,263.93,-1086.74,67.32,-41.82,79.69,10.48,0.1146,0.1964,-0.0071,-0.0457,0.2307,-0.1979
58.1947,263.46,-1086.91,67.34,-41.34,83.25,8.11,0.1064,0.2139,-0.0353,-0.0451,0.2265,-0.1908
58.2363,262.95,-1087.07,67.35,-41.80,86.56,5.86,0.1015,0.2295,-0.0665,-0.0453,0.2227,-0.1845
58.2783,262.43,-1087.09,67.28,-41.15,89.17,4.77,0.1002,0.2353,-0.0914,-0.0445,0.2199,-0.1796
58.3202,262.11,-1087.40,67.27,-41.94,90.36,5.15,0.1002,0.2473,-0.1191,-0.0439,0.2196,-0.1784
58.3619,261.66,-1087.53,67.32,-42.01,93.22,4.15,0.1024,0.2515,-0.1513,-0.0443,0.2165,-0.1775
58.4041,261.29,-1087.54,67.44,-41.49,97.02,1.66,0.1030,0.2467,-0.1725,-0.0455,0.2102,-0.1788
58.4459,260.92,-1087.56,67.50,-40.48,102.15,-1.72,0.0995,0.2467,-0.1897,-0.0493,0.2028,-0.1803
58.4877,260.65,-1087.67,67.53,-40.21,108.44,-6.21,0.0952,0.2476,-0.1983,-0.0588,0.1906,-0.1827
58.5291,260.41,-1087.74,67.59,-39.40,116.03,-11.82,0.0893,0.2467,-0.2047,-0.0751,0.1697,-0.1850
58.5709,260.28,-1087.82,67.70,-37.83,124.38,-17.94,0.0821,0.2479,-0.2100,-0.0958,0.1410,-0.1881
58.6131,260.17,-1087.87,67.97,-35.24,132.39,-24.12,0.0747,0.2512,-0.2168,-0.1189,0.1032,-0.1922
58.6547,260.19,-1087.86,68.22,-32.01,139.68,-29.25,0.0674,0.2535,-0.2215,-0.1456,0.0562,-0.1930
58.6967,260.27,-1087.78,68.42,-28.75,146.24,-33.74,0.0597,0.2553,-0.2270,-0.1731,0.0046,-0.1893
58.7382,260.43,-1087.64,68.62,-25.65,151.52,-37.68,0.0524,0.2573,-0.2317,-0.1982,-0.0501,-0.1794
58.7806,260.62,-1087.27,68.73,-22.85,155.37,-40.85,0.0463,0.2580,-0.2360,-0.2143,-0.1088,-0.1621
58.8226,260.75,-1086.74,68.80,-19.60,156.96,-43.66,0.0423,0.2581,-0.2377,-0.2261,-0.1644,-0.1367
58.8650,261.17,-1086.46,68.77,-18.28,158.20,-44.69,0.0364,0.2614,-0.2370,-0.2322,-0.2105,-0.0993
58.9064,261.47,-1086.22,68.70,-17.27,159.05,-46.25,0.0324,0.2634,-0.2345,-0.2289,-0.2441,-0.0521
58.9488,261.90,-1086.20,68.61,-17.11,160.10,-47.22,0.0273,0.2673,-0.2316,-0.2226,-0.2594,0.0020
58.9900,262.31,-1086.21,68.52,-16.95,160.72,-48.04,0.0230,0.2695,-0.2286,-0.2159,-0.2555,0.0546
59.0320,262.78,-1086.40,68.54,-16.84,161.62,-48.19,0.0191,0.2711,-0.2259,-0.2118,-0.2353,0.1005
59.0741,263.33,-1086.74,68.49,-16.42,162.09,-48.17,0.0136,0.2717,-0.2254,-0.2120,-0.2041,0.1359
59.1157,263.99,-1087.02,68.46,-16.91,162.56,-48.26,0.0092,0.2692,-0.2273,-0.2138,-0.1669,0.1606
59.1571,264.63,-1087.16,68.38,-17.48,161.08,-47.79,0.0073,0.2646,-0.2303,-0.2178,-0.1205,0.1740
59.1990,265.27,-1087.30,68.24,-18.95,158.55,-47.08,0.0083,0.2604,-0.2318,-0.2212,-0.0670,0.1750
59.2414,265.84,-1087.40,67.99,-21.16,155.31,-46.13,0.0132,0.2567,-0.2295,-0.2215,-0.0114,0.1665
59.2830,266.44,-1087.42,67.62,-23.98,151.29,-43.97,0.0197,0.2524,-0.2239,-0.2175,0.0431,0.1459
59.3248,266.97,-1087.43,67.26,-27.72,146.77,-42.48,0.0289,0.2479,-0.2174,-0.2087,0.0946,0.1156
59.3660,267.50,-1087.30,66.86,-31.33,141.17,-39.56,0.0399,0.2434,-0.2103,-0.1972,0.1421,0.0797
59.4074,267.98,-1087.08,66.41,-35.06,134.26,-36.18,0.0520,0.2385,-0.2025,-0.1835,0.1814,0.0389
59.4492,268.46,-1086.79,66.00,-39.00,125.84,-31.26,0.0641,0.2318,-0.1941,-0.1672,0.2128,-0.0050
59.4910,268.78,-1086.53,65.63,-42.01,116.83,-25.81,0.0753,0.2269,-0.1876,-0.1460,0.2321,-0.0477
59.5325,269.01,-1086.38,65.47,-44.65,108.43,-19.21,0.0844,0.2224,-0.1830,-0.1242,0.2419,-0.0849
59.5742,269.15,-1086.15,65.33,-45.69,100.90,-12.74,0.0917,0.2188,-0.1794,-0.1016,0.2429,-0.1139
59.6157,269.28,-1085.81,65.27,-46.58,93.95,-7.46,0.0966,0.2130,-0.1759,-0.0851,0.2372,-0.1350
59.6577,269.46,-1085.52,65.09,-46.44,88.10,-1.96,0.0983,0.2066,-0.1761,-0.0760,0.2350,-0.1473
59.6996,269.52,-1085.24,64.86,-47.21,83.96,1.91,0.1015,0.1960,-0.1779,-0.0699,0.2321,-0.1540
59.7418,269.58,-1085.03,64.63,-48.10,80.59,5.18,0.1036,0.1857,-0.1840,-0.0674,0.2314,-0.1570
59.7842,269.54,-1084.64,64.40,-48.67,77.87,7.76,0.1069,0.1683,-0.1948,-0.0658,0.2316,-0.1585
59.8266,269.38,-1084.34,64.14,-48.88,75.53,9.93,0.1137,0.1446,-0.2082,-0.0652,0.2330,-0.1575
59.8689,269.05,-1083.97,63.90,-49.35,73.78,12.43,0.1239,0.1116,-0.2270,-0.0625,0.2358,-0.1572
59.9112,268.53,-1083.50,63.73,-49.56,73.25,13.51,0.1400,0.0680,-0.2452,-0.0597,0.2374,-0.1569
59.9536,268.00,-1083.11,63.61,-49.51,72.43,14.90,0.1614,0.0180,-0.2599,-0.0578,0.2392,-0.1580
59.9955,267.42,-1082.65,63.54,-49.73,71.36,16.48,0.1840,-0.0368,-0.2666,-0.0554,0.2393,-0.1598
60.0375,266.88,-1082.15,63.48,-49.38,70.81,17.97,0.2075,-0.0904,-0.2618,-0.0530,0.2385,-0.1606
60.0795,266.33,-1081.72,63.42,-49.37,70.45,18.71,0.2307,-0.1389,-0.2449,-0.0503,0.2382,-0.1625
60.1213,265.90,-1081.35,63.37,-49.40,70.75,19.40,0.2451,-0.1840,-0.2198,-0.0488,0.2358,-0.1658
60.1632,265.44,-1081.01,63.30,-49.61,71.64,18.12,0.2596,-0.2214,-0.1848,-0.0475,0.2315,-0.1700
60.2053,265.08,-1080.72,63.23,-49.80,73.43,16.43,0.2738,-0.2460,-0.1431,-0.0476,0.2274,-0.1736
60.2472,264.81,-1080.60,63.23,-50.02,74.29,14.17,0.2831,-0.2606,-0.0965,-0.0479,0.2248,-0.1770
60.2887,264.72,-1080.60,63.25,-49.77,73.51,14.33,0.2896,-0.2635,-0.0463,-0.0492,0.2246,-0.1797
60.3307,264.58,-1080.67,63.32,-49.50,72.42,14.68,0.2920,-0.2553,0.0031,-0.0507,0.2276,-0.1818
60.3725,264.44,-1080.85,63.37,-49.04,71.05,15.45,0.2919,-0.2392,0.0485,-0.0517,0.2323,-0.1826
60.4144,264.24,-1081.15,63.38,-48.68,69.94,15.95,0.2906,-0.2142,0.0856,-0.0515,0.2371,-0.1821
60.4560,263.96,-1081.57,63.41,-48.77,69.14,16.60,0.2871,-0.1796,0.1156,-0.0498,0.2414,-0.1815
60.4975,263.63,-1082.12,63.48,-48.98,69.48,16.93,0.2821,-0.1374,0.1349,-0.0474,0.2440,-0.1807
60.5395,263.28,-1082.64,63.62,-49.34,70.43,16.36,0.2725,-0.0935,0.1451,-0.0456,0.2446,-0.1793
60.5815,262.93,-1083.22,63.80,-48.99,72.90,14.54,0.2626,-0.0475,0.1460,-0.0433,0.2450,-0.1775
60.6235,262.64,-1083.86,64.02,-49.01,75.38,12.71,0.2506,0.0009,0.1379,-0.0412,0.2451,-0.1756
60.6650,262.35,-1084.38,64.29,-48.80,78.63,10.22,0.2371,0.0496,0.1219,-0.0393,0.2446,-0.1743
60.7068,262.07,-1084.93,64.61,-48.46,82.92,7.47,0.2209,0.0979,0.0973,-0.0378,0.2447,-0.1740
60.7483,261.77,-1085.29,64.96,-47.74,88.46,2.87,0.2019,0.1401,0.0678,-0.0376,0.2429,-0.1732
60.7890,261.47,-1085.55,65.35,-46.43,93.91,-1.52,0.1854,0.1775,0.0351,-0.0371,0.2406,-0.1726
60.8304,261.18,-1085.78,65.74,-45.02,99.19,-5.23,0.1685,0.2059,-0.0016,-0.0376,0.2378,-0.1707
60.8711,260.88,-1085.94,66.12,-43.38,104.15,-8.71,0.1522,0.2255,-0.0388,-0.0382,0.2343,-0.1695
60.9118,260.60,-1086.10,66.54,-41.87,108.67,-11.92,0.1371,0.2369,-0.0737,-0.0403,0.2284,-0.1704
60.9528,260.36,-1086.26,66.91,-40.28,113.20,-14.25,0.1213,0.2439,-0.1087,-0.0446,0.2202,-0.1738
60.9942,260.14,-1086.42,67.37,-38.42,117.65,-17.28,0.1092,0.2456,-0.1368,-0.0529,0.2085,-0.1787
61.0353,260.02,-1086.68,67.81,-36.70,122.17,-20.02,0.0975,0.2475,-0.1607,-0.0632,0.1918,-0.1849
61.0772,259.95,-1086.91,68.32,-34.65,127.65,-23.35,0.0879,0.2490,-0.1814,-0.0786,0.1648,-0.1899
61.1184,260.05,-1087.18,68.85,-32.14,133.87,-27.20,0.0793,0.2506,-0.1981,-0.0982,0.1309,-0.1914
61.1599,260.24,-1087.31,69.35,-28.86,139.92,-31.18,0.0733,0.2540,-0.2115,-0.1199,0.0843,-0.1881
61.2019,260.58,-1087.45,69.76,-25.58,145.61,-35.01,0.0665,0.2596,-0.2227,-0.1444,0.0326,-0.1830
61.2435,260.96,-1087.45,70.12,-22.60,150.35,-37.93,0.0602,0.2628,-0.2308,-0.1712,-0.0182,-0.1758
61.2858,261.33,-1087.31,70.46,-19.68,153.72,-39.72,0.0551,0.2664,-0.2358,-0.1955,-0.0694,-0.1665
61.3275,261.69,-1087.08,70.65,-16.96,155.91,-41.02,0.0498,0.2687,-0.2391,-0.2158,-0.1196,-0.1524
61.3693,262.05,-1086.84,70.73,-15.11,157.57,-42.26,0.0451,0.2701,-0.2407,-0.2309,-0.1638,-0.1301
61.4112,262.39,-1086.61,70.72,-14.14,158.81,-43.62,0.0408,0.2711,-0.2422,-0.2340,-0.1984,-0.0930
61.4541,262.62,-1086.37,70.64,-13.36,159.27,-44.60,0.0390,0.2713,-0.2419,-0.2267,-0.2145,-0.0457
61.4958,262.88,-1086.19,70.49,-13.21,159.30,-45.25,0.0374,0.2706,-0.2401,-0.2191,-0.2157,0.0062
61.5373,263.18,-1086.05,70.28,-13.33,159.19,-45.45,0.0357,0.2702,-0.2372,-0.2117,-0.2017,0.0540
61.5792,263.59,-1085.91,70.03,-14.00,158.88,-45.25,0.0345,0.2698,-0.2335,-0.2077,-0.1760,0.0930
61.6207,264.02,-1085.70,69.71,-15.09,157.36,-45.38,0.0346,0.2673,-0.2297,-0.2043,-0.1406,0.1220
61.6626,264.48,-1085.44,69.35,-16.68,154.98,-44.99,0.0362,0.2622,-0.2259,-0.2013,-0.0974,0.1402
61.7046,264.95,-1085.17,68.95,-18.36,151.11,-44.11,0.0397,0.2568,-0.2227,-0.1975,-0.0487,0.1448
61.7459,265.55,-1085.07,68.44,-21.33,147.66,-42.10,0.0436,0.2525,-0.2183,-0.1944,0.0035,0.1391
61.7872,266.11,-1084.90,67.98,-24.65,142.93,-40.38,0.0483,0.2472,-0.2140,-0.1884,0.0554,0.1231
61.8284,266.75,-1084.78,67.49,-27.98,137.41,-37.77,0.0536,0.2417,-0.2091,-0.1802,0.1072,0.0972
61.8704,267.46,-1084.70,67.07,-31.80,131.38,-34.08,0.0594,0.2362,-0.2040,-0.1685,0.1555,0.0609
61.9119,268.00,-1084.55,66.70,-34.80,124.55,-30.59,0.0668,0.2302,-0.1989,-0.1503,0.1941,0.0202
61.9544,268.52,-1084.46,66.34,-37.71,117.71,-26.15,0.0745,0.2252,-0.1923,-0.1296,0.2246,-0.0220
61.9958,268.95,-1084.36,65.89,-40.43,111.32,-21.72,0.0799,0.2193,-0.1867,-0.1068,0.2424,-0.0621
62.0374,269.36,-1084.22,65.46,-42.98,105.34,-17.05,0.0843,0.2109,-0.1835,-0.0855,0.2485,-0.0969
62.0793,269.81,-1083.95,65.07,-44.32,99.83,-12.37,0.0862,0.1977,-0.1859,-0.0715,0.2463,-0.1232
62.1213,270.22,-1083.67,64.73,-45.18,94.65,-8.55,0.0878,0.1801,-0.1931,-0.0653,0.2433,-0.1407
62.1629,270.64,-1083.55,64.57,-46.15,89.67,-4.15,0.0915,0.1598,-0.2030,-0.0627,0.2419,-0.1525
62.2052,270.89,-1083.33,64.48,-46.26,85.19,-0.14,0.0998,0.1315,-0.2168,-0.0607,0.2392,-0.1593
62.2469,271.01,-1083.14,64.40,-45.89,81.44,3.59,0.1165,0.0935,-0.2315,-0.0604,0.2384,-0.1632
62.2886,270.97,-1082.96,64.42,-45.96,78.22,6.69,0.1449,0.0487,-0.2418,-0.0608,0.2392,-0.1682
62.3303,270.87,-1082.76,64.46,-45.75,75.31,9.29,0.1769,-0.0000,-0.2494,-0.0619,0.2397,-0.1736
62.3726,270.65,-1082.54,64.61,-45.33,73.29,11.52,0.2083,-0.0515,-0.2511,-0.0614,0.2404,-0.1813
62.4143,270.37,-1082.33,64.76,-44.93,71.91,12.87,0.2376,-0.1038,-0.2399,-0.0610,0.2403,-0.1892
62.4560,270.09,-1082.13,64.92,-44.29,71.29,13.81,0.2605,-0.1512,-0.2187,-0.0596,0.2404,-0.1976
62.4972,269.82,-1082.11,65.09,-43.98,70.69,14.92,0.2794,-0.1880,-0.1893,-0.0579,0.2432,-0.2053
62.5391,269.60,-1082.22,65.30,-43.99,69.41,16.35,0.2975,-0.2147,-0.1526,-0.0568,0.2468,-0.2121
62.5812,269.33,-1082.32,65.55,-43.36,67.46,17.95,0.3084,-0.2309,-0.1110,-0.0552,0.2504,-0.2182
62.6231,269.05,-1082.51,65.83,-42.65,65.67,19.83,0.3136,-0.2367,-0.0668,-0.0533,0.2544,-0.2236
62.6650,268.74,-1082.65,66.08,-41.76,64.28,21.07,0.3121,-0.2329,-0.0216,-0.0524,0.2567,-0.2262
62.7066,268.40,-1082.81,66.23,-41.17,63.59,21.66,0.3048,-0.2134,0.0171,-0.0497,0.2589,-0.2264
62.7486,268.04,-1083.04,66.36,-41.23,63.89,21.57,0.2964,-0.1814,0.0456,-0.0454,0.2604,-0.2247
62.7903,267.64,-1083.28,66.47,-41.12,64.45,20.48,0.2845,-0.1421,0.0669,-0.0402,0.2603,-0.2221
62.8319,267.21,-1083.62,66.61,-41.26,65.42,19.33,0.2710,-0.0966,0.0804,-0.0345,0.2601,-0.2194
62.8738,266.74,-1083.97,66.76,-41.12,66.62,18.23,0.2579,-0.0470,0.0831,-0.0288,0.2582,-0.2164
62.9157,266.27,-1084.30,66.97,-41.31,67.93,17.46,0.2435,0.0017,0.0753,-0.0225,0.2542,-0.2149
62.9572,265.75,-1084.57,67.10,-40.96,70.06,16.23,0.2285,0.0489,0.0598,-0.0174,0.2491,-0.2127
62.9991,265.20,-1084.84,67.16,-40.94,72.92,14.45,0.2131,0.0932,0.0374,-0.0132,0.2438,-0.2097
63.0407,264.62,-1085.12,67.21,-41.32,76.71,12.01,0.1973,0.1342,0.0095,-0.0095,0.2379,-0.2072
63.0827,264.08,-1085.23,67.23,-40.95,81.32,9.15,0.1811,0.1729,-0.0225,-0.0077,0.2308,-0.2048
63.1245,263.51,-1085.38,67.29,-40.60,86.15,6.08,0.1666,0.2020,-0.0574,-0.0075,0.2242,-0.2032
63.1658,262.87,-1085.46,67.31,-40.61,90.92,2.46,0.1526,0.2225,-0.0901,-0.0086,0.2160,-0.2029
63.2077,262.25,-1085.64,67.29,-40.21,96.49,-1.14,0.1419,0.2359,-0.1261,-0.0140,0.2066,-0.2042
63.2497,261.60,-1085.68,67.42,-40.51,102.02,-5.53,0.1324,0.2407,-0.1563,-0.0242,0.1935,-0.2086
63.2919,260.89,-1085.71,67.59,-38.92,108.62,-10.60,0.1267,0.2416,-0.1829,-0.0370,0.1759,-0.2138
63.3332,260.31,-1085.64,67.88,-36.72,114.75,-15.62,0.1224,0.2403,-0.2037,-0.0544,0.1524,-0.2202
63.3748,259.81,-1085.61,68.14,-34.30,120.47,-20.06,0.1180,0.2398,-0.2193,-0.0755,0.1226,-0.2245
63.4168,259.40,-1085.63,68.33,-32.24,125.98,-24.18,0.1145,0.2412,-0.2274,-0.1013,0.0884,-0.2261
63.4583,259.05,-1085.72,68.56,-30.37,131.10,-27.47,0.1107,0.2452,-0.2314,-0.1308,0.0529,-0.2252
63.5003,258.81,-1086.00,68.88,-28.89,136.86,-31.05,0.1054,0.2511,-0.2331,-0.1620,0.0125,-0.2190
63.5427,258.68,-1086.28,69.31,-26.75,142.38,-34.29,0.0993,0.2586,-0.2345,-0.1903,-0.0324,-0.2054
63.5839,258.73,-1086.53,69.88,-24.56,146.69,-36.66,0.0930,0.2662,-0.2356,-0.2169,-0.0848,-0.1875
63.6251,258.97,-1086.89,70.39,-21.88,150.68,-38.17,0.0847,0.2744,-0.2358,-0.2378,-0.1376,-0.1615
63.6668,259.32,-1087.16,70.88,-19.80,154.11,-39.23,0.0745,0.2795,-0.2357,-0.2435,-0.1841,-0.1239
63.7092,259.75,-1087.46,71.20,-17.58,156.53,-40.44,0.0636,0.2843,-0.2334,-0.2359,-0.2136,-0.0764
63.7511,260.31,-1087.76,71.35,-16.04,158.64,-41.66,0.0519,0.2892,-0.2292,-0.2283,-0.2255,-0.0254
63.7931,260.95,-1087.98,71.40,-15.37,160.16,-42.81,0.0404,0.2912,-0.2248,-0.2225,-0.2206,0.0237
63.8344,261.54,-1088.08,71.39,-14.84,160.47,-43.72,0.0296,0.2900,-0.2206,-0.2180,-0.2038,0.0654
63.8767,262.11,-1088.06,71.28,-15.11,159.87,-44.19,0.0209,0.2875,-0.2169,-0.2201,-0.1758,0.0988
63.9187,262.59,-1087.88,71.06,-15.59,158.48,-44.15,0.0167,0.2828,-0.2139,-0.2236,-0.1355,0.1213
63.9604,263.10,-1087.65,70.73,-17.23,156.21,-44.59,0.0153,0.2770,-0.2106,-0.2264,-0.0880,0.1308
64.0021,263.53,-1087.25,70.30,-19.18,153.11,-44.01,0.0175,0.2692,-0.2071,-0.2275,-0.0357,0.1293
64.0438,264.02,-1087.03,69.85,-22.21,149.08,-43.79,0.0203,0.2627,-0.2042,-0.2257,0.0194,0.1162
64.0851,264.52,-1086.80,69.48,-25.86,144.69,-41.79,0.0250,0.2565,-0.2026,-0.2196,0.0724,0.0937
64.1266,264.98,-1086.57,69.12,-29.25,138.76,-39.22,0.0335,0.2516,-0.2002,-0.2082,0.1235,0.0626
64.1682,265.41,-1086.30,68.81,-32.72,133.20,-35.08,0.0426,0.2485,-0.1963,-0.1920,0.1672,0.0268
64.2099,265.80,-1085.87,68.51,-35.61,126.04,-31.08,0.0515,0.2425,-0.1917,-0.1710,0.1982,-0.0089
64.2511,266.11,-1085.41,68.15,-38.27,119.35,-26.39,0.0620,0.2361,-0.1856,-0.1477,0.2192,-0.0435
64.2930,266.43,-1084.82,67.76,-40.31,111.83,-21.62,0.0713,0.2292,-0.1798,-0.1234,0.2265,-0.0749
64.3349,266.76,-1084.28,67.39,-41.68,105.08,-15.93,0.0793,0.2221,-0.1757,-0.1014,0.2296,-0.1023
64.3766,267.05,-1083.73,67.09,-42.10,98.30,-10.89,0.0866,0.2159,-0.1722,-0.0877,0.2314,-0.1249
64.4188,267.35,-1083.38,66.77,-42.47,92.81,-5.81,0.0905,0.2096,-0.1714,-0.0790,0.2337,-0.1429
64.4604,267.66,-1083.09,66.54,-43.34,88.00,-1.57,0.0933,0.2004,-0.1731,-0.0759,0.2367,-0.1552
64.5019,267.94,-1082.92,66.32,-43.80,84.19,2.87,0.0945,0.1866,-0.1793,-0.0755,0.2389,-0.1631
64.5426,268.11,-1082.80,66.17,-44.25,82.09,5.63,0.0979,0.1666,-0.1883,-0.0762,0.2411,-0.1705
64.5852,268.25,-1082.81,66.10,-44.63,80.34,8.12,0.1069,0.1421,-0.1971,-0.0798,0.2443,-0.1774
64.6271,268.24,-1082.72,66.18,-44.98,78.49,9.70,0.1208,0.1114,-0.2071,-0.0840,0.2444,-0.1835
64.6686,268.19,-1082.64,66.31,-44.43,77.18,11.63,0.1387,0.0739,-0.2183,-0.0867,0.2444,-0.1883
64.7099,268.01,-1082.57,66.49,-44.40,76.11,13.23,0.1613,0.0316,-0.2284,-0.0882,0.2456,-0.1927
64.7521,267.79,-1082.42,66.64,-43.64,75.04,14.45,0.1862,-0.0149,-0.2377,-0.0889,0.2463,-0.1968
64.7940,267.53,-1082.41,66.75,-43.27,73.95,15.72,0.2117,-0.0617,-0.2393,-0.0879,0.2479,-0.2009
64.8363,267.23,-1082.41,66.86,-43.20,72.83,16.61,0.2356,-0.1070,-0.2350,-0.0866,0.2490,-0.2044
64.8779,266.95,-1082.54,66.86,-43.34,72.00,16.96,0.2587,-0.1462,-0.2155,-0.0836,0.2515,-0.2077
64.9198,266.76,-1082.64,66.88,-44.20,71.06,17.46,0.2727,-0.1755,-0.1847,-0.0809,0.2526,-0.2099
64.9610,266.57,-1082.72,66.85,-44.61,70.78,16.65,0.2793,-0.1952,-0.1482,-0.0779,0.2543,-0.2119
65.0034,266.48,-1082.92,66.79,-44.61,70.53,16.23,0.2846,-0.2031,-0.1053,-0.0740,0.2570,-0.2130
65.0452,266.44,-1083.15,66.77,-45.04,69.43,16.28,0.2850,-0.2024,-0.0597,-0.0702,0.2582,-0.2130
65.0872,266.36,-1083.30,66.78,-44.82,68.35,16.07,0.2811,-0.1941,-0.0147,-0.0647,0.2590,-0.2116
65.1289,266.32,-1083.57,66.79,-44.51,67.63,16.19,0.2749,-0.1760,0.0279,-0.0590,0.2599,-0.2089
65.1704,266.20,-1083.89,66.87,-44.56,67.27,15.76,0.2632,-0.1506,0.0661,-0.0528,0.2603,-0.2055
65.2122,266.04,-1084.25,67.00,-44.14,67.23,15.36,0.2510,-0.1192,0.0959,-0.0461,0.2608,-0.2021
65.2543,265.79,-1084.64,67.17,-43.63,68.12,14.59,0.2418,-0.0792,0.1132,-0.0394,0.2595,-0.1988
65.2961,265.51,-1085.09,67.40,-43.24,69.57,13.79,0.2316,-0.0328,0.1193,-0.0335,0.2577,-0.1971
65.3378,265.22,-1085.67,67.60,-43.05,71.58,13.14,0.2184,0.0158,0.1158,-0.0289,0.2560,-0.1956
65.3790,264.87,-1086.23,67.77,-43.20,74.45,12.21,0.2036,0.0660,0.1015,-0.0261,0.2540,-0.1937
65.4210,264.56,-1086.76,67.99,-43.39,77.78,11.00,0.1863,0.1136,0.0766,-0.0252,0.2511,-0.1919
65.4628,264.24,-1087.17,68.18,-43.18,81.68,8.64,0.1656,0.1531,0.0453,-0.0262,0.2467,-0.1896
65.5049,263.94,-1087.54,68.41,-42.55,86.65,6.17,0.1455,0.1872,0.0078,-0.0284,0.2419,-0.1877
65.5464,263.54,-1087.97,68.67,-41.77,91.71,1.82,0.1295,0.2136,-0.0357,-0.0307,0.2369,-0.1858
65.5881,263.17,-1088.21,68.93,-40.99,95.97,-1.76,0.1214,0.2271,-0.0789,-0.0339,0.2296,-0.1839
65.6293,262.71,-1088.35,69.21,-39.22,100.50,-5.21,0.1190,0.2336,-0.1171,-0.0366,0.2215,-0.1820
65.6714,262.19,-1088.53,69.41,-37.85,104.25,-8.61,0.1139,0.2324,-0.1519,-0.0399,0.2143,-0.1826
65.7133,261.67,-1088.70,69.55,-36.63,108.31,-11.10,0.1091,0.2323,-0.1785,-0.0473,0.2067,-0.1855
65.7552,261.03,-1088.88,69.74,-35.38,113.32,-14.78,0.1083,0.2360,-0.1967,-0.0568,0.1955,-0.1918
65.7967,260.53,-1089.07,69.93,-33.88,118.81,-18.17,0.1075,0.2433,-0.2123,-0.0709,0.1808,-0.1992
65.8382,260.07,-1089.25,70.15,-32.05,124.79,-21.81,0.1036,0.2509,-0.2243,-0.0870,0.1629,-0.2069
65.8801,259.77,-1089.39,70.37,-30.05,129.79,-25.38,0.0972,0.2581,-0.2340,-0.1072,0.1432,-0.2148
65.9219,259.61,-1089.49,70.57,-28.20,134.67,-28.04,0.0906,0.2638,-0.2408,-0.1299,0.1194,-0.2213
65.9635,259.61,-1089.47,70.84,-26.23,137.85,-30.47,0.0817,0.2668,-0.2469,-0.1523,0.0910,-0.2274
66.0054,259.81,-1089.48,71.13,-24.67,139.97,-31.67,0.0713,0.2669,-0.2541,-0.1746,0.0618,-0.2332
66.0470,260.16,-1089.41,71.58,-23.40,139.97,-32.15,0.0611,0.2645,-0.2622,-0.1950,0.0344,-0.2421
66.0890,260.71,-1089.59,72.13,-22.66,138.74,-30.75,0.0513,0.2614,-0.2733,-0.2142,0.0108,-0.2523
66.1306,261.35,-1089.82,72.90,-21.94,136.51,-28.17,0.0430,0.2572,-0.2861,-0.2281,-0.0084,-0.2639
66.1730,261.97,-1090.17,73.80,-20.39,133.64,-25.08,0.0366,0.2511,-0.3024,-0.2350,-0.0221,-0.2778
66.2143,262.63,-1090.66,74.64,-18.94,130.71,-21.74,0.0340,0.2440,-0.3201,-0.2413,-0.0318,-0.2938
66.2553,263.28,-1091.20,75.41,-17.82,127.53,-18.45,0.0366,0.2364,-0.3367,-0.2455,-0.0369,-0.3090
66.2962,263.88,-1091.67,76.11,-16.66,124.04,-15.11,0.0439,0.2276,-0.3545,-0.2455,-0.0390,-0.3232
66.3379,264.45,-1092.18,76.74,-15.39,120.59,-12.29,0.0562,0.2185,-0.3712,-0.2450,-0.0383,-0.3385
66.3801,264.93,-1092.68,77.25,-14.58,117.25,-9.86,0.0698,0.2068,-0.3860,-0.2422,-0.0347,-0.3541
66.4216,265.30,-1093.14,77.68,-13.86,114.09,-8.05,0.0868,0.1908,-0.3960,-0.2349,-0.0284,-0.3685
66.4637,265.53,-1093.60,78.05,-13.23,111.39,-6.60,0.1043,0.1738,-0.4047,-0.2241,-0.0199,-0.3802
66.5047,265.70,-1093.95,78.35,-12.54,109.12,-4.88,0.1221,0.1541,-0.4124,-0.2128,-0.0105,-0.3905
66.5461,265.80,-1094.25,78.64,-11.58,106.74,-3.29,0.1398,0.1323,-0.4162,-0.1991,0.0014,-0.3988
66.5880,265.86,-1094.65,78.80,-11.25,104.50,-1.61,0.1566,0.1133,-0.4165,-0.1838,0.0161,-0.4033
66.6305,265.86,-1094.98,78.95,-10.67,102.32,-0.04,0.1698,0.0955,-0.4152,-0.1684,0.0313,-0.4068
66.6723,265.88,-1095.33,79.05,-10.24,100.00,1.52,0.1827,0.0795,-0.4132,-0.1547,0.0471,-0.4087
66.7138,265.93,-1095.70,79.17,-9.65,97.32,2.79,0.1935,0.0666,-0.4112,-0.1412,0.0634,-0.4069
66.7557,266.02,-1096.10,79.24,-9.07,94.71,4.24,0.2004,0.0574,-0.4074,-0.1285,0.0791,-0.4005
