ArmSpan,149.15
Timestamp,HeadX,HeadY,HeadZ,HeadPitch,HeadYaw,HeadRoll,LeftX_norm,LeftY_norm,LeftZ_norm,RightX_norm,RightY_norm,RightZ_norm
0.0415,312.44,-1148.67,81.52,5.94,99.04,-0.66,0.0922,0.1199,-0.3656,-0.0692,0.1163,-0.3634
0.0841,312.53,-1148.79,81.32,4.97,98.49,-0.75,0.0907,0.1221,-0.3592,-0.0687,0.1216,-0.3550
0.1257,312.62,-1148.93,81.18,4.03,98.07,-0.80,0.0897,0.1246,-0.3531,-0.0679,0.1265,-0.3477
0.1675,312.72,-1149.06,81.08,3.27,97.69,-0.83,0.0899,0.1262,-0.3451,-0.0670,0.1304,-0.3410
0.2093,312.82,-1149.21,81.03,3.14,97.33,-1.05,0.0896,0.1278,-0.3390,-0.0662,0.1331,-0.3355
0.2509,312.91,-1149.39,80.93,2.63,97.03,-1.24,0.0891,0.1281,-0.3327,-0.0653,0.1347,-0.3319
0.2931,313.01,-1149.53,80.85,2.24,96.76,-1.35,0.0890,0.1258,-0.3271,-0.0642,0.1327,-0.3282
0.3347,313.11,-1149.66,80.77,1.92,96.43,-1.43,0.0878,0.1236,-0.3240,-0.0634,0.1294,-0.3260
0.3767,313.20,-1149.74,80.71,1.83,96.09,-1.52,0.0860,0.1206,-0.3231,-0.0627,0.1263,-0.3262
0.4184,313.30,-1149.81,80.65,1.88,95.83,-1.54,0.0839,0.1167,-0.3229,-0.0628,0.1223,-0.3260
0.4598,313.35,-1149.86,80.60,1.70,95.64,-1.85,0.0817,0.1145,-0.3237,-0.0624,0.1219,-0.3258
0.5018,313.44,-1149.87,80.58,1.39,95.65,-2.03,0.0799,0.1149,-0.3226,-0.0636,0.1247,-0.3219
0.5436,313.49,-1149.85,80.57,1.26,95.67,-2.47,0.0786,0.1192,-0.3163,-0.0659,0.1313,-0.3121
0.5856,313.52,-1149.84,80.51,0.56,95.74,-3.06,0.0787,0.1271,-0.3042,-0.0675,0.1425,-0.2967
0.6273,313.53,-1149.81,80.49,0.28,96.29,-3.47,0.0803,0.1405,-0.2900,-0.0685,0.1556,-0.2790
0.6687,313.50,-1149.82,80.42,-0.41,96.83,-4.23,0.0808,0.1586,-0.2725,-0.0685,0.1690,-0.2636
0.7104,313.49,-1149.89,80.34,-0.95,97.59,-4.61,0.0793,0.1773,-0.2532,-0.0678,0.1809,-0.2532
0.7525,313.48,-1149.99,80.32,-1.18,98.37,-5.13,0.0759,0.1963,-0.2351,-0.0663,0.1907,-0.2518
0.7941,313.53,-1150.13,80.28,-1.42,99.16,-5.58,0.0705,0.2155,-0.2191,-0.0650,0.1976,-0.2572
0.8360,313.59,-1150.20,80.29,-1.47,100.23,-6.16,0.0624,0.2307,-0.2046,-0.0647,0.1966,-0.2677
0.8772,313.71,-1150.21,80.27,-1.51,101.46,-6.99,0.0544,0.2448,-0.1931,-0.0668,0.1883,-0.2806
0.9186,313.82,-1150.12,80.29,-1.11,102.94,-7.63,0.0478,0.2583,-0.1852,-0.0717,0.1730,-0.2913
0.9608,313.94,-1149.95,80.35,-0.63,104.57,-8.60,0.0412,0.2673,-0.1798,-0.0813,0.1536,-0.3006
1.0029,314.08,-1149.71,80.33,-0.36,106.22,-9.57,0.0368,0.2768,-0.1760,-0.0956,0.1321,-0.3084
1.0448,314.21,-1149.38,80.38,-0.15,108.10,-10.57,0.0381,0.2873,-0.1738,-0.1170,0.1068,-0.3142
1.0860,314.36,-1148.95,80.37,-0.15,109.93,-11.46,0.0418,0.2972,-0.1715,-0.1436,0.0776,-0.3139
1.1276,314.56,-1148.34,80.43,0.38,111.53,-12.30,0.0470,0.3031,-0.1705,-0.1747,0.0410,-0.3033
1.1696,314.72,-1147.70,80.42,0.76,113.23,-13.11,0.0530,0.3094,-0.1694,-0.2084,-0.0001,-0.2841
1.2124,314.89,-1146.92,80.48,1.12,114.67,-14.27,0.0594,0.3131,-0.1691,-0.2397,-0.0463,-0.2534
1.2535,315.08,-1146.10,80.44,1.46,115.96,-15.26,0.0638,0.3141,-0.1697,-0.2631,-0.0908,-0.2075
1.2950,315.30,-1145.28,80.40,1.60,116.89,-16.74,0.0674,0.3133,-0.1704,-0.2742,-0.1274,-0.1501
1.3362,315.55,-1144.50,80.34,1.97,117.38,-17.81,0.0701,0.3117,-0.1697,-0.2729,-0.1504,-0.0868
1.3779,315.79,-1143.76,80.26,2.22,117.43,-18.91,0.0705,0.3107,-0.1665,-0.2562,-0.1509,-0.0216
1.4199,316.00,-1143.27,80.01,1.58,117.81,-19.34,0.0680,0.3105,-0.1595,-0.2335,-0.1397,0.0402
1.4616,316.26,-1142.84,79.83,1.07,118.30,-19.57,0.0619,0.3095,-0.1526,-0.2093,-0.1142,0.0905
1.5037,316.55,-1142.66,79.62,0.46,118.45,-19.58,0.0541,0.3083,-0.1461,-0.1908,-0.0798,0.1275
1.5450,316.81,-1142.66,79.35,-0.05,118.46,-19.55,0.0464,0.3056,-0.1401,-0.1754,-0.0377,0.1508
1.5872,317.16,-1142.70,79.26,-0.69,117.73,-19.14,0.0390,0.3013,-0.1373,-0.1606,0.0113,0.1551
1.6291,317.44,-1142.85,79.11,-0.91,116.05,-18.69,0.0328,0.2961,-0.1352,-0.1471,0.0669,0.1484
1.6711,317.66,-1143.15,78.93,-1.86,114.32,-17.59,0.0284,0.2917,-0.1333,-0.1328,0.1208,0.1280
1.7130,317.81,-1143.49,78.82,-2.93,111.97,-16.98,0.0254,0.2881,-0.1310,-0.1183,0.1706,0.0974
1.7547,317.89,-1143.81,78.69,-3.86,109.77,-15.48,0.0234,0.2844,-0.1280,-0.1025,0.2119,0.0640
1.7954,317.92,-1144.07,78.63,-5.11,107.08,-14.42,0.0202,0.2800,-0.1268,-0.0832,0.2404,0.0243
1.8373,317.96,-1144.27,78.60,-6.08,104.53,-12.01,0.0172,0.2735,-0.1290,-0.0686,0.2577,-0.0093
1.8797,317.84,-1144.49,78.49,-7.14,101.85,-10.18,0.0149,0.2679,-0.1387,-0.0546,0.2721,-0.0420
1.9214,317.72,-1144.53,78.59,-7.68,99.21,-7.72,0.0175,0.2584,-0.1563,-0.0535,0.2822,-0.0728
1.9634,317.46,-1144.64,78.47,-8.66,96.52,-5.19,0.0258,0.2477,-0.1795,-0.0520,0.2865,-0.0970
2.0046,317.09,-1144.56,78.49,-9.49,93.66,-3.16,0.0359,0.2298,-0.2102,-0.0495,0.2927,-0.1157
2.0469,316.60,-1144.41,78.56,-10.08,90.69,-1.55,0.0566,0.2014,-0.2412,-0.0465,0.2958,-0.1314
2.0890,315.96,-1144.08,78.67,-9.58,88.67,0.37,0.0870,0.1676,-0.2728,-0.0412,0.2962,-0.1471
2.1312,315.24,-1143.72,78.76,-9.77,86.48,1.08,0.1235,0.1246,-0.2975,-0.0384,0.2976,-0.1602
2.1730,314.54,-1143.19,78.80,-9.18,84.89,3.45,0.1604,0.0795,-0.3173,-0.0341,0.3005,-0.1730
2.2142,313.83,-1142.56,78.78,-9.50,83.09,4.99,0.1976,0.0271,-0.3245,-0.0306,0.3000,-0.1830
2.2558,313.19,-1141.81,78.70,-9.27,81.56,7.49,0.2270,-0.0292,-0.3172,-0.0259,0.3009,-0.1912
2.2976,312.63,-1140.88,78.59,-9.49,79.81,9.70,0.2513,-0.0829,-0.2988,-0.0214,0.3011,-0.1975
2.3395,312.21,-1139.98,78.29,-9.62,78.12,12.20,0.2648,-0.1321,-0.2656,-0.0151,0.3016,-0.2020
2.3814,311.87,-1139.01,77.99,-10.13,76.50,14.46,0.2694,-0.1731,-0.2230,-0.0102,0.3008,-0.2046
2.4230,311.62,-1138.11,77.57,-10.77,74.54,16.15,0.2684,-0.2048,-0.1714,-0.0062,0.3009,-0.2050
2.4647,311.45,-1137.31,77.11,-11.71,72.74,17.25,0.2651,-0.2221,-0.1152,-0.0033,0.3003,-0.2031
2.5055,311.32,-1136.64,76.68,-12.64,71.24,18.40,0.2567,-0.2284,-0.0575,-0.0010,0.2985,-0.2003
2.5472,311.23,-1136.12,76.23,-13.49,70.30,18.36,0.2464,-0.2219,0.0006,0.0005,0.2965,-0.1957
2.5895,311.14,-1135.71,75.84,-14.55,70.27,18.38,0.2336,-0.2035,0.0590,0.0011,0.2959,-0.1897
2.6312,311.08,-1135.48,75.43,-16.05,70.27,17.93,0.2175,-0.1741,0.1126,0.0020,0.2942,-0.1824
2.6729,311.03,-1135.35,75.05,-17.73,70.04,17.65,0.1961,-0.1387,0.1504,0.0032,0.2912,-0.1756
2.7146,310.92,-1135.42,74.87,-18.61,70.01,17.33,0.1749,-0.0996,0.1742,0.0043,0.2898,-0.1701
2.7563,310.66,-1135.52,74.83,-19.19,70.68,16.85,0.1607,-0.0524,0.1881,0.0054,0.2867,-0.1657
2.7983,310.36,-1135.79,74.77,-19.49,71.91,16.27,0.1485,-0.0033,0.1858,0.0068,0.2838,-0.1612
2.8403,310.07,-1136.10,74.80,-19.43,73.30,16.14,0.1386,0.0445,0.1716,0.0076,0.2817,-0.1569
2.8820,309.80,-1136.59,74.84,-19.97,75.04,16.26,0.1310,0.0940,0.1494,0.0076,0.2803,-0.1536
2.9237,309.55,-1136.92,75.08,-19.95,77.10,15.52,0.1230,0.1407,0.1170,0.0082,0.2767,-0.1532
2.9657,309.31,-1137.09,75.28,-19.19,79.79,14.07,0.1163,0.1804,0.0777,0.0080,0.2722,-0.1530
3.0071,309.17,-1137.11,75.47,-18.24,82.77,13.08,0.1093,0.2042,0.0373,0.0065,0.2678,-0.1537
3.0504,308.95,-1137.26,75.56,-17.86,86.29,10.99,0.1027,0.2266,-0.0013,0.0044,0.2653,-0.1552
3.0910,308.82,-1137.21,75.80,-17.52,89.46,8.99,0.0951,0.2396,-0.0405,0.0015,0.2621,-0.1595
3.1322,308.60,-1137.30,75.88,-16.89,93.14,5.87,0.0910,0.2492,-0.0760,-0.0029,0.2586,-0.1645
3.1742,308.48,-1137.15,76.06,-16.45,97.36,3.82,0.0896,0.2527,-0.1034,-0.0096,0.2534,-0.1731
3.2165,308.31,-1137.09,76.06,-15.90,102.40,0.37,0.0920,0.2587,-0.1247,-0.0192,0.2474,-0.1841
3.2586,308.20,-1137.04,76.07,-16.00,108.45,-3.26,0.0963,0.2609,-0.1387,-0.0324,0.2373,-0.1973
3.3001,308.23,-1136.89,76.07,-15.25,114.91,-7.44,0.0984,0.2637,-0.1478,-0.0506,0.2205,-0.2085
3.3416,308.44,-1136.86,76.08,-14.74,121.65,-11.22,0.0991,0.2668,-0.1564,-0.0746,0.1957,-0.2185
3.3832,308.72,-1136.66,76.20,-12.75,127.89,-14.87,0.0991,0.2696,-0.1647,-0.1039,0.1603,-0.2288
3.4252,309.19,-1136.47,76.30,-10.89,133.35,-18.59,0.0988,0.2727,-0.1703,-0.1391,0.1160,-0.2373
3.4669,309.71,-1136.17,76.34,-8.52,138.35,-21.45,0.0977,0.2756,-0.1748,-0.1768,0.0654,-0.2381
3.5084,310.34,-1135.77,76.33,-6.71,142.16,-24.22,0.0952,0.2772,-0.1778,-0.2153,0.0120,-0.2297
3.5501,310.91,-1135.32,76.35,-4.89,144.91,-26.81,0.0926,0.2791,-0.1801,-0.2496,-0.0419,-0.2083
3.5916,311.50,-1134.81,76.24,-3.72,146.72,-28.87,0.0890,0.2809,-0.1796,-0.2737,-0.0997,-0.1680
3.6337,312.04,-1134.24,76.12,-2.61,147.83,-30.45,0.0843,0.2817,-0.1783,-0.2848,-0.1480,-0.1122
3.6759,312.59,-1133.65,75.93,-1.86,147.93,-32.13,0.0788,0.2823,-0.1757,-0.2790,-0.1830,-0.0440
3.7175,313.16,-1133.04,75.66,-1.05,147.74,-33.32,0.0733,0.2820,-0.1718,-0.2654,-0.1979,0.0245
3.7592,313.73,-1132.49,75.33,-0.23,147.55,-34.41,0.0669,0.2814,-0.1667,-0.2473,-0.1966,0.0850
3.8006,314.28,-1131.96,74.91,0.30,146.89,-35.78,0.0600,0.2796,-0.1610,-0.2287,-0.1809,0.1343
3.8426,314.82,-1131.54,74.48,-0.05,145.55,-37.87,0.0533,0.2768,-0.1565,-0.2125,-0.1509,0.1720
3.8846,315.34,-1131.22,74.01,-0.93,144.32,-38.47,0.0483,0.2733,-0.1518,-0.1963,-0.1079,0.1933
3.9262,315.81,-1130.92,73.53,-2.31,142.20,-38.67,0.0453,0.2696,-0.1472,-0.1833,-0.0551,0.2014
3.9682,316.25,-1130.70,73.03,-4.33,139.42,-38.47,0.0440,0.2652,-0.1439,-0.1719,0.0014,0.1934
4.0097,316.67,-1130.67,72.58,-7.44,136.22,-37.42,0.0442,0.2602,-0.1420,-0.1614,0.0562,0.1764
4.0516,317.07,-1130.74,72.13,-11.54,132.04,-34.30,0.0476,0.2559,-0.1382,-0.1540,0.1120,0.1474
4.0932,317.28,-1130.95,71.94,-15.64,127.87,-31.56,0.0547,0.2533,-0.1347,-0.1456,0.1630,0.1078
4.1349,317.56,-1131.12,71.54,-20.19,122.74,-27.68,0.0614,0.2483,-0.1290,-0.1331,0.2038,0.0649
4.1771,317.71,-1130.90,71.38,-23.68,117.29,-24.70,0.0699,0.2406,-0.1227,-0.1116,0.2230,0.0181
4.2188,317.97,-1130.85,71.21,-26.68,111.36,-19.86,0.0765,0.2364,-0.1168,-0.0957,0.2353,-0.0196
4.2604,317.89,-1130.55,71.26,-27.91,106.75,-17.75,0.0843,0.2298,-0.1145,-0.0863,0.2410,-0.0483
4.3025,318.04,-1130.52,71.30,-29.17,102.38,-13.82,0.0895,0.2254,-0.1134,-0.0791,0.2452,-0.0737
4.3446,318.02,-1130.50,71.38,-29.97,98.28,-10.60,0.0920,0.2207,-0.1153,-0.0721,0.2472,-0.0918
4.3860,318.02,-1130.50,71.58,-30.14,94.47,-6.60,0.0923,0.2159,-0.1192,-0.0638,0.2496,-0.1043
4.4280,317.92,-1130.46,71.80,-29.72,90.92,-4.14,0.0906,0.2103,-0.1280,-0.0557,0.2497,-0.1105
4.4697,317.72,-1130.54,71.92,-29.68,88.40,-0.95,0.0927,0.2004,-0.1376,-0.0497,0.2511,-0.1140
4.5117,317.38,-1130.42,72.02,-29.44,86.25,1.45,0.1022,0.1813,-0.1465,-0.0473,0.2493,-0.1153
4.5539,316.89,-1130.36,72.02,-29.67,84.10,3.61,0.1175,0.1541,-0.1571,-0.0464,0.2501,-0.1149
4.5952,316.35,-1130.20,71.99,-30.37,82.58,6.09,0.1396,0.1179,-0.1694,-0.0459,0.2529,-0.1147
4.6369,315.73,-1129.91,71.86,-30.55,81.24,8.01,0.1676,0.0739,-0.1809,-0.0462,0.2541,-0.1148
4.6782,315.14,-1129.70,71.74,-30.95,80.13,9.58,0.1938,0.0250,-0.1906,-0.0468,0.2562,-0.1166
4.7203,314.62,-1129.49,71.61,-31.37,78.72,10.88,0.2192,-0.0277,-0.1902,-0.0480,0.2571,-0.1195
4.7620,314.15,-1129.28,71.61,-31.44,77.89,12.60,0.2379,-0.0788,-0.1818,-0.0489,0.2585,-0.1238
4.8039,313.75,-1129.15,71.58,-31.43,76.82,14.32,0.2534,-0.1249,-0.1658,-0.0510,0.2610,-0.1283
4.8456,313.49,-1129.15,71.51,-31.26,75.34,16.53,0.2651,-0.1668,-0.1420,-0.0551,0.2645,-0.1329
4.8872,313.30,-1129.26,71.39,-31.24,73.17,18.59,0.2700,-0.2050,-0.1084,-0.0603,0.2685,-0.1379
4.9291,313.07,-1129.42,71.34,-31.47,71.45,20.12,0.2718,-0.2367,-0.0681,-0.0653,0.2725,-0.1435
4.9712,312.89,-1129.56,71.35,-31.46,69.65,21.22,0.2653,-0.2589,-0.0174,-0.0687,0.2749,-0.1484
5.0133,312.70,-1129.63,71.37,-31.13,68.98,21.63,0.2554,-0.2665,0.0390,-0.0701,0.2767,-0.1513
5.0555,312.59,-1129.69,71.34,-30.73,68.52,21.56,0.2433,-0.2554,0.0970,-0.0692,0.2775,-0.1517
5.0969,312.50,-1129.94,71.28,-30.76,68.33,21.84,0.2418,-0.2422,0.1512,-0.0660,0.2784,-0.1503
5.1383,312.41,-1130.14,71.26,-30.80,67.86,21.31,0.2274,-0.2020,0.1959,-0.0618,0.2771,-0.1475
5.1802,312.29,-1130.49,71.25,-30.87,67.71,21.32,0.1958,-0.1371,0.2212,-0.0560,0.2761,-0.1445
5.2220,312.14,-1130.78,71.23,-31.02,68.04,20.87,0.1772,-0.0843,0.2324,-0.0499,0.2725,-0.1414
5.2640,311.98,-1131.06,71.19,-31.09,69.31,20.24,0.1632,-0.0301,0.2321,-0.0436,0.2679,-0.1387
5.3056,311.86,-1131.49,71.14,-31.46,69.99,19.28,0.1524,0.0272,0.2191,-0.0382,0.2635,-0.1364
5.3471,311.76,-1131.89,71.28,-32.35,70.82,18.36,0.1417,0.0815,0.1894,-0.0341,0.2586,-0.1353
5.3891,311.65,-1131.91,71.42,-31.72,72.94,17.38,0.1305,0.1302,0.1497,-0.0314,0.2514,-0.1353
5.4312,311.41,-1132.02,71.65,-31.28,76.41,15.37,0.1219,0.1702,0.1043,-0.0301,0.2451,-0.1352
5.4728,311.20,-1132.21,71.89,-31.27,80.67,12.71,0.1142,0.2029,0.0580,-0.0285,0.2399,-0.1362
5.5150,310.88,-1132.47,72.27,-30.86,85.81,9.55,0.1077,0.2314,0.0059,-0.0271,0.2349,-0.1381
5.5562,310.55,-1132.58,72.74,-29.40,92.05,5.45,0.1027,0.2462,-0.0446,-0.0260,0.2298,-0.1419
5.5980,310.31,-1132.97,73.19,-27.86,97.15,1.19,0.0950,0.2538,-0.0824,-0.0277,0.2274,-0.1470
5.6402,310.04,-1133.12,73.66,-26.20,102.29,-2.82,0.0860,0.2562,-0.1093,-0.0307,0.2230,-0.1550
5.6816,309.89,-1133.41,74.15,-24.13,107.34,-5.91,0.0790,0.2583,-0.1328,-0.0375,0.2202,-0.1662
5.7236,309.77,-1133.68,74.57,-21.90,112.39,-9.56,0.0784,0.2608,-0.1478,-0.0459,0.2169,-0.1798
5.7652,309.84,-1134.05,74.87,-20.38,117.18,-12.31,0.0746,0.2644,-0.1624,-0.0576,0.2117,-0.1916
5.8063,309.91,-1134.12,75.22,-18.18,122.31,-15.20,0.0700,0.2631,-0.1709,-0.0721,0.1990,-0.2011
5.8482,310.16,-1134.15,75.40,-15.69,127.25,-17.97,0.0643,0.2650,-0.1746,-0.0947,0.1812,-0.2062
5.8905,310.53,-1134.04,75.46,-13.99,132.46,-20.96,0.0584,0.2665,-0.1767,-0.1247,0.1556,-0.2089
5.9317,310.97,-1133.73,75.40,-11.83,137.40,-24.53,0.0536,0.2673,-0.1781,-0.1612,0.1204,-0.2077
5.9734,311.40,-1133.25,75.23,-9.96,142.01,-28.02,0.0504,0.2683,-0.1791,-0.1994,0.0778,-0.2014
6.0146,311.76,-1132.55,74.90,-7.72,145.90,-32.04,0.0484,0.2692,-0.1793,-0.2366,0.0295,-0.1843
6.0559,312.10,-1131.73,74.47,-6.67,148.85,-35.39,0.0467,0.2679,-0.1782,-0.2664,-0.0206,-0.1521
6.0981,312.27,-1130.80,73.98,-5.76,150.34,-38.45,0.0462,0.2648,-0.1753,-0.2837,-0.0674,-0.1045
6.1405,312.31,-1130.00,73.61,-5.15,151.55,-39.61,0.0469,0.2638,-0.1730,-0.2888,-0.1052,-0.0457
6.1822,312.25,-1129.23,73.35,-4.82,151.77,-40.79,0.0478,0.2599,-0.1712,-0.2779,-0.1333,0.0177
6.2236,312.17,-1128.54,73.05,-4.84,150.85,-42.04,0.0488,0.2563,-0.1694,-0.2520,-0.1419,0.0762
6.2652,312.12,-1128.20,72.77,-5.61,150.07,-42.86,0.0507,0.2576,-0.1675,-0.2247,-0.1358,0.1234
6.3078,312.15,-1127.95,72.49,-6.65,149.64,-42.68,0.0520,0.2576,-0.1639,-0.2002,-0.1161,0.1585
6.3498,312.24,-1127.88,72.34,-7.86,148.35,-43.24,0.0531,0.2583,-0.1600,-0.1816,-0.0842,0.1836
6.3918,312.49,-1128.08,72.20,-9.77,147.68,-42.22,0.0535,0.2598,-0.1541,-0.1681,-0.0442,0.1958
6.4330,312.75,-1128.18,72.01,-11.44,145.69,-41.04,0.0542,0.2582,-0.1471,-0.1586,0.0026,0.1953
6.4748,312.95,-1128.35,71.91,-12.95,143.44,-40.18,0.0565,0.2554,-0.1420,-0.1520,0.0544,0.1780
6.5166,313.17,-1128.52,71.74,-14.94,140.78,-38.35,0.0600,0.2514,-0.1365,-0.1455,0.1031,0.1482
6.5587,313.25,-1128.73,71.64,-16.56,137.81,-37.03,0.0651,0.2479,-0.1336,-0.1370,0.1487,0.1064
6.6005,313.22,-1129.06,71.68,-18.83,134.84,-34.26,0.0728,0.2453,-0.1322,-0.1233,0.1856,0.0594
6.6422,313.12,-1129.17,71.62,-21.21,130.67,-31.08,0.0817,0.2413,-0.1319,-0.1034,0.2150,0.0125
6.6838,313.09,-1129.15,71.45,-23.96,125.86,-26.44,0.0914,0.2347,-0.1311,-0.0809,0.2278,-0.0312
6.7257,313.11,-1129.02,71.18,-26.41,119.32,-22.15,0.1011,0.2272,-0.1295,-0.0598,0.2335,-0.0692
6.7675,313.21,-1128.97,70.99,-28.70,112.78,-17.20,0.1090,0.2205,-0.1278,-0.0490,0.2364,-0.0989
6.8096,313.37,-1129.02,70.83,-30.22,106.28,-11.18,0.1140,0.2145,-0.1275,-0.0436,0.2391,-0.1224
6.8516,313.44,-1129.19,70.91,-30.79,101.38,-5.81,0.1183,0.2093,-0.1300,-0.0388,0.2386,-0.1414
6.8936,313.57,-1129.40,70.99,-30.60,97.21,-1.31,0.1208,0.2067,-0.1310,-0.0364,0.2381,-0.1528
6.9353,313.64,-1129.64,71.11,-30.62,93.98,2.24,0.1198,0.2060,-0.1340,-0.0358,0.2375,-0.1601
6.9771,313.66,-1129.94,71.15,-30.64,91.85,4.60,0.1169,0.2056,-0.1348,-0.0367,0.2399,-0.1611
7.0189,313.69,-1130.21,71.20,-30.89,89.86,6.72,0.1117,0.2054,-0.1379,-0.0348,0.2414,-0.1592
7.0606,313.65,-1130.39,71.26,-30.67,88.26,8.23,0.1084,0.2022,-0.1407,-0.0314,0.2415,-0.1544
7.1023,313.51,-1130.59,71.24,-30.85,86.86,9.37,0.1079,0.1987,-0.1445,-0.0273,0.2418,-0.1483
7.1437,313.32,-1130.77,71.20,-31.07,85.85,10.67,0.1117,0.1948,-0.1491,-0.0244,0.2429,-0.1435
7.1855,313.04,-1130.79,71.13,-31.64,84.88,11.20,0.1185,0.1849,-0.1533,-0.0227,0.2435,-0.1401
7.2272,312.73,-1130.75,70.94,-32.39,83.13,11.93,0.1284,0.1672,-0.1583,-0.0209,0.2438,-0.1384
7.2694,312.33,-1130.65,70.61,-33.56,81.02,13.30,0.1461,0.1414,-0.1652,-0.0187,0.2436,-0.1376
7.3110,311.88,-1130.47,70.23,-35.06,79.14,14.82,0.1725,0.1084,-0.1684,-0.0172,0.2448,-0.1386
7.3521,311.50,-1130.14,69.79,-36.27,77.04,16.43,0.2012,0.0689,-0.1687,-0.0174,0.2448,-0.1405
7.3941,311.15,-1129.76,69.37,-37.46,74.82,18.09,0.2324,0.0227,-0.1627,-0.0190,0.2446,-0.1429
7.4361,310.88,-1129.31,68.83,-38.40,73.25,19.61,0.2620,-0.0253,-0.1493,-0.0204,0.2449,-0.1445
7.4780,310.65,-1128.89,68.35,-39.73,71.90,20.86,0.2860,-0.0728,-0.1236,-0.0216,0.2456,-0.1466
7.5200,310.54,-1128.47,67.93,-40.90,70.86,21.59,0.3024,-0.1174,-0.0948,-0.0237,0.2458,-0.1487
7.5617,310.48,-1127.99,67.63,-41.31,70.65,21.28,0.3129,-0.1639,-0.0578,-0.0257,0.2455,-0.1515
7.6034,310.62,-1127.64,67.46,-41.22,70.74,20.76,0.3101,-0.2045,-0.0160,-0.0290,0.2466,-0.1544
7.6454,310.82,-1127.43,67.41,-40.89,69.88,20.83,0.2978,-0.2353,0.0314,-0.0328,0.2486,-0.1567
7.6873,311.02,-1127.46,67.31,-41.19,69.13,20.04,0.2780,-0.2490,0.0796,-0.0366,0.2518,-0.1573
7.7295,311.22,-1127.49,67.20,-41.89,68.96,18.10,0.2528,-0.2501,0.1240,-0.0397,0.2534,-0.1562
7.7708,311.40,-1127.69,66.95,-42.69,68.73,15.26,0.2328,-0.2378,0.1627,-0.0409,0.2544,-0.1532
7.8124,311.63,-1128.12,66.54,-44.80,67.55,12.62,0.2174,-0.2088,0.1915,-0.0427,0.2577,-0.1464
7.8550,311.86,-1128.58,66.04,-47.64,66.59,10.70,0.2079,-0.1729,0.2134,-0.0429,0.2592,-0.1386
7.8980,312.18,-1128.93,65.49,-49.67,65.73,10.01,0.1989,-0.1278,0.2275,-0.0427,0.2580,-0.1310
7.9404,312.44,-1129.32,64.98,-51.85,64.59,9.95,0.1919,-0.0789,0.2309,-0.0426,0.2560,-0.1245
7.9828,312.68,-1129.63,64.49,-53.29,64.44,9.36,0.1904,-0.0351,0.2319,-0.0427,0.2529,-0.1190
8.0245,312.91,-1129.90,64.12,-54.57,64.56,8.85,0.1851,0.0140,0.2185,-0.0428,0.2499,-0.1144
8.0665,313.04,-1130.11,63.82,-55.52,65.77,7.61,0.1807,0.0636,0.1968,-0.0420,0.2461,-0.1106
8.1087,313.19,-1130.21,63.63,-56.58,67.76,6.83,0.1746,0.1122,0.1639,-0.0415,0.2407,-0.1089
8.1513,313.29,-1130.13,63.45,-57.25,70.73,5.24,0.1635,0.1517,0.1206,-0.0421,0.2335,-0.1076
8.1926,313.36,-1129.94,63.31,-57.49,74.54,3.18,0.1471,0.1826,0.0755,-0.0427,0.2267,-0.1075
8.2344,313.36,-1129.68,63.27,-57.63,78.25,0.35,0.1291,0.2042,0.0291,-0.0435,0.2195,-0.1080
8.2760,313.34,-1129.18,63.16,-56.57,83.23,-2.99,0.1112,0.2135,-0.0115,-0.0438,0.2135,-0.1085
8.3180,313.21,-1128.90,63.23,-55.90,87.60,-7.77,0.0970,0.2206,-0.0472,-0.0439,0.2080,-0.1111
8.3599,312.94,-1128.54,63.30,-54.62,93.13,-12.87,0.0867,0.2219,-0.0724,-0.0444,0.2038,-0.1148
8.4016,312.65,-1128.18,63.67,-52.73,98.75,-17.12,0.0787,0.2223,-0.0900,-0.0484,0.1997,-0.1228
8.4431,312.23,-1127.90,64.12,-49.29,104.25,-22.02,0.0748,0.2218,-0.1011,-0.0565,0.1948,-0.1328
8.4841,311.92,-1127.84,64.82,-46.95,109.82,-25.50,0.0727,0.2232,-0.1122,-0.0687,0.1889,-0.1441
8.5250,311.60,-1127.61,65.55,-43.20,114.78,-28.42,0.0725,0.2234,-0.1191,-0.0833,0.1766,-0.1526
8.5652,311.32,-1127.58,66.41,-39.42,120.01,-31.12,0.0731,0.2261,-0.1245,-0.1027,0.1591,-0.1594
8.6060,311.08,-1127.50,67.26,-35.41,125.66,-33.66,0.0740,0.2289,-0.1265,-0.1282,0.1351,-0.1648
8.6469,310.95,-1127.59,68.05,-30.95,131.55,-36.40,0.0730,0.2351,-0.1277,-0.1590,0.1035,-0.1679
8.6878,311.03,-1127.73,68.72,-27.03,138.11,-38.94,0.0715,0.2432,-0.1282,-0.1928,0.0654,-0.1662
8.7301,311.28,-1127.85,69.24,-23.35,143.28,-41.86,0.0699,0.2507,-0.1278,-0.2289,0.0203,-0.1555
8.7714,311.58,-1127.90,69.62,-20.18,148.13,-44.22,0.0680,0.2569,-0.1293,-0.2603,-0.0251,-0.1334
8.8131,311.83,-1127.81,69.95,-17.42,151.66,-46.14,0.0672,0.2605,-0.1300,-0.2794,-0.0728,-0.0974
8.8555,312.03,-1127.66,70.17,-15.31,153.94,-47.40,0.0656,0.2640,-0.1313,-0.2868,-0.1155,-0.0507
8.8967,312.09,-1127.42,70.36,-13.45,154.67,-48.42,0.0642,0.2662,-0.1333,-0.2792,-0.1483,0.0022
8.9388,312.16,-1127.34,70.46,-12.65,155.06,-49.20,0.0628,0.2685,-0.1351,-0.2595,-0.1652,0.0569
8.9809,312.13,-1127.25,70.45,-12.51,155.12,-49.62,0.0612,0.2696,-0.1368,-0.2384,-0.1654,0.1071
9.0226,312.09,-1127.24,70.41,-13.11,154.60,-50.17,0.0589,0.2707,-0.1376,-0.2163,-0.1490,0.1503
9.0644,312.14,-1127.44,70.15,-14.20,154.65,-49.54,0.0567,0.2711,-0.1366,-0.1953,-0.1174,0.1807
9.1062,312.20,-1127.56,69.96,-15.44,154.02,-49.65,0.0550,0.2687,-0.1362,-0.1779,-0.0803,0.1950
9.1475,312.40,-1127.64,69.64,-16.94,152.74,-48.98,0.0532,0.2643,-0.1351,-0.1670,-0.0369,0.1990
9.1900,312.70,-1127.68,69.41,-18.73,150.56,-48.42,0.0523,0.2597,-0.1353,-0.1583,0.0080,0.1874
9.2317,313.04,-1127.76,69.10,-21.12,147.18,-48.09,0.0539,0.2551,-0.1346,-0.1528,0.0537,0.1638
9.2730,313.49,-1128.00,68.69,-25.18,143.27,-46.96,0.0573,0.2522,-0.1319,-0.1499,0.0979,0.1423
9.3146,313.94,-1128.17,68.28,-29.64,138.60,-43.78,0.0638,0.2487,-0.1261,-0.1455,0.1415,0.1159
9.3560,314.25,-1128.03,68.05,-33.01,132.47,-40.74,0.0719,0.2425,-0.1189,-0.1362,0.1769,0.0802
9.3981,314.67,-1127.94,67.67,-36.15,125.87,-36.06,0.0782,0.2366,-0.1104,-0.1242,0.2028,0.0414
9.4401,315.04,-1127.80,67.21,-39.39,118.75,-32.22,0.0844,0.2308,-0.1020,-0.1100,0.2173,0.0026
9.4820,315.56,-1127.70,66.66,-42.80,110.91,-26.50,0.0875,0.2257,-0.0951,-0.0987,0.2281,-0.0330
9.5237,316.28,-1127.54,66.05,-45.59,102.08,-19.81,0.0875,0.2203,-0.0896,-0.0920,0.2279,-0.0649
9.5655,316.92,-1127.62,65.81,-47.72,94.43,-13.09,0.0861,0.2179,-0.0880,-0.0868,0.2291,-0.0930
9.6074,317.39,-1127.50,65.70,-48.28,89.78,-9.34,0.0836,0.2126,-0.0882,-0.0817,0.2255,-0.1092
9.6491,317.79,-1127.38,65.70,-47.64,86.18,-6.76,0.0804,0.2082,-0.0900,-0.0788,0.2236,-0.1181
9.6913,317.98,-1127.37,65.72,-47.03,84.04,-5.26,0.0779,0.2050,-0.0948,-0.0783,0.2255,-0.1201
9.7333,317.95,-1127.48,65.75,-47.04,82.50,-4.23,0.0778,0.2000,-0.1012,-0.0760,0.2257,-0.1208
9.7749,317.76,-1127.55,65.86,-47.13,81.30,-2.69,0.0823,0.1905,-0.1107,-0.0734,0.2258,-0.1213
9.8168,317.33,-1127.67,66.01,-47.29,79.77,-1.31,0.0929,0.1759,-0.1228,-0.0692,0.2293,-0.1231
9.8589,316.84,-1127.57,66.21,-46.87,78.82,0.72,0.1129,0.1544,-0.1361,-0.0651,0.2312,-0.1261
9.9005,316.24,-1127.50,66.31,-46.26,77.59,1.91,0.1363,0.1248,-0.1478,-0.0591,0.2336,-0.1304
9.9424,315.66,-1127.44,66.37,-46.50,76.17,3.76,0.1628,0.0862,-0.1601,-0.0532,0.2373,-0.1360
9.9843,315.04,-1127.27,66.31,-46.90,73.98,5.13,0.1913,0.0392,-0.1670,-0.0465,0.2403,-0.1419
10.0257,314.59,-1126.98,66.17,-46.96,71.47,8.16,0.2180,-0.0140,-0.1702,-0.0401,0.2408,-0.1483
10.0686,314.25,-1126.67,65.98,-47.09,68.40,11.42,0.2384,-0.0732,-0.1656,-0.0345,0.2401,-0.1541
10.1111,314.08,-1126.50,65.70,-47.43,65.36,15.05,0.2546,-0.1316,-0.1531,-0.0299,0.2404,-0.1584
10.1537,314.04,-1126.37,65.50,-47.80,62.57,17.39,0.2644,-0.1873,-0.1273,-0.0273,0.2418,-0.1623
10.1956,314.14,-1126.27,65.34,-47.78,60.04,19.71,0.2653,-0.2333,-0.0848,-0.0271,0.2445,-0.1653
10.2373,314.32,-1126.30,65.17,-47.65,57.55,22.00,0.2589,-0.2630,-0.0317,-0.0282,0.2472,-0.1672
10.2787,314.53,-1126.42,65.08,-47.70,54.89,24.03,0.2479,-0.2777,0.0266,-0.0302,0.2513,-0.1695
10.3204,314.74,-1126.62,64.95,-47.50,53.07,25.25,0.2383,-0.2750,0.0830,-0.0333,0.2553,-0.1700
10.3622,314.96,-1126.90,65.02,-47.70,51.78,26.32,0.2259,-0.2581,0.1368,-0.0356,0.2580,-0.1711
10.4038,315.17,-1127.08,65.05,-47.81,52.35,25.82,0.2091,-0.2197,0.1834,-0.0403,0.2598,-0.1700
10.4458,315.33,-1127.47,65.06,-47.87,53.36,24.56,0.1993,-0.1693,0.2186,-0.0438,0.2616,-0.1675
10.4873,315.36,-1127.90,65.12,-48.77,54.15,23.85,0.1876,-0.1090,0.2429,-0.0458,0.2624,-0.1629
10.5297,315.27,-1128.27,65.13,-49.08,56.19,22.51,0.1742,-0.0452,0.2479,-0.0450,0.2617,-0.1577
10.5719,315.09,-1128.76,65.16,-49.32,58.13,21.62,0.1585,0.0132,0.2348,-0.0437,0.2595,-0.1531
10.6140,314.74,-1129.26,65.27,-50.03,60.08,20.86,0.1455,0.0669,0.2067,-0.0413,0.2561,-0.1491
10.6560,314.37,-1129.59,65.43,-50.21,63.74,19.47,0.1299,0.1168,0.1671,-0.0380,0.2517,-0.1458
10.6977,313.94,-1129.62,65.66,-49.83,68.64,17.00,0.1210,0.1544,0.1282,-0.0349,0.2437,-0.1430
10.7398,313.41,-1129.73,65.97,-49.33,74.59,13.18,0.1113,0.1859,0.0797,-0.0316,0.2361,-0.1421
10.7816,312.94,-1129.67,66.41,-47.98,82.23,9.39,0.1019,0.2074,0.0260,-0.0297,0.2277,-0.1439
10.8227,312.44,-1129.70,67.05,-45.75,88.04,4.19,0.0951,0.2192,-0.0225,-0.0300,0.2211,-0.1483
10.8634,312.01,-1129.64,67.60,-43.11,94.08,1.05,0.0892,0.2229,-0.0638,-0.0315,0.2154,-0.1548
10.9039,311.54,-1129.79,68.14,-40.75,99.27,-3.62,0.0857,0.2252,-0.0927,-0.0351,0.2111,-0.1618
10.9446,311.09,-1129.94,68.59,-38.94,105.27,-7.18,0.0862,0.2270,-0.1144,-0.0393,0.2069,-0.1693
10.9855,310.67,-1130.20,69.06,-36.83,111.06,-11.93,0.0882,0.2290,-0.1265,-0.0444,0.2029,-0.1779
11.0269,310.35,-1130.51,69.46,-35.05,117.32,-15.61,0.0875,0.2325,-0.1361,-0.0510,0.1983,-0.1867
11.0685,310.08,-1130.71,69.82,-32.61,124.27,-19.97,0.0857,0.2348,-0.1420,-0.0611,0.1869,-0.1957
11.1099,309.99,-1130.87,70.16,-29.43,131.38,-24.40,0.0827,0.2381,-0.1451,-0.0785,0.1703,-0.2012
11.1515,310.17,-1130.98,70.43,-26.58,138.71,-28.69,0.0787,0.2433,-0.1471,-0.1046,0.1463,-0.2018
11.1932,310.48,-1130.95,70.69,-23.34,144.83,-32.62,0.0748,0.2480,-0.1487,-0.1365,0.1132,-0.1959
11.2347,310.92,-1130.69,70.84,-20.34,149.29,-35.21,0.0696,0.2511,-0.1519,-0.1746,0.0743,-0.1820
11.2771,311.45,-1130.23,70.95,-18.08,152.28,-36.29,0.0643,0.2536,-0.1557,-0.2106,0.0291,-0.1585
11.3192,311.90,-1129.57,70.95,-16.05,153.81,-36.91,0.0592,0.2548,-0.1612,-0.2420,-0.0182,-0.1239
11.3598,312.31,-1128.73,70.86,-14.60,153.94,-37.82,0.0562,0.2533,-0.1666,-0.2672,-0.0623,-0.0788
11.4014,312.64,-1127.88,70.67,-14.13,153.07,-38.70,0.0541,0.2521,-0.1706,-0.2771,-0.0969,-0.0229
11.4434,312.93,-1127.03,70.42,-14.63,151.47,-40.01,0.0526,0.2479,-0.1729,-0.2721,-0.1214,0.0365
11.4853,313.19,-1126.25,70.09,-15.75,149.27,-40.80,0.0521,0.2436,-0.1728,-0.2531,-0.1293,0.0914
11.5268,313.44,-1125.46,69.81,-17.25,146.33,-41.22,0.0530,0.2394,-0.1713,-0.2296,-0.1265,0.1378
11.5685,313.94,-1124.84,69.37,-19.45,142.58,-40.19,0.0532,0.2369,-0.1667,-0.2030,-0.1091,0.1716
11.6100,314.41,-1124.39,69.06,-21.55,138.89,-38.81,0.0545,0.2361,-0.1624,-0.1805,-0.0785,0.1930
11.6518,314.96,-1124.09,68.67,-23.72,135.08,-38.17,0.0576,0.2359,-0.1555,-0.1624,-0.0362,0.2000
11.6940,315.39,-1124.08,68.31,-26.22,131.85,-37.55,0.0611,0.2363,-0.1480,-0.1474,0.0118,0.1929
11.7357,315.91,-1124.26,67.77,-29.55,129.04,-35.93,0.0636,0.2346,-0.1395,-0.1369,0.0632,0.1777
11.7773,316.20,-1124.53,67.38,-32.74,126.00,-35.63,0.0670,0.2316,-0.1335,-0.1285,0.1154,0.1484
11.8196,316.57,-1124.91,66.98,-36.34,122.58,-32.76,0.0701,0.2283,-0.1284,-0.1218,0.1660,0.1110
11.8612,316.80,-1125.17,66.66,-39.18,118.08,-29.92,0.0749,0.2242,-0.1243,-0.1114,0.2046,0.0670
11.9034,317.12,-1125.43,66.26,-41.99,113.33,-25.49,0.0788,0.2199,-0.1202,-0.0940,0.2288,0.0198
11.9450,317.31,-1125.33,65.91,-43.71,107.85,-22.72,0.0825,0.2109,-0.1181,-0.0752,0.2399,-0.0268
11.9870,317.63,-1125.46,65.67,-45.46,102.38,-18.56,0.0857,0.2038,-0.1185,-0.0652,0.2473,-0.0702
12.0280,317.88,-1125.31,65.45,-45.88,96.62,-14.60,0.0908,0.1932,-0.1204,-0.0630,0.2411,-0.1070
12.0701,318.19,-1125.46,65.33,-46.26,91.36,-9.86,0.0962,0.1867,-0.1237,-0.0585,0.2348,-0.1362
12.1121,318.39,-1125.45,65.24,-46.78,87.38,-6.54,0.1008,0.1791,-0.1289,-0.0526,0.2256,-0.1506
12.1539,318.55,-1125.64,65.15,-46.87,83.33,-3.72,0.1013,0.1743,-0.1352,-0.0458,0.2228,-0.1576
12.1961,318.56,-1125.90,65.09,-47.90,80.12,-0.13,0.1025,0.1698,-0.1401,-0.0397,0.2225,-0.1582
12.2385,318.47,-1126.01,65.00,-48.45,76.40,3.43,0.1048,0.1594,-0.1436,-0.0320,0.2229,-0.1564
12.2810,318.22,-1126.11,64.87,-48.75,72.19,7.77,0.1125,0.1382,-0.1465,-0.0260,0.2235,-0.1536
12.3235,317.74,-1126.16,64.78,-49.72,68.56,11.36,0.1337,0.1091,-0.1489,-0.0212,0.2268,-0.1517
12.3658,317.27,-1126.05,64.64,-49.59,64.80,14.86,0.1593,0.0702,-0.1506,-0.0185,0.2314,-0.1512
12.4081,316.68,-1125.84,64.58,-49.77,61.62,18.21,0.1852,0.0226,-0.1520,-0.0158,0.2347,-0.1533
12.4500,316.14,-1125.43,64.38,-49.16,59.81,20.27,0.2101,-0.0325,-0.1470,-0.0160,0.2365,-0.1551
12.4915,315.57,-1125.05,64.11,-49.32,58.92,21.28,0.2327,-0.0894,-0.1362,-0.0161,0.2382,-0.1574
12.5337,315.16,-1124.65,63.69,-49.71,58.53,22.16,0.2513,-0.1445,-0.1094,-0.0177,0.2391,-0.1592
12.5757,314.78,-1124.22,63.32,-50.55,59.11,21.94,0.2643,-0.1905,-0.0712,-0.0209,0.2403,-0.1617
12.6181,314.63,-1123.87,62.99,-50.39,59.78,21.36,0.2706,-0.2233,-0.0213,-0.0269,0.2425,-0.1643
12.6600,314.51,-1123.78,62.82,-50.69,60.00,21.16,0.2682,-0.2402,0.0356,-0.0330,0.2450,-0.1677
12.7014,314.42,-1123.76,62.80,-51.29,59.26,21.28,0.2579,-0.2386,0.0961,-0.0381,0.2465,-0.1710
12.7431,314.34,-1123.72,62.79,-51.01,60.46,20.01,0.2424,-0.2199,0.1502,-0.0430,0.2467,-0.1728
12.7849,314.28,-1123.74,62.82,-50.47,60.20,19.80,0.2216,-0.1907,0.1931,-0.0472,0.2470,-0.1738
12.8269,314.14,-1123.97,62.97,-50.23,60.35,19.97,0.2016,-0.1504,0.2225,-0.0500,0.2473,-0.1734
12.8688,313.91,-1124.24,63.11,-50.15,60.14,20.31,0.1831,-0.1048,0.2360,-0.0496,0.2465,-0.1723
12.9105,313.55,-1124.56,63.27,-50.20,61.22,20.02,0.1691,-0.0546,0.2360,-0.0471,0.2440,-0.1704
12.9521,313.15,-1124.97,63.47,-49.91,63.19,19.25,0.1583,-0.0018,0.2247,-0.0433,0.2410,-0.1679
12.9943,312.62,-1125.52,63.72,-50.31,65.98,17.55,0.1508,0.0503,0.2022,-0.0381,0.2386,-0.1647
13.0361,312.06,-1125.99,64.01,-50.59,69.45,15.69,0.1400,0.0985,0.1688,-0.0314,0.2346,-0.1618
13.0781,311.31,-1126.23,64.18,-50.62,76.79,11.67,0.1262,0.1351,0.1309,-0.0242,0.2261,-0.1582
13.1199,310.71,-1126.54,64.34,-50.82,84.23,6.97,0.1129,0.1680,0.0870,-0.0200,0.2177,-0.1553
13.1611,310.13,-1126.91,64.44,-51.05,90.96,2.26,0.1032,0.1907,0.0435,-0.0177,0.2108,-0.1532
13.2030,309.70,-1127.25,64.58,-51.07,97.35,-1.82,0.0980,0.2088,-0.0002,-0.0169,0.2048,-0.1542
13.2453,309.17,-1127.56,64.82,-50.56,103.04,-6.82,0.0981,0.2182,-0.0395,-0.0166,0.1996,-0.1581
13.2869,308.79,-1127.83,65.14,-48.75,108.36,-10.53,0.0998,0.2240,-0.0771,-0.0179,0.1940,-0.1643
13.3290,308.36,-1128.07,65.61,-47.38,113.29,-14.51,0.1036,0.2249,-0.1044,-0.0204,0.1898,-0.1712
13.3696,308.02,-1128.22,66.16,-44.20,118.08,-17.74,0.1036,0.2262,-0.1171,-0.0249,0.1854,-0.1774
13.4105,307.88,-1128.50,66.83,-41.39,123.32,-21.36,0.1013,0.2307,-0.1298,-0.0338,0.1804,-0.1833
13.4511,307.88,-1128.75,67.61,-37.71,128.92,-25.36,0.1000,0.2340,-0.1362,-0.0478,0.1709,-0.1881
13.4918,308.14,-1128.94,68.59,-32.91,134.47,-28.64,0.0962,0.2384,-0.1457,-0.0701,0.1539,-0.1940
13.5325,308.64,-1129.24,69.63,-27.69,139.70,-31.94,0.0910,0.2440,-0.1561,-0.1002,0.1306,-0.2006
13.5737,309.30,-1129.42,70.48,-22.22,144.00,-33.79,0.0847,0.2499,-0.1669,-0.1374,0.0989,-0.2067
13.6148,310.06,-1129.55,71.15,-17.83,147.27,-35.60,0.0782,0.2545,-0.1765,-0.1797,0.0603,-0.2084
13.6565,310.85,-1129.56,71.51,-14.36,150.83,-36.69,0.0714,0.2583,-0.1839,-0.2211,0.0177,-0.1999
13.6980,311.46,-1129.45,71.72,-11.39,153.87,-38.60,0.0668,0.2619,-0.1885,-0.2568,-0.0270,-0.1772
13.7395,311.94,-1129.14,71.65,-9.40,156.21,-39.86,0.0628,0.2633,-0.1896,-0.2841,-0.0702,-0.1408
13.7814,312.23,-1128.63,71.49,-8.23,157.14,-41.03,0.0607,0.2611,-0.1893,-0.2972,-0.1102,-0.0899
13.8231,312.36,-1128.16,71.27,-7.68,157.15,-42.12,0.0608,0.2580,-0.1885,-0.2947,-0.1368,-0.0324
13.8651,312.38,-1127.84,71.09,-8.71,156.89,-42.89,0.0621,0.2548,-0.1885,-0.2839,-0.1485,0.0243
13.9066,312.24,-1127.53,70.85,-9.32,156.09,-43.37,0.0650,0.2515,-0.1877,-0.2637,-0.1414,0.0778
13.9487,312.21,-1127.45,70.50,-11.16,155.31,-43.49,0.0671,0.2495,-0.1865,-0.2451,-0.1153,0.1196
13.9906,312.19,-1127.39,70.07,-13.49,154.40,-44.25,0.0697,0.2475,-0.1832,-0.2243,-0.0801,0.1498
14.0322,312.23,-1127.47,69.66,-15.53,153.59,-44.96,0.0719,0.2468,-0.1788,-0.2041,-0.0375,0.1665
14.0742,312.48,-1127.79,69.15,-18.16,153.02,-44.55,0.0747,0.2470,-0.1717,-0.1858,0.0094,0.1706
14.1164,312.84,-1128.07,68.67,-21.08,151.75,-45.83,0.0770,0.2465,-0.1634,-0.1688,0.0558,0.1609
14.1587,313.23,-1128.09,68.24,-23.93,148.83,-44.94,0.0789,0.2428,-0.1551,-0.1524,0.0999,0.1387
14.2002,313.66,-1128.09,67.70,-26.80,144.62,-44.65,0.0819,0.2376,-0.1460,-0.1362,0.1409,0.1069
14.2414,314.17,-1128.08,67.01,-30.91,140.00,-43.28,0.0851,0.2328,-0.1372,-0.1202,0.1753,0.0666
14.2837,314.88,-1127.65,66.09,-36.30,132.69,-41.03,0.0891,0.2241,-0.1276,-0.1059,0.1980,0.0237
14.3254,315.64,-1127.28,65.12,-40.98,123.73,-35.96,0.0950,0.2161,-0.1195,-0.0926,0.2128,-0.0173
14.3672,316.38,-1126.94,64.33,-44.72,115.63,-30.59,0.1027,0.2079,-0.1140,-0.0790,0.2197,-0.0560
14.4099,317.22,-1126.63,63.60,-47.96,107.27,-25.17,0.1093,0.2000,-0.1099,-0.0686,0.2188,-0.0882
14.4510,317.98,-1126.45,63.08,-50.14,99.23,-19.32,0.1137,0.1936,-0.1079,-0.0595,0.2174,-0.1142
14.4928,318.61,-1126.34,62.65,-51.92,92.35,-14.29,0.1153,0.1886,-0.1060,-0.0558,0.2136,-0.1282
14.5359,319.19,-1126.36,62.32,-53.12,87.02,-9.88,0.1126,0.1850,-0.1053,-0.0549,0.2109,-0.1336
14.5784,319.62,-1126.51,62.11,-54.31,82.64,-6.86,0.1078,0.1826,-0.1077,-0.0548,0.2104,-0.1334
14.6207,319.81,-1126.59,62.11,-54.73,80.40,-5.12,0.1036,0.1776,-0.1121,-0.0546,0.2126,-0.1296
14.6628,319.91,-1126.66,62.17,-54.57,78.94,-4.02,0.1018,0.1706,-0.1183,-0.0551,0.2155,-0.1237
14.7044,319.82,-1126.75,62.37,-54.24,77.26,-2.03,0.1048,0.1597,-0.1260,-0.0536,0.2190,-0.1193
14.7478,319.49,-1126.81,62.62,-54.14,75.33,-0.30,0.1132,0.1395,-0.1342,-0.0510,0.2209,-0.1165
14.7895,319.09,-1126.81,62.88,-53.95,72.93,2.76,0.1270,0.1107,-0.1427,-0.0486,0.2230,-0.1160
14.8310,318.52,-1126.58,63.09,-53.37,69.86,5.75,0.1502,0.0725,-0.1516,-0.0468,0.2254,-0.1173
14.8728,317.94,-1126.35,63.17,-52.73,65.93,10.38,0.1794,0.0266,-0.1585,-0.0457,0.2280,-0.1195
14.9142,317.26,-1126.01,63.14,-52.35,62.56,14.08,0.2063,-0.0307,-0.1607,-0.0436,0.2290,-0.1233
14.9559,316.74,-1125.56,63.05,-51.75,60.45,16.75,0.2322,-0.0922,-0.1531,-0.0431,0.2290,-0.1276
14.9977,316.26,-1125.09,62.93,-51.50,60.38,16.99,0.2553,-0.1525,-0.1313,-0.0433,0.2288,-0.1320
15.0679,316.13,-1124.90,62.85,-51.87,61.89,16.14,0.2715,-0.2285,-0.0617,-0.0489,0.2313,-0.1399
15.1099,316.05,-1124.47,62.66,-52.03,64.36,14.25,0.2704,-0.2565,0.0006,-0.0525,0.2312,-0.1416
15.1513,316.16,-1124.51,62.59,-52.12,63.69,13.90,0.2617,-0.2672,0.0620,-0.0569,0.2346,-0.1419
15.1927,316.27,-1124.70,62.59,-52.43,62.14,13.87,0.2452,-0.2680,0.1183,-0.0590,0.2392,-0.1419
15.2346,316.46,-1124.87,62.71,-52.31,59.87,15.25,0.2255,-0.2559,0.1630,-0.0605,0.2417,-0.1412
15.2766,316.53,-1125.05,62.89,-51.71,59.08,16.00,0.2083,-0.2306,0.1968,-0.0598,0.2428,-0.1406
15.3185,316.57,-1125.24,63.05,-51.39,58.91,15.88,0.1981,-0.1939,0.2254,-0.0592,0.2429,-0.1394
15.3604,316.49,-1125.47,63.23,-51.04,59.92,14.66,0.1919,-0.1490,0.2459,-0.0575,0.2421,-0.1384
15.4018,316.35,-1125.86,63.43,-50.83,60.91,13.47,0.1865,-0.0985,0.2526,-0.0548,0.2416,-0.1380
15.4434,316.12,-1126.32,63.69,-50.88,62.60,12.54,0.1846,-0.0430,0.2468,-0.0518,0.2409,-0.1386
15.4856,315.84,-1126.73,63.97,-50.36,63.87,11.13,0.1835,0.0151,0.2283,-0.0498,0.2398,-0.1393
15.5278,315.46,-1127.15,64.32,-50.04,65.78,10.49,0.1831,0.0700,0.1983,-0.0471,0.2376,-0.1409
15.5694,314.98,-1127.44,64.62,-49.54,68.33,9.56,0.1807,0.1202,0.1557,-0.0434,0.2329,-0.1434
15.6112,314.37,-1127.61,65.10,-48.98,72.09,8.22,0.1759,0.1588,0.1068,-0.0401,0.2262,-0.1480
15.6529,313.77,-1127.51,65.48,-46.91,77.15,5.85,0.1595,0.1857,0.0482,-0.0382,0.2179,-0.1525
15.6942,313.08,-1127.71,65.75,-46.12,81.98,3.39,0.1454,0.2076,-0.0096,-0.0358,0.2116,-0.1582
15.7348,312.47,-1127.69,66.02,-45.63,86.54,1.37,0.1334,0.2121,-0.0551,-0.0373,0.2036,-0.1639
15.7755,311.85,-1127.65,66.27,-44.25,91.34,-1.45,0.1237,0.2152,-0.0906,-0.0395,0.1970,-0.1709
15.8160,311.31,-1127.68,66.54,-43.23,95.77,-4.39,0.1149,0.2155,-0.1151,-0.0452,0.1910,-0.1769
15.8567,310.85,-1127.67,66.82,-42.07,100.13,-7.11,0.1074,0.2148,-0.1316,-0.0524,0.1865,-0.1820
15.8982,310.51,-1127.86,67.14,-41.31,104.44,-9.97,0.1028,0.2176,-0.1380,-0.0615,0.1833,-0.1845
15.9397,310.21,-1128.04,67.52,-40.28,109.34,-13.55,0.0978,0.2201,-0.1414,-0.0713,0.1776,-0.1855
15.9822,310.06,-1128.14,67.99,-38.37,114.30,-17.29,0.0929,0.2217,-0.1424,-0.0862,0.1685,-0.1841
16.0233,310.04,-1128.33,68.44,-36.21,120.04,-21.14,0.0871,0.2249,-0.1434,-0.1052,0.1535,-0.1806
16.0647,310.19,-1128.44,68.83,-33.82,125.64,-25.18,0.0814,0.2268,-0.1443,-0.1279,0.1287,-0.1756
16.1061,310.51,-1128.53,69.23,-31.68,131.09,-28.86,0.0753,0.2288,-0.1465,-0.1576,0.0969,-0.1685
16.1480,310.90,-1128.46,69.49,-29.02,135.74,-32.18,0.0690,0.2309,-0.1497,-0.1915,0.0581,-0.1563
16.1900,311.35,-1128.35,69.62,-26.64,139.82,-35.21,0.0626,0.2323,-0.1529,-0.2251,0.0154,-0.1371
16.2318,311.81,-1128.21,69.59,-24.79,143.64,-37.90,0.0561,0.2342,-0.1557,-0.2572,-0.0301,-0.1065
16.2736,312.15,-1127.97,69.55,-22.46,146.95,-40.89,0.0501,0.2361,-0.1597,-0.2822,-0.0746,-0.0687
16.3152,312.44,-1127.68,69.43,-20.68,149.18,-43.94,0.0455,0.2376,-0.1624,-0.2913,-0.1145,-0.0209
16.3569,312.61,-1127.38,69.18,-18.92,150.71,-46.46,0.0414,0.2383,-0.1641,-0.2848,-0.1432,0.0310
16.3998,312.69,-1127.14,68.91,-18.04,151.93,-49.44,0.0385,0.2370,-0.1652,-0.2671,-0.1573,0.0818
16.4412,312.70,-1126.93,68.58,-17.44,152.88,-51.72,0.0368,0.2350,-0.1657,-0.2444,-0.1575,0.1255
16.4831,312.72,-1126.78,68.26,-17.18,153.44,-53.78,0.0349,0.2342,-0.1655,-0.2217,-0.1427,0.1592
16.5253,312.77,-1126.66,67.96,-17.29,153.36,-55.08,0.0335,0.2335,-0.1647,-0.2028,-0.1172,0.1854
16.5676,312.89,-1126.64,67.67,-17.78,152.93,-55.91,0.0326,0.2327,-0.1630,-0.1892,-0.0800,0.2013
16.6093,313.15,-1126.61,67.46,-18.88,152.00,-55.43,0.0318,0.2311,-0.1614,-0.1787,-0.0377,0.2040
16.6513,313.47,-1126.59,67.25,-20.25,150.02,-54.48,0.0319,0.2288,-0.1598,-0.1707,0.0101,0.1954
16.6924,313.84,-1126.65,67.14,-22.07,147.50,-53.84,0.0333,0.2265,-0.1594,-0.1635,0.0580,0.1742
16.7338,314.32,-1126.72,66.99,-25.46,143.65,-52.14,0.0358,0.2255,-0.1577,-0.1545,0.1003,0.1455
16.7752,314.89,-1126.92,66.78,-30.04,138.21,-48.11,0.0379,0.2255,-0.1555,-0.1451,0.1440,0.1140
16.8168,315.33,-1126.84,66.77,-33.83,131.44,-42.44,0.0418,0.2232,-0.1536,-0.1332,0.1787,0.0701
16.8583,315.75,-1126.68,66.66,-36.47,123.69,-36.84,0.0470,0.2190,-0.1482,-0.1213,0.2057,0.0239
16.9008,316.11,-1126.45,66.44,-38.49,116.17,-31.70,0.0516,0.2148,-0.1424,-0.1082,0.2224,-0.0185
16.9419,316.50,-1126.43,66.09,-40.75,109.27,-26.65,0.0555,0.2123,-0.1359,-0.0934,0.2327,-0.0523
16.9839,316.76,-1126.28,65.73,-43.33,104.38,-22.22,0.0602,0.2082,-0.1322,-0.0780,0.2320,-0.0759
17.0259,316.98,-1126.05,65.32,-44.45,99.12,-18.49,0.0655,0.2033,-0.1313,-0.0669,0.2284,-0.0873
17.0677,317.20,-1126.09,65.04,-46.26,95.47,-13.68,0.0709,0.1982,-0.1344,-0.0585,0.2274,-0.0963
17.1099,317.39,-1126.08,64.76,-47.14,91.45,-9.96,0.0756,0.1926,-0.1370,-0.0550,0.2264,-0.1013
17.1516,317.60,-1126.25,64.67,-48.48,87.54,-5.64,0.0776,0.1861,-0.1454,-0.0536,0.2281,-0.1062
17.1935,317.72,-1126.14,64.57,-48.29,84.32,-2.85,0.0826,0.1755,-0.1517,-0.0528,0.2265,-0.1086
17.2359,317.77,-1126.26,64.45,-48.55,81.21,0.64,0.0877,0.1635,-0.1614,-0.0506,0.2269,-0.1108
17.2793,317.61,-1126.29,64.38,-49.01,78.32,2.95,0.0940,0.1413,-0.1758,-0.0475,0.2269,-0.1141
17.3212,317.36,-1126.21,64.31,-49.33,75.98,5.46,0.1070,0.1045,-0.1935,-0.0449,0.2264,-0.1179
17.3635,316.95,-1125.95,64.19,-49.36,74.46,6.89,0.1278,0.0595,-0.2130,-0.0423,0.2263,-0.1227
17.4050,316.50,-1125.61,63.98,-49.62,73.34,8.24,0.1543,0.0090,-0.2318,-0.0409,0.2270,-0.1275
17.4469,315.99,-1125.20,63.71,-50.25,72.37,9.62,0.1844,-0.0480,-0.2447,-0.0396,0.2276,-0.1319
17.4890,315.55,-1124.66,63.42,-50.67,71.36,11.07,0.2134,-0.1106,-0.2422,-0.0396,0.2271,-0.1352
17.5311,315.16,-1124.10,63.14,-50.79,70.20,12.86,0.2363,-0.1724,-0.2182,-0.0406,0.2275,-0.1376
17.5732,314.80,-1123.60,62.92,-50.89,70.48,13.69,0.2534,-0.2217,-0.1781,-0.0420,0.2294,-0.1403
17.6154,314.49,-1123.34,62.74,-51.03,71.12,13.58,0.2655,-0.2556,-0.1253,-0.0436,0.2341,-0.1429
17.6573,314.17,-1123.27,62.64,-51.53,71.40,13.44,0.2723,-0.2721,-0.0668,-0.0428,0.2379,-0.1472
17.6988,313.83,-1123.30,62.62,-52.06,72.09,13.63,0.2768,-0.2708,-0.0076,-0.0415,0.2392,-0.1517
17.7407,313.53,-1123.33,62.57,-52.19,72.77,13.13,0.2755,-0.2571,0.0475,-0.0418,0.2388,-0.1552
17.7827,313.31,-1123.50,62.57,-52.34,72.69,13.46,0.2726,-0.2307,0.0945,-0.0426,0.2394,-0.1580
17.8246,313.14,-1123.76,62.64,-52.72,73.43,12.76,0.2657,-0.1953,0.1319,-0.0438,0.2402,-0.1582
17.8659,313.04,-1124.13,62.77,-52.97,74.03,12.12,0.2558,-0.1526,0.1558,-0.0445,0.2414,-0.1563
17.9081,312.91,-1124.50,63.00,-53.18,74.80,10.92,0.2470,-0.1048,0.1665,-0.0438,0.2425,-0.1530
17.9501,312.83,-1124.97,63.28,-52.82,76.22,9.69,0.2399,-0.0508,0.1671,-0.0432,0.2435,-0.1494
17.9916,312.75,-1125.43,63.59,-52.79,78.22,7.97,0.2314,0.0077,0.1590,-0.0440,0.2427,-0.1455
18.0339,312.70,-1125.90,63.87,-52.24,80.55,5.76,0.2188,0.0629,0.1408,-0.0452,0.2413,-0.1412
18.0753,312.70,-1126.21,64.15,-51.91,83.16,4.35,0.1975,0.1123,0.1179,-0.0469,0.2379,-0.1370
18.1170,312.64,-1126.43,64.35,-50.94,86.02,2.06,0.1702,0.1514,0.0906,-0.0490,0.2328,-0.1330
18.1591,312.57,-1126.61,64.56,-50.37,89.56,-0.12,0.1413,0.1780,0.0589,-0.0522,0.2279,-0.1304
18.2009,312.44,-1126.71,64.87,-49.49,93.14,-3.84,0.1200,0.1980,0.0259,-0.0569,0.2216,-0.1304
18.2427,312.34,-1126.75,65.18,-47.80,97.16,-6.95,0.1008,0.2101,-0.0116,-0.0627,0.2152,-0.1322
18.2833,312.23,-1126.75,65.60,-46.05,100.31,-10.37,0.0856,0.2165,-0.0494,-0.0693,0.2086,-0.1367
18.3255,311.96,-1126.84,66.03,-43.89,103.89,-13.81,0.0727,0.2183,-0.0807,-0.0754,0.2023,-0.1417
18.3654,311.70,-1127.01,66.54,-42.15,107.88,-17.05,0.0602,0.2187,-0.1067,-0.0816,0.1970,-0.1485
18.4060,311.22,-1127.00,67.08,-39.07,112.31,-20.38,0.0523,0.2169,-0.1217,-0.0869,0.1897,-0.1542
18.4469,310.89,-1127.32,67.55,-36.56,117.50,-22.82,0.0464,0.2204,-0.1303,-0.0926,0.1844,-0.1601
18.4880,310.40,-1127.55,68.07,-33.84,123.32,-26.30,0.0440,0.2243,-0.1345,-0.0996,0.1739,-0.1637
18.5291,310.05,-1127.86,68.53,-30.81,129.27,-29.82,0.0426,0.2282,-0.1373,-0.1091,0.1582,-0.1647
18.5707,309.69,-1128.10,69.04,-27.03,135.97,-33.20,0.0442,0.2326,-0.1401,-0.1213,0.1331,-0.1650
18.6123,309.53,-1128.30,69.50,-22.68,142.61,-36.64,0.0463,0.2380,-0.1442,-0.1429,0.0986,-0.1629
18.6539,309.49,-1128.47,69.88,-17.83,148.58,-39.59,0.0489,0.2431,-0.1493,-0.1699,0.0573,-0.1594
18.6954,309.67,-1128.64,70.04,-13.95,153.86,-42.03,0.0506,0.2491,-0.1531,-0.1988,0.0107,-0.1482
18.7375,309.83,-1128.59,70.07,-10.86,157.96,-44.82,0.0536,0.2533,-0.1578,-0.2290,-0.0383,-0.1274
18.7797,309.85,-1128.33,69.96,-8.66,160.25,-46.88,0.0585,0.2548,-0.1629,-0.2517,-0.0912,-0.0923
18.8224,309.73,-1128.09,69.77,-7.63,161.18,-48.92,0.0655,0.2550,-0.1669,-0.2639,-0.1385,-0.0453
18.8641,309.48,-1127.79,69.51,-7.59,161.35,-50.10,0.0731,0.2544,-0.1697,-0.2567,-0.1776,0.0108
18.9060,309.22,-1127.60,69.21,-8.28,160.75,-51.06,0.0809,0.2520,-0.1698,-0.2336,-0.1991,0.0692
18.9477,309.16,-1127.56,68.82,-9.81,160.35,-51.14,0.0853,0.2502,-0.1693,-0.2072,-0.2034,0.1236
18.9894,309.09,-1127.36,68.50,-10.96,159.08,-51.71,0.0895,0.2470,-0.1679,-0.1792,-0.1981,0.1671
19.0306,309.34,-1127.29,68.15,-12.58,158.08,-50.90,0.0897,0.2467,-0.1658,-0.1621,-0.1798,0.1990
19.0728,309.69,-1127.20,67.78,-14.44,156.55,-51.34,0.0881,0.2474,-0.1636,-0.1529,-0.1467,0.2207
19.1148,310.15,-1127.13,67.38,-16.87,154.64,-50.99,0.0855,0.2466,-0.1605,-0.1477,-0.1014,0.2351
19.1568,310.69,-1127.09,66.87,-19.72,152.05,-50.15,0.0825,0.2439,-0.1560,-0.1450,-0.0476,0.2390
19.1982,311.26,-1126.98,66.37,-23.13,148.75,-49.02,0.0797,0.2395,-0.1506,-0.1427,0.0092,0.2329
19.2397,311.95,-1126.99,65.85,-26.91,145.38,-46.89,0.0768,0.2331,-0.1447,-0.1416,0.0665,0.2108
19.2815,312.62,-1126.95,65.42,-30.64,141.16,-45.58,0.0746,0.2270,-0.1407,-0.1403,0.1184,0.1741
19.3236,313.36,-1126.88,65.15,-34.02,136.40,-43.03,0.0731,0.2209,-0.1389,-0.1370,0.1681,0.1309
19.3648,314.12,-1126.76,64.86,-36.79,130.56,-40.07,0.0733,0.2149,-0.1379,-0.1279,0.2065,0.0769
19.4065,314.79,-1126.47,64.67,-39.35,124.38,-36.79,0.0741,0.2082,-0.1383,-0.1118,0.2310,0.0220
19.4483,315.51,-1126.25,64.45,-41.60,117.22,-32.67,0.0744,0.2014,-0.1393,-0.0920,0.2449,-0.0294
19.4901,316.27,-1126.01,64.26,-43.61,110.49,-26.88,0.0738,0.1955,-0.1409,-0.0720,0.2436,-0.0738
19.5317,316.98,-1125.75,64.17,-45.40,103.83,-22.20,0.0734,0.1888,-0.1430,-0.0559,0.2378,-0.1074
19.5739,317.60,-1125.55,64.13,-46.18,97.64,-16.79,0.0734,0.1830,-0.1470,-0.0439,0.2291,-0.1334
19.6154,318.10,-1125.47,64.05,-47.14,92.58,-12.16,0.0751,0.1789,-0.1487,-0.0401,0.2225,-0.1458
19.6569,318.48,-1125.42,64.09,-47.94,89.20,-8.51,0.0772,0.1743,-0.1528,-0.0405,0.2226,-0.1516
19.6987,318.70,-1125.29,64.07,-47.82,85.91,-5.74,0.0827,0.1666,-0.1556,-0.0430,0.2224,-0.1513
19.7414,318.78,-1125.41,64.15,-48.65,83.03,-2.32,0.0884,0.1549,-0.1614,-0.0426,0.2241,-0.1502
19.7847,318.76,-1125.42,64.22,-49.32,79.82,0.47,0.0967,0.1332,-0.1668,-0.0424,0.2257,-0.1480
19.8263,318.38,-1125.27,64.33,-49.48,76.19,4.66,0.1132,0.1023,-0.1727,-0.0393,0.2275,-0.1479
19.8685,317.88,-1125.21,64.39,-49.60,73.16,7.97,0.1361,0.0666,-0.1783,-0.0355,0.2308,-0.1496
19.9105,317.35,-1125.12,64.52,-49.96,69.55,11.71,0.1626,0.0238,-0.1830,-0.0320,0.2345,-0.1538
19.9523,316.76,-1124.75,64.59,-49.09,67.22,14.17,0.1922,-0.0241,-0.1828,-0.0299,0.2349,-0.1573
19.9947,316.14,-1124.47,64.55,-48.38,65.83,15.89,0.2267,-0.0728,-0.1743,-0.0281,0.2360,-0.1597
20.0365,315.51,-1124.22,64.51,-47.97,64.73,18.19,0.2593,-0.1267,-0.1533,-0.0273,0.2372,-0.1629
20.0785,314.87,-1123.81,64.56,-47.58,64.36,20.55,0.2829,-0.1804,-0.1201,-0.0283,0.2363,-0.1664
20.1198,314.32,-1123.47,64.64,-46.26,65.45,22.05,0.2977,-0.2239,-0.0761,-0.0302,0.2368,-0.1704
20.1614,313.86,-1123.37,64.69,-45.65,66.45,21.91,0.2945,-0.2534,-0.0198,-0.0336,0.2386,-0.1737
20.2026,313.49,-1123.47,64.74,-45.83,67.14,21.70,0.2886,-0.2608,0.0351,-0.0373,0.2411,-0.1767
20.2443,313.20,-1123.59,64.81,-45.77,67.35,21.07,0.2775,-0.2548,0.0869,-0.0402,0.2433,-0.1791
20.2853,312.98,-1123.84,64.86,-46.00,67.64,20.47,0.2668,-0.2373,0.1301,-0.0413,0.2448,-0.1800
20.3268,312.86,-1124.24,64.93,-46.21,67.97,20.33,0.2553,-0.2066,0.1650,-0.0392,0.2447,-0.1796
20.3691,312.76,-1124.73,64.98,-46.98,68.49,19.22,0.2366,-0.1582,0.1857,-0.0370,0.2443,-0.1774
20.4111,312.71,-1125.21,65.05,-47.30,69.13,17.97,0.2250,-0.1064,0.1998,-0.0349,0.2423,-0.1745
20.4534,312.73,-1125.80,65.14,-47.34,70.23,17.19,0.2128,-0.0472,0.2054,-0.0324,0.2394,-0.1709
20.4954,312.74,-1126.45,65.25,-47.12,71.14,17.25,0.1961,0.0101,0.1930,-0.0295,0.2366,-0.1674
20.5367,312.72,-1127.26,65.54,-47.84,71.83,17.75,0.1785,0.0660,0.1717,-0.0273,0.2346,-0.1646
20.5788,312.78,-1127.85,65.82,-47.68,73.99,17.64,0.1609,0.1163,0.1413,-0.0260,0.2312,-0.1629
20.6205,312.77,-1128.24,66.13,-47.12,76.77,15.98,0.1439,0.1576,0.1020,-0.0255,0.2260,-0.1623
20.6622,312.76,-1128.66,66.44,-46.74,80.25,13.91,0.1271,0.1919,0.0567,-0.0261,0.2222,-0.1634
20.7031,312.68,-1129.03,66.73,-46.40,83.29,11.20,0.1128,0.2139,0.0070,-0.0272,0.2186,-0.1661
20.7440,312.58,-1129.20,67.02,-45.79,86.87,9.02,0.1020,0.2256,-0.0414,-0.0301,0.2136,-0.1694
20.7852,312.43,-1129.44,67.31,-45.27,90.19,6.15,0.0948,0.2240,-0.0854,-0.0320,0.2089,-0.1737
20.8270,312.21,-1129.43,67.52,-44.05,94.01,3.19,0.0880,0.2163,-0.1139,-0.0360,0.2024,-0.1768
20.8684,312.05,-1129.60,67.77,-42.94,98.04,-0.46,0.0845,0.2148,-0.1354,-0.0415,0.1982,-0.1798
20.9101,311.79,-1129.82,68.04,-42.28,103.14,-4.91,0.0884,0.2134,-0.1442,-0.0476,0.1935,-0.1823
20.9521,311.62,-1129.91,68.35,-40.50,109.13,-10.72,0.0897,0.2133,-0.1479,-0.0578,0.1857,-0.1832
20.9932,311.40,-1130.06,68.71,-37.59,116.01,-16.46,0.0896,0.2145,-0.1472,-0.0704,0.1738,-0.1831
21.0354,311.43,-1130.38,69.02,-35.20,123.54,-22.26,0.0868,0.2180,-0.1448,-0.0898,0.1557,-0.1809
21.0766,311.54,-1130.52,69.33,-32.25,130.52,-27.79,0.0837,0.2216,-0.1418,-0.1156,0.1296,-0.1771
21.1187,311.78,-1130.57,69.46,-28.98,136.59,-32.00,0.0807,0.2241,-0.1380,-0.1483,0.0985,-0.1700
21.1605,312.19,-1130.60,69.39,-26.44,141.94,-36.51,0.0771,0.2270,-0.1350,-0.1842,0.0631,-0.1593
21.2021,312.77,-1130.38,69.10,-24.81,146.21,-40.36,0.0726,0.2287,-0.1332,-0.2182,0.0158,-0.1397
21.2442,313.34,-1130.09,68.67,-23.55,148.85,-44.04,0.0690,0.2304,-0.1317,-0.2484,-0.0315,-0.1134
21.2864,313.85,-1129.59,68.27,-22.68,151.14,-46.09,0.0649,0.2315,-0.1313,-0.2709,-0.0795,-0.0807
21.3287,314.23,-1128.98,67.80,-21.18,152.05,-48.25,0.0612,0.2319,-0.1303,-0.2809,-0.1267,-0.0369
21.3704,314.66,-1128.44,67.33,-20.28,152.92,-50.32,0.0555,0.2335,-0.1301,-0.2800,-0.1597,0.0137
21.4120,314.89,-1127.96,66.90,-18.80,153.46,-53.37,0.0509,0.2339,-0.1300,-0.2664,-0.1796,0.0674
21.4542,315.30,-1127.55,66.48,-17.63,154.56,-55.14,0.0451,0.2345,-0.1307,-0.2517,-0.1810,0.1144
21.4960,315.48,-1127.05,66.17,-16.35,153.63,-57.97,0.0410,0.2333,-0.1320,-0.2307,-0.1688,0.1512
21.5383,315.68,-1126.75,65.91,-16.03,152.61,-59.08,0.0374,0.2316,-0.1334,-0.2126,-0.1383,0.1754
21.5799,315.88,-1126.67,65.70,-16.74,151.78,-59.02,0.0336,0.2308,-0.1357,-0.1994,-0.0986,0.1898
21.6214,316.02,-1126.67,65.55,-18.42,151.00,-58.62,0.0325,0.2290,-0.1384,-0.1882,-0.0531,0.1905
21.6634,316.14,-1126.76,65.43,-20.13,149.26,-57.24,0.0340,0.2267,-0.1404,-0.1797,-0.0034,0.1814
21.7046,316.39,-1127.01,65.36,-22.83,147.59,-55.63,0.0370,0.2244,-0.1408,-0.1729,0.0482,0.1615
21.7463,316.61,-1127.24,65.35,-25.63,145.37,-53.80,0.0426,0.2225,-0.1390,-0.1641,0.0933,0.1326
21.7880,316.89,-1127.46,65.38,-28.39,142.24,-50.54,0.0489,0.2212,-0.1361,-0.1531,0.1368,0.1006
21.8295,317.22,-1127.54,65.42,-30.95,138.60,-48.02,0.0567,0.2171,-0.1316,-0.1377,0.1681,0.0633
21.8709,317.61,-1127.70,65.29,-33.99,133.73,-44.52,0.0632,0.2142,-0.1259,-0.1166,0.1939,0.0272
21.9131,317.95,-1127.78,65.08,-37.63,128.05,-41.11,0.0718,0.2092,-0.1190,-0.0946,0.2126,-0.0064
21.9548,318.43,-1127.90,64.81,-41.49,121.14,-35.50,0.0795,0.2048,-0.1130,-0.0752,0.2240,-0.0367
21.9967,318.73,-1127.83,64.54,-44.71,113.06,-29.85,0.0899,0.1977,-0.1076,-0.0570,0.2277,-0.0657
22.0387,319.25,-1127.82,64.27,-47.08,104.40,-21.48,0.1005,0.1912,-0.1033,-0.0470,0.2264,-0.0886
22.0803,319.58,-1127.88,63.95,-48.84,95.64,-14.82,0.1104,0.1862,-0.1005,-0.0392,0.2249,-0.1033
22.1220,320.03,-1128.14,63.85,-50.52,88.07,-6.69,0.1167,0.1808,-0.1018,-0.0365,0.2252,-0.1134
22.1651,320.28,-1128.20,63.79,-50.27,81.35,-1.30,0.1215,0.1728,-0.1062,-0.0382,0.2251,-0.1161
22.2080,320.37,-1128.37,63.88,-50.11,76.60,3.37,0.1252,0.1616,-0.1149,-0.0383,0.2252,-0.1179
22.2504,320.21,-1128.40,63.99,-49.65,73.76,5.52,0.1297,0.1415,-0.1272,-0.0378,0.2244,-0.1183
22.2925,319.79,-1128.43,64.11,-49.60,72.48,6.87,0.1412,0.1149,-0.1432,-0.0368,0.2250,-0.1189
22.3338,319.15,-1128.38,64.22,-49.57,72.71,6.96,0.1646,0.0851,-0.1596,-0.0367,0.2268,-0.1202
22.3760,318.40,-1128.31,64.30,-49.97,73.86,6.59,0.1926,0.0489,-0.1734,-0.0381,0.2290,-0.1217
22.4183,317.64,-1128.07,64.36,-50.11,74.61,6.11,0.2204,0.0037,-0.1803,-0.0407,0.2304,-0.1232
22.4604,316.91,-1127.74,64.40,-49.80,75.21,6.70,0.2442,-0.0463,-0.1764,-0.0432,0.2299,-0.1255
22.5021,316.20,-1127.40,64.33,-49.64,76.05,6.58,0.2618,-0.0941,-0.1592,-0.0452,0.2296,-0.1263
22.5438,315.51,-1127.18,64.27,-50.21,77.36,5.99,0.2749,-0.1310,-0.1295,-0.0457,0.2299,-0.1285
22.5853,314.92,-1127.03,64.22,-50.32,78.97,4.95,0.2861,-0.1545,-0.0882,-0.0474,0.2303,-0.1306
22.6275,314.45,-1126.99,64.32,-50.31,79.93,4.14,0.2969,-0.1617,-0.0347,-0.0482,0.2317,-0.1342
22.6695,314.16,-1126.98,64.42,-49.46,79.43,4.13,0.2978,-0.1613,0.0228,-0.0489,0.2317,-0.1371
22.7115,313.91,-1127.14,64.54,-49.09,77.30,5.77,0.2920,-0.1523,0.0758,-0.0479,0.2309,-0.1401
22.7527,313.68,-1127.35,64.61,-48.74,75.56,7.29,0.2796,-0.1374,0.1184,-0.0465,0.2302,-0.1423
22.7947,313.41,-1127.58,64.72,-48.53,74.51,8.65,0.2626,-0.1133,0.1481,-0.0445,0.2288,-0.1444
22.8366,313.15,-1127.90,64.79,-48.10,74.46,9.09,0.2447,-0.0776,0.1671,-0.0418,0.2275,-0.1465
22.8787,312.87,-1128.32,64.87,-48.40,74.80,9.36,0.2233,-0.0366,0.1689,-0.0389,0.2267,-0.1486
22.9204,312.59,-1128.76,64.94,-48.64,75.98,8.77,0.2035,0.0084,0.1628,-0.0363,0.2258,-0.1496
22.9623,312.33,-1129.17,64.99,-48.75,76.92,8.25,0.1854,0.0558,0.1466,-0.0335,0.2248,-0.1493
23.0038,312.10,-1129.49,65.03,-48.88,78.64,7.86,0.1685,0.1010,0.1241,-0.0307,0.2217,-0.1487
23.0448,311.87,-1129.73,65.02,-48.93,80.58,7.11,0.1504,0.1440,0.0966,-0.0289,0.2179,-0.1478
23.0867,311.62,-1129.82,64.92,-49.24,83.64,6.33,0.1321,0.1768,0.0651,-0.0280,0.2129,-0.1470
23.1288,311.27,-1129.84,64.75,-49.67,86.68,4.57,0.1150,0.2019,0.0309,-0.0280,0.2077,-0.1467
23.1708,310.91,-1129.70,64.55,-49.94,90.06,3.13,0.0992,0.2156,-0.0079,-0.0291,0.2021,-0.1481
23.2125,310.42,-1129.47,64.46,-49.75,93.86,1.24,0.0898,0.2225,-0.0481,-0.0310,0.1954,-0.1517
23.2544,309.96,-1129.09,64.31,-48.49,98.02,-0.68,0.0848,0.2208,-0.0882,-0.0342,0.1874,-0.1575
23.2962,309.40,-1128.91,64.33,-47.68,101.78,-3.63,0.0854,0.2178,-0.1204,-0.0387,0.1810,-0.1658
23.3374,308.88,-1128.65,64.36,-46.64,105.68,-6.39,0.0883,0.2144,-0.1416,-0.0458,0.1747,-0.1730
23.3779,308.33,-1128.50,64.54,-45.07,110.49,-9.98,0.0917,0.2126,-0.1516,-0.0537,0.1692,-0.1799
23.4182,307.85,-1128.46,64.81,-43.19,116.22,-14.00,0.0938,0.2138,-0.1563,-0.0646,0.1613,-0.1840
23.4590,307.43,-1128.56,65.38,-40.97,123.36,-19.26,0.0948,0.2165,-0.1585,-0.0803,0.1502,-0.1866
23.5002,307.21,-1128.69,66.05,-37.29,131.02,-24.18,0.0938,0.2204,-0.1590,-0.1039,0.1297,-0.1848
23.5418,307.03,-1129.14,66.99,-33.36,139.12,-28.09,0.0917,0.2288,-0.1627,-0.1316,0.1028,-0.1841
23.5836,307.01,-1129.77,67.88,-28.98,147.81,-32.22,0.0882,0.2374,-0.1672,-0.1631,0.0685,-0.1809
23.6252,307.32,-1130.18,68.67,-24.89,154.22,-34.74,0.0818,0.2442,-0.1724,-0.1973,0.0262,-0.1713
23.6670,307.73,-1130.38,69.40,-20.96,159.09,-36.26,0.0745,0.2486,-0.1779,-0.2273,-0.0222,-0.1513
23.7096,308.09,-1130.38,70.02,-17.35,162.22,-38.02,0.0682,0.2519,-0.1824,-0.2519,-0.0724,-0.1217
23.7516,308.45,-1130.16,70.40,-14.31,163.78,-39.35,0.0626,0.2540,-0.1866,-0.2676,-0.1217,-0.0818
23.7936,308.86,-1129.89,70.58,-12.97,165.15,-40.64,0.0590,0.2545,-0.1891,-0.2710,-0.1634,-0.0351
23.8356,309.08,-1129.49,70.63,-12.15,165.56,-42.03,0.0576,0.2549,-0.1911,-0.2614,-0.1943,0.0164
23.8766,309.24,-1129.01,70.51,-12.25,164.89,-43.10,0.0575,0.2531,-0.1909,-0.2426,-0.2086,0.0652
23.9188,309.31,-1128.54,70.31,-12.76,163.43,-43.83,0.0578,0.2515,-0.1886,-0.2166,-0.2023,0.1053
23.9606,309.48,-1128.20,69.94,-14.05,161.93,-44.36,0.0581,0.2517,-0.1840,-0.1936,-0.1812,0.1379
24.0025,309.65,-1127.96,69.44,-16.08,160.72,-45.05,0.0594,0.2525,-0.1778,-0.1747,-0.1490,0.1659
24.0444,309.92,-1127.62,68.76,-18.79,158.59,-44.26,0.0607,0.2505,-0.1702,-0.1589,-0.1139,0.1912
24.0861,310.27,-1127.39,67.94,-22.79,155.26,-44.02,0.0624,0.2465,-0.1619,-0.1465,-0.0703,0.2065
24.1280,310.75,-1127.23,67.14,-27.27,151.94,-42.03,0.0642,0.2414,-0.1544,-0.1389,-0.0219,0.2117
24.1702,311.29,-1127.09,66.44,-30.85,148.00,-41.10,0.0675,0.2360,-0.1476,-0.1348,0.0263,0.2033
24.2119,311.79,-1127.03,65.94,-33.48,144.66,-40.86,0.0712,0.2322,-0.1429,-0.1324,0.0735,0.1803
24.2541,312.49,-1127.06,65.50,-35.63,141.44,-39.88,0.0734,0.2287,-0.1387,-0.1317,0.1214,0.1437
24.2957,313.14,-1126.98,65.29,-36.81,137.52,-40.20,0.0755,0.2244,-0.1365,-0.1282,0.1653,0.0995
24.3372,313.96,-1126.72,65.16,-36.75,132.64,-38.75,0.0757,0.2198,-0.1350,-0.1201,0.1978,0.0522
24.3782,314.84,-1126.51,65.00,-37.22,127.39,-37.85,0.0760,0.2143,-0.1334,-0.1027,0.2199,0.0020
24.4197,315.81,-1126.26,64.77,-37.85,121.44,-35.04,0.0760,0.2074,-0.1318,-0.0857,0.2261,-0.0438
24.4613,316.68,-1126.01,64.57,-39.08,115.06,-32.48,0.0776,0.2010,-0.1301,-0.0765,0.2274,-0.0803
24.5028,317.53,-1125.81,64.36,-39.95,108.49,-28.69,0.0791,0.1945,-0.1294,-0.0701,0.2272,-0.1078
24.5444,318.24,-1125.81,64.17,-41.11,102.75,-24.66,0.0801,0.1886,-0.1285,-0.0635,0.2235,-0.1259
24.5860,318.79,-1125.91,64.03,-42.39,97.66,-21.63,0.0765,0.1836,-0.1295,-0.0539,0.2214,-0.1359
24.6280,319.24,-1126.00,63.99,-43.29,93.33,-17.86,0.0726,0.1792,-0.1311,-0.0483,0.2211,-0.1372
24.6698,319.55,-1126.19,64.00,-44.00,89.88,-14.71,0.0706,0.1751,-0.1356,-0.0443,0.2227,-0.1355
24.7118,319.73,-1126.40,64.02,-44.82,86.32,-11.27,0.0733,0.1694,-0.1419,-0.0433,0.2252,-0.1319
24.7535,319.73,-1126.58,64.04,-45.47,82.53,-7.80,0.0793,0.1578,-0.1503,-0.0417,0.2267,-0.1296
24.7953,319.51,-1126.76,64.14,-46.60,78.11,-3.68,0.0904,0.1362,-0.1610,-0.0403,0.2304,-0.1296
24.8374,319.14,-1126.64,64.26,-46.76,74.15,0.21,0.1093,0.1045,-0.1732,-0.0381,0.2339,-0.1323
24.8794,318.67,-1126.47,64.40,-46.69,70.27,3.94,0.1323,0.0625,-0.1836,-0.0364,0.2365,-0.1371
24.9214,318.13,-1126.10,64.50,-46.19,67.53,6.97,0.1569,0.0137,-0.1891,-0.0354,0.2372,-0.1424
24.9638,317.57,-1125.64,64.56,-45.95,64.75,9.17,0.1759,-0.0460,-0.1833,-0.0352,0.2375,-0.1465
25.0056,317.08,-1125.05,64.55,-45.10,63.31,11.55,0.1916,-0.1047,-0.1717,-0.0345,0.2374,-0.1506
25.0482,316.61,-1124.66,64.56,-44.30,62.16,13.07,0.2108,-0.1534,-0.1521,-0.0351,0.2397,-0.1554
25.0897,316.16,-1124.43,64.64,-44.23,60.19,15.83,0.2239,-0.1961,-0.1211,-0.0360,0.2427,-0.1604
25.1315,315.75,-1124.13,64.74,-43.41,58.92,17.90,0.2334,-0.2287,-0.0791,-0.0375,0.2443,-0.1647
25.1735,315.30,-1123.90,64.85,-42.49,58.20,19.42,0.2375,-0.2469,-0.0263,-0.0392,0.2452,-0.1680
25.2145,314.96,-1123.76,64.94,-41.21,57.46,20.49,0.2377,-0.2463,0.0308,-0.0409,0.2465,-0.1694
25.2561,314.63,-1123.89,65.13,-40.66,56.67,22.45,0.2326,-0.2278,0.0879,-0.0409,0.2491,-0.1707
25.2979,314.25,-1123.97,65.27,-40.00,56.79,22.14,0.2255,-0.1995,0.1357,-0.0405,0.2505,-0.1706
25.3396,313.87,-1124.18,65.46,-39.66,57.10,22.67,0.2179,-0.1624,0.1736,-0.0382,0.2511,-0.1698
25.3813,313.43,-1124.43,65.53,-39.49,57.74,22.27,0.2100,-0.1179,0.1990,-0.0342,0.2503,-0.1676
25.4228,312.96,-1124.78,65.65,-39.97,58.70,22.59,0.2022,-0.0659,0.2090,-0.0292,0.2486,-0.1652
25.4647,312.48,-1125.19,65.74,-39.94,60.28,21.65,0.1938,-0.0103,0.2051,-0.0240,0.2465,-0.1621
25.5060,312.02,-1125.65,65.92,-40.61,61.52,21.58,0.1853,0.0420,0.1861,-0.0198,0.2446,-0.1596
25.5479,311.61,-1126.01,66.05,-40.31,63.55,20.92,0.1763,0.0926,0.1607,-0.0158,0.2427,-0.1572
25.5890,311.24,-1126.22,66.18,-40.36,66.23,20.20,0.1667,0.1361,0.1257,-0.0130,0.2385,-0.1554
25.6310,310.93,-1126.51,66.31,-40.69,69.29,18.82,0.1565,0.1734,0.0842,-0.0121,0.2354,-0.1538
25.6724,310.64,-1126.54,66.36,-40.51,73.29,16.57,0.1459,0.1973,0.0381,-0.0120,0.2304,-0.1521
25.7144,310.39,-1126.73,66.47,-40.84,77.14,14.09,0.1385,0.2145,-0.0101,-0.0130,0.2262,-0.1519
25.7564,310.13,-1126.71,66.58,-40.72,81.54,11.13,0.1324,0.2181,-0.0532,-0.0166,0.2203,-0.1523
25.7983,309.88,-1126.62,66.74,-39.88,86.29,7.00,0.1260,0.2156,-0.0815,-0.0210,0.2152,-0.1539
25.8401,309.63,-1126.71,66.96,-39.62,92.06,2.68,0.1217,0.2163,-0.0965,-0.0276,0.2119,-0.1545
25.8824,309.42,-1126.85,67.26,-38.46,97.47,-2.42,0.1166,0.2169,-0.1060,-0.0338,0.2109,-0.1560
25.9236,309.29,-1127.17,67.63,-37.78,103.02,-6.39,0.1140,0.2170,-0.1116,-0.0409,0.2100,-0.1577
25.9655,309.20,-1127.49,68.05,-36.37,108.47,-10.44,0.1114,0.2194,-0.1165,-0.0470,0.2058,-0.1617
26.0074,309.16,-1127.95,68.55,-34.72,113.89,-14.59,0.1069,0.2231,-0.1221,-0.0525,0.1985,-0.1710
26.0492,309.26,-1128.39,69.05,-32.59,120.11,-18.93,0.1020,0.2267,-0.1273,-0.0620,0.1825,-0.1842
26.0907,309.61,-1128.88,69.54,-30.15,126.38,-23.04,0.0962,0.2313,-0.1336,-0.0753,0.1566,-0.2003
26.1323,310.13,-1129.21,69.94,-27.01,132.39,-27.08,0.0899,0.2365,-0.1400,-0.0969,0.1181,-0.2147
26.1741,310.76,-1129.37,70.27,-23.54,137.69,-30.41,0.0833,0.2415,-0.1470,-0.1256,0.0735,-0.2227
26.2162,311.36,-1129.45,70.46,-19.88,142.53,-34.28,0.0768,0.2468,-0.1540,-0.1570,0.0263,-0.2217
26.2575,312.07,-1129.36,70.48,-17.06,146.42,-36.94,0.0696,0.2526,-0.1606,-0.1916,-0.0198,-0.2069
26.2994,312.68,-1129.04,70.33,-14.53,149.22,-39.49,0.0636,0.2561,-0.1660,-0.2218,-0.0650,-0.1790
26.3406,313.20,-1128.56,70.10,-12.73,151.04,-41.47,0.0576,0.2576,-0.1712,-0.2404,-0.1103,-0.1358
26.3828,313.58,-1128.00,69.92,-11.21,151.34,-43.04,0.0525,0.2566,-0.1763,-0.2532,-0.1457,-0.0859
26.4244,313.91,-1127.53,69.68,-10.36,151.01,-45.03,0.0487,0.2556,-0.1798,-0.2548,-0.1691,-0.0232
26.4664,314.29,-1127.10,69.41,-10.41,150.62,-46.07,0.0445,0.2533,-0.1814,-0.2432,-0.1752,0.0417
26.5082,314.54,-1126.60,69.18,-9.73,149.03,-46.80,0.0427,0.2502,-0.1812,-0.2259,-0.1615,0.1006
26.5498,314.91,-1126.34,68.85,-10.40,147.48,-47.66,0.0411,0.2498,-0.1785,-0.2070,-0.1337,0.1533
26.5912,315.29,-1126.17,68.50,-11.50,145.75,-47.37,0.0414,0.2482,-0.1733,-0.1886,-0.0931,0.1932
26.6333,315.74,-1126.15,68.21,-13.71,143.53,-46.52,0.0421,0.2466,-0.1678,-0.1716,-0.0433,0.2159
26.6749,316.17,-1126.13,67.93,-15.89,140.70,-45.09,0.0448,0.2432,-0.1617,-0.1535,0.0091,0.2185
26.7170,316.67,-1126.21,67.65,-18.85,137.33,-43.03,0.0492,0.2385,-0.1555,-0.1378,0.0645,0.2047
26.7586,317.17,-1126.24,67.43,-21.69,133.49,-40.70,0.0537,0.2325,-0.1505,-0.1230,0.1150,0.1733
26.8000,317.57,-1126.39,67.30,-24.30,129.33,-38.48,0.0605,0.2279,-0.1470,-0.1108,0.1640,0.1296
26.8420,318.04,-1126.58,67.18,-27.46,125.27,-35.59,0.0683,0.2246,-0.1433,-0.1049,0.2047,0.0768
26.8843,318.44,-1126.44,67.13,-29.14,120.31,-32.16,0.0753,0.2182,-0.1391,-0.0980,0.2296,0.0224
26.9262,318.96,-1126.37,66.92,-30.88,115.24,-28.56,0.0801,0.2125,-0.1327,-0.0885,0.2420,-0.0297
26.9679,319.47,-1126.05,66.64,-32.50,110.70,-25.22,0.0836,0.2040,-0.1259,-0.0839,0.2429,-0.0717
27.0094,320.08,-1125.91,66.33,-33.98,105.99,-21.27,0.0846,0.1981,-0.1209,-0.0838,0.2405,-0.0995
27.0516,320.48,-1125.88,66.03,-35.87,102.65,-18.37,0.0855,0.1958,-0.1185,-0.0829,0.2366,-0.1131
27.0934,320.88,-1125.97,65.67,-37.49,99.17,-15.25,0.0834,0.1950,-0.1196,-0.0802,0.2353,-0.1177
27.1355,321.09,-1126.23,65.44,-39.88,95.65,-12.13,0.0801,0.1919,-0.1265,-0.0780,0.2343,-0.1177
27.1774,321.18,-1126.39,65.37,-41.13,91.88,-8.12,0.0795,0.1841,-0.1375,-0.0785,0.2333,-0.1159
27.2191,321.03,-1126.62,65.45,-42.10,87.47,-3.80,0.0821,0.1705,-0.1541,-0.0781,0.2351,-0.1159
27.2609,320.61,-1126.78,65.56,-42.39,83.37,0.63,0.0924,0.1475,-0.1729,-0.0759,0.2367,-0.1174
27.3031,320.01,-1126.85,65.69,-42.70,79.67,4.78,0.1124,0.1213,-0.1914,-0.0732,0.2381,-0.1201
27.3448,319.30,-1126.89,65.84,-42.75,75.98,9.00,0.1362,0.0885,-0.2107,-0.0697,0.2404,-0.1251
27.3869,318.42,-1126.76,65.92,-42.34,72.96,12.46,0.1664,0.0456,-0.2233,-0.0655,0.2400,-0.1305
27.4280,317.53,-1126.48,65.89,-41.94,70.48,15.56,0.1954,-0.0050,-0.2237,-0.0611,0.2390,-0.1352
27.4700,316.68,-1126.02,65.75,-41.38,69.10,18.27,0.2141,-0.0640,-0.2067,-0.0568,0.2374,-0.1392
27.5121,315.90,-1125.58,65.59,-41.01,68.26,19.98,0.2248,-0.1152,-0.1782,-0.0529,0.2358,-0.1430
27.5540,315.28,-1125.21,65.41,-40.77,68.03,22.20,0.2306,-0.1547,-0.1417,-0.0491,0.2355,-0.1471
27.5958,314.68,-1124.99,65.32,-40.88,67.30,23.30,0.2416,-0.1820,-0.1054,-0.0451,0.2366,-0.1520
27.6374,314.21,-1124.89,65.26,-40.78,65.82,25.15,0.2541,-0.1981,-0.0581,-0.0401,0.2388,-0.1570
27.6791,313.75,-1124.83,65.18,-40.36,64.50,26.64,0.2638,-0.2049,-0.0067,-0.0342,0.2403,-0.1600
27.7210,313.36,-1124.95,65.14,-40.42,62.57,29.11,0.2662,-0.1986,0.0454,-0.0273,0.2423,-0.1614
27.7631,312.96,-1125.00,65.04,-40.39,61.28,30.45,0.2603,-0.1842,0.0923,-0.0212,0.2431,-0.1609
27.8055,312.64,-1125.16,64.98,-40.57,61.17,31.33,0.2501,-0.1590,0.1331,-0.0161,0.2437,-0.1591
27.8469,312.32,-1125.43,64.91,-41.53,61.48,30.96,0.2362,-0.1219,0.1640,-0.0123,0.2445,-0.1560
27.8884,312.12,-1125.71,64.92,-41.93,62.22,30.14,0.2182,-0.0790,0.1832,-0.0101,0.2431,-0.1535
27.9306,311.99,-1126.15,64.95,-42.69,63.19,29.37,0.1974,-0.0304,0.1885,-0.0105,0.2427,-0.1506
27.9724,311.93,-1126.67,65.04,-43.34,63.82,28.40,0.1764,0.0192,0.1828,-0.0126,0.2430,-0.1477
28.0147,311.84,-1127.20,65.10,-44.10,64.47,27.82,0.1557,0.0658,0.1688,-0.0151,0.2422,-0.1437
28.0567,311.76,-1127.57,65.08,-44.34,65.68,27.20,0.1360,0.1083,0.1461,-0.0179,0.2399,-0.1389
28.0983,311.57,-1127.78,65.00,-45.08,67.58,26.82,0.1177,0.1428,0.1183,-0.0204,0.2359,-0.1337
28.1419,311.34,-1127.98,64.83,-45.90,69.79,25.89,0.1037,0.1702,0.0873,-0.0225,0.2313,-0.1292
28.1831,311.01,-1128.16,64.65,-46.76,72.67,23.97,0.0945,0.1911,0.0563,-0.0240,0.2269,-0.1265
28.2248,310.62,-1128.32,64.61,-47.68,76.16,21.88,0.0921,0.2074,0.0223,-0.0256,0.2215,-0.1266
28.2664,310.11,-1128.49,64.65,-48.28,80.49,18.51,0.0911,0.2165,-0.0091,-0.0262,0.2167,-0.1292
28.3078,309.59,-1128.62,64.84,-47.89,85.66,14.76,0.0915,0.2190,-0.0341,-0.0280,0.2111,-0.1336
28.3490,309.06,-1128.85,65.13,-47.27,90.81,10.62,0.0912,0.2208,-0.0527,-0.0307,0.2073,-0.1391
28.3901,308.54,-1129.18,65.54,-46.33,96.11,6.44,0.0922,0.2239,-0.0659,-0.0331,0.2065,-0.1453
28.4314,308.16,-1129.68,66.08,-45.21,102.09,1.57,0.0945,0.2290,-0.0707,-0.0350,0.2065,-0.1512
28.4733,307.88,-1130.21,66.71,-44.05,109.51,-3.86,0.0950,0.2352,-0.0754,-0.0356,0.2028,-0.1576
28.5147,307.71,-1130.57,67.42,-41.62,116.80,-10.01,0.0950,0.2399,-0.0783,-0.0391,0.1912,-0.1659
28.5557,307.68,-1130.97,68.12,-38.02,124.30,-16.41,0.0946,0.2461,-0.0793,-0.0490,0.1747,-0.1744
28.5975,307.90,-1131.46,68.84,-34.54,132.58,-22.16,0.0930,0.2534,-0.0822,-0.0650,0.1519,-0.1813
28.6394,308.23,-1131.74,69.60,-29.76,139.69,-27.30,0.0916,0.2593,-0.0884,-0.0862,0.1181,-0.1891
28.6813,308.77,-1131.84,70.19,-25.24,144.74,-31.15,0.0892,0.2653,-0.0970,-0.1114,0.0758,-0.1968
28.7229,309.32,-1131.77,70.61,-21.43,148.59,-34.26,0.0867,0.2706,-0.1067,-0.1383,0.0293,-0.2037
28.7642,309.90,-1131.53,70.81,-18.25,151.25,-36.31,0.0829,0.2749,-0.1170,-0.1659,-0.0203,-0.2054
28.8055,310.41,-1131.21,70.87,-15.69,153.62,-38.03,0.0793,0.2787,-0.1273,-0.1946,-0.0662,-0.1939
28.8473,310.87,-1130.70,70.92,-13.15,155.72,-39.90,0.0760,0.2810,-0.1375,-0.2179,-0.1092,-0.1685
28.8894,311.27,-1130.15,70.79,-10.93,157.03,-41.83,0.0700,0.2819,-0.1457,-0.2352,-0.1490,-0.1329
28.9317,311.60,-1129.59,70.65,-9.45,157.99,-43.90,0.0631,0.2812,-0.1531,-0.2385,-0.1822,-0.0857
28.9730,311.90,-1128.95,70.50,-8.28,157.99,-45.24,0.0550,0.2779,-0.1581,-0.2241,-0.2048,-0.0352
29.0146,312.16,-1128.27,70.33,-7.35,157.17,-45.53,0.0453,0.2745,-0.1616,-0.2057,-0.2140,0.0166
29.0566,312.47,-1127.76,70.13,-6.35,156.97,-46.33,0.0371,0.2719,-0.1628,-0.1865,-0.2100,0.0675
29.0984,312.82,-1127.38,69.83,-5.97,157.25,-47.52,0.0293,0.2714,-0.1623,-0.1709,-0.1901,0.1134
29.1403,313.19,-1126.98,69.47,-6.47,157.05,-48.74,0.0231,0.2703,-0.1598,-0.1581,-0.1601,0.1539
29.1825,313.64,-1126.75,69.09,-7.90,156.56,-49.59,0.0181,0.2690,-0.1566,-0.1508,-0.1172,0.1864
29.2231,314.07,-1126.43,68.75,-9.74,155.04,-49.60,0.0161,0.2648,-0.1526,-0.1476,-0.0638,0.2070
29.2651,314.48,-1126.22,68.39,-11.95,152.20,-49.65,0.0179,0.2589,-0.1471,-0.1456,-0.0041,0.2111
29.3063,314.91,-1126.24,68.00,-14.24,150.31,-49.15,0.0213,0.2550,-0.1415,-0.1449,0.0604,0.2016
29.3483,315.43,-1126.17,67.65,-17.40,147.39,-48.92,0.0256,0.2501,-0.1362,-0.1371,0.1161,0.1677
29.3903,315.98,-1126.12,67.34,-19.61,144.08,-47.92,0.0296,0.2470,-0.1317,-0.1270,0.1640,0.1273
29.4320,316.61,-1126.15,67.06,-23.19,140.57,-47.06,0.0317,0.2461,-0.1295,-0.1134,0.2039,0.0814
29.4738,317.20,-1125.64,66.78,-25.52,135.28,-44.76,0.0355,0.2386,-0.1275,-0.1003,0.2239,0.0333
29.5161,317.86,-1125.24,66.39,-27.72,129.61,-41.66,0.0388,0.2327,-0.1256,-0.0891,0.2304,-0.0070
29.5577,318.59,-1124.95,65.99,-30.59,124.46,-38.94,0.0412,0.2250,-0.1246,-0.0772,0.2317,-0.0370
29.5999,319.16,-1124.73,65.73,-32.50,119.65,-36.23,0.0425,0.2168,-0.1260,-0.0703,0.2309,-0.0552
29.6416,319.83,-1124.69,65.44,-34.80,114.25,-32.65,0.0443,0.2096,-0.1304,-0.0699,0.2321,-0.0623
29.6830,320.36,-1124.89,65.21,-37.35,109.13,-28.73,0.0476,0.2035,-0.1346,-0.0705,0.2349,-0.0659
29.7250,320.89,-1125.17,65.10,-40.24,103.21,-23.53,0.0470,0.1947,-0.1417,-0.0726,0.2373,-0.0678
29.7670,321.17,-1125.63,65.08,-42.24,97.05,-17.94,0.0503,0.1835,-0.1454,-0.0698,0.2382,-0.0712
29.8088,321.37,-1126.09,65.25,-44.30,90.73,-11.20,0.0567,0.1728,-0.1494,-0.0677,0.2383,-0.0771
29.8506,321.27,-1126.47,65.50,-44.73,84.24,-5.49,0.0662,0.1532,-0.1518,-0.0647,0.2392,-0.0857
29.8921,320.99,-1127.07,65.76,-45.53,77.71,1.55,0.0790,0.1273,-0.1551,-0.0616,0.2420,-0.0955
29.9349,320.47,-1127.34,66.07,-45.49,72.39,7.20,0.1013,0.0968,-0.1604,-0.0557,0.2431,-0.1086
29.9765,319.92,-1127.56,66.25,-44.80,67.93,12.65,0.1264,0.0621,-0.1662,-0.0503,0.2450,-0.1239
30.0185,319.27,-1127.61,66.35,-44.24,65.05,15.94,0.1535,0.0209,-0.1692,-0.0461,0.2446,-0.1399
30.0603,318.70,-1127.64,66.37,-43.85,61.97,19.84,0.1787,-0.0229,-0.1666,-0.0422,0.2446,-0.1550
30.1025,318.12,-1127.32,66.36,-43.21,60.52,22.39,0.2009,-0.0708,-0.1584,-0.0382,0.2427,-0.1684
30.1442,317.64,-1127.08,66.23,-42.81,59.41,24.64,0.2185,-0.1187,-0.1403,-0.0371,0.2415,-0.1780
30.1866,317.22,-1126.76,66.01,-42.61,58.52,26.80,0.2300,-0.1622,-0.1165,-0.0370,0.2403,-0.1855
30.2286,316.93,-1126.65,65.79,-43.06,57.93,29.03,0.2339,-0.1982,-0.0807,-0.0383,0.2406,-0.1909
30.2703,316.73,-1126.45,65.53,-43.43,56.78,30.77,0.2311,-0.2166,-0.0364,-0.0399,0.2393,-0.1943
30.3124,316.50,-1126.45,65.33,-43.64,56.59,31.53,0.2271,-0.2166,0.0109,-0.0409,0.2397,-0.1971
30.3539,316.19,-1126.50,65.15,-44.20,55.96,31.40,0.2211,-0.2044,0.0576,-0.0407,0.2400,-0.1983
30.3960,315.80,-1126.46,64.98,-44.38,57.08,29.98,0.2142,-0.1781,0.1016,-0.0386,0.2381,-0.1974
30.4376,315.35,-1126.53,64.84,-44.77,59.14,27.69,0.2059,-0.1404,0.1386,-0.0361,0.2361,-0.1952
30.4797,314.87,-1126.74,64.72,-45.08,61.09,26.60,0.1993,-0.1080,0.1692,-0.0337,0.2347,-0.1918
30.5216,314.39,-1127.12,64.65,-45.64,61.81,26.43,0.1949,-0.0702,0.1899,-0.0312,0.2336,-0.1886
30.5633,313.87,-1127.64,64.65,-46.17,62.10,27.21,0.1860,-0.0223,0.1933,-0.0289,0.2323,-0.1864
30.6054,313.35,-1128.16,64.81,-46.53,63.07,27.69,0.1772,0.0219,0.1863,-0.0279,0.2304,-0.1852
30.6474,312.78,-1128.60,65.06,-46.89,66.07,26.63,0.1679,0.0691,0.1703,-0.0270,0.2276,-0.1835
30.6890,312.28,-1128.80,65.36,-46.53,70.92,23.67,0.1569,0.1118,0.1436,-0.0272,0.2226,-0.1798
30.7313,311.78,-1129.06,65.65,-46.03,76.31,20.05,0.1445,0.1457,0.1069,-0.0272,0.2188,-0.1748
30.7729,311.35,-1129.37,65.97,-45.82,80.67,17.06,0.1128,0.1987,0.0511,-0.0275,0.2151,-0.1701
30.8132,310.86,-1129.61,66.31,-45.43,84.80,13.94,0.1056,0.2121,0.0067,-0.0280,0.2125,-0.1658
30.8547,310.45,-1129.78,66.74,-44.48,88.28,11.62,0.0974,0.2199,-0.0389,-0.0287,0.2102,-0.1634
30.8963,309.87,-1130.09,67.19,-43.35,91.96,8.06,0.0961,0.2183,-0.0706,-0.0299,0.2082,-0.1630
30.9376,309.28,-1130.23,67.69,-41.70,97.20,4.46,0.0920,0.2185,-0.0962,-0.0328,0.2058,-0.1653
30.9792,308.70,-1130.59,68.13,-40.22,103.29,-0.71,0.0911,0.2188,-0.1096,-0.0369,0.2031,-0.1697
31.0204,308.27,-1130.89,68.58,-38.32,109.84,-5.64,0.0922,0.2196,-0.1190,-0.0427,0.1981,-0.1764
31.0619,308.05,-1131.31,69.06,-36.85,116.30,-10.84,0.0926,0.2232,-0.1254,-0.0503,0.1887,-0.1858
31.1047,308.03,-1131.54,69.57,-34.76,122.55,-15.24,0.0930,0.2272,-0.1298,-0.0619,0.1705,-0.1952
31.1461,308.20,-1131.71,69.98,-32.18,128.25,-18.98,0.0916,0.2322,-0.1336,-0.0789,0.1439,-0.2038
31.1869,308.53,-1131.70,70.29,-29.72,133.64,-22.72,0.0895,0.2352,-0.1370,-0.1026,0.1085,-0.2098
31.2284,309.02,-1131.55,70.44,-27.36,138.26,-26.53,0.0859,0.2384,-0.1399,-0.1307,0.0661,-0.2107
31.2703,309.52,-1131.21,70.48,-24.79,142.90,-30.15,0.0825,0.2403,-0.1426,-0.1610,0.0182,-0.2050
31.3120,310.13,-1130.71,70.39,-22.45,146.67,-33.81,0.0793,0.2425,-0.1448,-0.1917,-0.0322,-0.1894
31.3538,310.73,-1130.09,70.14,-19.99,149.52,-37.33,0.0756,0.2437,-0.1464,-0.2170,-0.0820,-0.1638
31.3955,311.27,-1129.36,69.81,-17.77,151.60,-40.47,0.0720,0.2442,-0.1472,-0.2340,-0.1276,-0.1259
31.4371,311.87,-1128.78,69.39,-15.99,153.32,-43.20,0.0674,0.2467,-0.1473,-0.2463,-0.1591,-0.0754
31.4789,312.47,-1128.27,68.94,-14.63,154.99,-45.85,0.0605,0.2480,-0.1475,-0.2459,-0.1707,-0.0148
31.5210,313.01,-1127.70,68.50,-13.34,155.51,-48.02,0.0526,0.2460,-0.1487,-0.2406,-0.1643,0.0435
31.5630,313.56,-1127.23,68.08,-12.72,155.06,-49.90,0.0447,0.2441,-0.1505,-0.2350,-0.1439,0.0962
31.6044,314.04,-1126.88,67.68,-12.79,153.94,-50.88,0.0370,0.2408,-0.1529,-0.2270,-0.1106,0.1388
31.6461,314.52,-1126.60,67.30,-13.87,151.68,-51.05,0.0311,0.2369,-0.1548,-0.2181,-0.0654,0.1701
31.6875,314.93,-1126.48,66.97,-15.59,148.90,-50.78,0.0287,0.2318,-0.1553,-0.2039,-0.0094,0.1834
31.7296,315.34,-1126.47,66.67,-17.90,145.81,-49.73,0.0305,0.2259,-0.1534,-0.1847,0.0506,0.1759
31.7713,315.83,-1126.63,66.37,-20.98,142.42,-48.09,0.0339,0.2217,-0.1495,-0.1638,0.1039,0.1545
31.8130,316.33,-1126.78,66.15,-24.12,138.58,-46.28,0.0400,0.2174,-0.1435,-0.1442,0.1489,0.1161
31.8552,317.00,-1126.82,65.93,-27.77,132.85,-43.00,0.0463,0.2122,-0.1373,-0.1303,0.1889,0.0702
31.8968,317.59,-1126.90,65.85,-30.93,126.74,-38.99,0.0554,0.2065,-0.1310,-0.1189,0.2163,0.0219
31.9385,318.25,-1127.10,65.81,-33.51,119.79,-34.85,0.0639,0.2021,-0.1255,-0.1075,0.2341,-0.0246
31.9804,318.90,-1127.34,65.81,-36.85,112.42,-29.84,0.0725,0.1971,-0.1207,-0.0949,0.2452,-0.0696
32.0226,319.60,-1127.45,65.92,-38.85,103.61,-23.38,0.0785,0.1918,-0.1187,-0.0894,0.2434,-0.1041
32.0639,320.01,-1127.71,66.10,-40.36,95.34,-16.61,0.0838,0.1864,-0.1181,-0.0800,0.2400,-0.1283
32.1054,320.18,-1127.88,66.41,-40.23,88.69,-10.64,0.0878,0.1826,-0.1206,-0.0706,0.2357,-0.1395
32.1473,320.07,-1128.27,66.70,-40.09,84.28,-5.88,0.0909,0.1826,-0.1229,-0.0624,0.2330,-0.1470
32.1893,319.80,-1128.58,67.10,-39.71,80.88,-1.65,0.0903,0.1830,-0.1285,-0.0575,0.2298,-0.1491
32.2314,319.24,-1128.86,67.49,-38.67,79.46,1.50,0.0898,0.1830,-0.1343,-0.0523,0.2274,-0.1502
32.2737,318.48,-1129.16,67.81,-38.01,78.80,3.91,0.0903,0.1814,-0.1412,-0.0486,0.2278,-0.1503
32.3151,317.49,-1129.30,68.04,-37.42,78.83,5.84,0.0947,0.1718,-0.1493,-0.0451,0.2300,-0.1501
32.3561,316.42,-1129.42,68.11,-37.51,78.04,7.91,0.1038,0.1534,-0.1590,-0.0421,0.2326,-0.1505
32.3978,315.26,-1129.33,68.07,-37.90,76.90,10.40,0.1210,0.1240,-0.1704,-0.0381,0.2339,-0.1536
32.4397,314.08,-1129.07,67.92,-37.98,76.12,12.69,0.1476,0.0851,-0.1790,-0.0352,0.2347,-0.1593
32.4816,312.92,-1128.82,67.66,-38.49,74.77,14.87,0.1762,0.0404,-0.1866,-0.0318,0.2353,-0.1662
32.5237,311.87,-1128.45,67.31,-38.69,72.94,17.58,0.2056,-0.0104,-0.1878,-0.0291,0.2343,-0.1734
32.5648,310.91,-1128.07,66.90,-39.01,71.01,21.09,0.2353,-0.0632,-0.1793,-0.0271,0.2327,-0.1791
32.6069,310.06,-1127.49,66.47,-38.78,70.20,24.38,0.2620,-0.1166,-0.1547,-0.0259,0.2289,-0.1838
32.6490,309.32,-1127.09,66.17,-38.47,70.51,27.97,0.2834,-0.1593,-0.1204,-0.0249,0.2278,-0.1890
32.6908,308.77,-1126.92,66.05,-38.32,70.65,29.45,0.2984,-0.1883,-0.0740,-0.0251,0.2289,-0.1954
32.7323,308.47,-1126.87,65.98,-37.88,70.24,30.89,0.3028,-0.2028,-0.0205,-0.0261,0.2295,-0.2009
32.7741,308.23,-1126.92,65.97,-37.55,69.66,31.55,0.2986,-0.2023,0.0313,-0.0251,0.2300,-0.2046
32.8153,308.06,-1126.99,65.95,-37.58,69.30,31.63,0.2848,-0.1896,0.0758,-0.0232,0.2288,-0.2048
32.8576,308.04,-1127.14,65.90,-37.64,69.15,31.61,0.2675,-0.1671,0.1135,-0.0200,0.2287,-0.2022
32.8993,308.08,-1127.43,65.82,-38.61,69.35,30.61,0.2506,-0.1318,0.1413,-0.0169,0.2297,-0.1973
32.9413,308.18,-1127.78,65.74,-39.39,69.29,29.63,0.2293,-0.0913,0.1647,-0.0141,0.2309,-0.1908
32.9830,308.30,-1128.22,65.60,-40.52,69.51,28.24,0.2066,-0.0405,0.1784,-0.0114,0.2310,-0.1827
33.0243,308.46,-1128.71,65.45,-41.78,70.36,26.87,0.1814,0.0120,0.1813,-0.0089,0.2307,-0.1744
33.0663,308.61,-1129.24,65.26,-43.49,71.09,25.46,0.1579,0.0615,0.1713,-0.0077,0.2301,-0.1666
33.1089,308.73,-1129.61,65.07,-44.93,72.68,24.21,0.1399,0.1069,0.1487,-0.0074,0.2276,-0.1596
33.1511,308.66,-1129.70,65.01,-45.96,75.98,22.91,0.1277,0.1483,0.1155,-0.0074,0.2229,-0.1549
33.1915,308.37,-1129.44,64.88,-45.43,81.09,20.00,0.1230,0.1787,0.0768,-0.0090,0.2174,-0.1502
33.2330,307.97,-1129.51,64.92,-45.46,85.28,17.15,0.1213,0.2002,0.0353,-0.0094,0.2164,-0.1482
33.2753,307.45,-1129.42,64.89,-45.67,90.06,14.10,0.1214,0.2124,-0.0032,-0.0111,0.2141,-0.1467
33.3169,306.86,-1129.29,65.03,-45.24,94.56,10.72,0.1196,0.2154,-0.0397,-0.0137,0.2115,-0.1469
33.3587,306.17,-1129.17,65.35,-43.99,99.39,7.22,0.1209,0.2159,-0.0688,-0.0164,0.2083,-0.1503
33.4007,305.55,-1129.19,65.87,-42.22,104.04,3.45,0.1250,0.2198,-0.0884,-0.0211,0.2039,-0.1585
33.4421,305.02,-1129.28,66.48,-39.87,109.48,-0.19,0.1258,0.2260,-0.1094,-0.0276,0.1952,-0.1704
33.4837,304.53,-1129.38,67.23,-36.86,116.24,-6.00,0.1295,0.2245,-0.1227,-0.0401,0.1783,-0.1846
33.5257,304.40,-1129.59,68.03,-33.34,123.33,-11.09,0.1298,0.2289,-0.1335,-0.0592,0.1553,-0.1957
33.5672,304.57,-1129.88,68.84,-30.32,130.41,-16.97,0.1253,0.2336,-0.1404,-0.0862,0.1277,-0.2012
33.6090,304.97,-1129.95,69.53,-26.66,136.48,-21.72,0.1177,0.2367,-0.1454,-0.1183,0.0919,-0.2001
33.6508,305.48,-1129.88,70.13,-22.86,141.78,-25.78,0.1111,0.2408,-0.1493,-0.1513,0.0471,-0.1916
33.6921,306.03,-1129.68,70.63,-18.58,145.85,-28.85,0.1044,0.2452,-0.1529,-0.1842,-0.0003,-0.1778
33.7338,306.75,-1129.52,70.95,-15.28,149.50,-32.33,0.0944,0.2486,-0.1560,-0.2154,-0.0499,-0.1560
33.7759,307.47,-1129.23,71.09,-12.65,152.00,-35.04,0.0826,0.2500,-0.1607,-0.2402,-0.0970,-0.1297
33.8176,308.15,-1128.96,71.12,-10.72,153.62,-37.81,0.0717,0.2500,-0.1664,-0.2550,-0.1421,-0.0924
33.8593,308.84,-1128.66,71.00,-9.61,154.92,-39.33,0.0603,0.2487,-0.1719,-0.2555,-0.1729,-0.0434
33.9006,309.36,-1128.27,70.86,-8.39,154.86,-41.30,0.0502,0.2461,-0.1778,-0.2443,-0.1834,0.0117
33.9425,309.80,-1127.90,70.56,-7.95,154.40,-42.73,0.0406,0.2419,-0.1841,-0.2247,-0.1728,0.0680
33.9843,310.26,-1127.58,70.18,-8.17,153.78,-43.65,0.0330,0.2363,-0.1889,-0.2028,-0.1519,0.1147
34.0261,310.65,-1127.26,69.74,-8.96,152.67,-44.47,0.0275,0.2314,-0.1919,-0.1868,-0.1228,0.1503
34.0680,311.03,-1126.90,69.24,-10.14,150.58,-44.89,0.0242,0.2255,-0.1928,-0.1779,-0.0842,0.1722
34.1109,311.53,-1126.74,68.70,-12.40,148.04,-44.30,0.0232,0.2194,-0.1920,-0.1718,-0.0366,0.1790
34.1514,312.09,-1126.68,68.16,-14.99,144.74,-43.86,0.0259,0.2143,-0.1892,-0.1640,0.0174,0.1732
34.1932,312.72,-1126.79,67.61,-18.41,141.82,-42.71,0.0321,0.2111,-0.1835,-0.1548,0.0705,0.1506
34.2348,313.33,-1126.86,67.11,-21.49,137.64,-42.06,0.0393,0.2071,-0.1771,-0.1438,0.1215,0.1172
34.2765,313.93,-1127.16,66.64,-25.00,133.79,-41.39,0.0501,0.2038,-0.1697,-0.1295,0.1635,0.0760
34.3182,314.55,-1127.29,66.11,-28.44,129.33,-40.26,0.0649,0.1998,-0.1612,-0.1122,0.1942,0.0325
34.3597,315.23,-1127.44,65.45,-32.26,124.27,-37.88,0.0824,0.1955,-0.1509,-0.0942,0.2142,-0.0098
34.4020,315.96,-1127.59,64.89,-36.18,118.60,-34.74,0.0993,0.1909,-0.1418,-0.0790,0.2247,-0.0506
34.4437,316.74,-1127.71,64.40,-39.71,111.47,-30.00,0.1126,0.1859,-0.1334,-0.0693,0.2299,-0.0846
34.4858,317.53,-1127.98,64.03,-42.66,104.19,-24.56,0.1185,0.1818,-0.1267,-0.0626,0.2297,-0.1094
34.5274,318.46,-1128.13,63.79,-44.34,95.81,-18.60,0.1166,0.1773,-0.1234,-0.0551,0.2228,-0.1223
34.5689,319.44,-1128.43,63.89,-44.74,89.23,-12.18,0.1094,0.1743,-0.1282,-0.0473,0.2167,-0.1282
34.6112,320.22,-1128.62,64.05,-43.83,84.39,-8.36,0.1004,0.1668,-0.1393,-0.0462,0.2123,-0.1262
34.6528,320.70,-1129.08,64.37,-43.35,80.73,-4.91,0.0964,0.1577,-0.1529,-0.0474,0.2145,-0.1256
34.6947,320.86,-1129.49,64.77,-43.18,77.96,-2.27,0.0989,0.1439,-0.1676,-0.0512,0.2198,-0.1252
34.7365,320.69,-1129.78,65.27,-42.96,75.47,0.37,0.1079,0.1217,-0.1812,-0.0539,0.2270,-0.1260
34.7783,320.21,-1130.02,65.80,-42.45,73.04,2.97,0.1196,0.0908,-0.1922,-0.0537,0.2330,-0.1284
34.8199,319.58,-1129.96,66.31,-41.60,70.40,6.57,0.1355,0.0528,-0.2023,-0.0517,0.2356,-0.1325
34.8616,318.75,-1129.68,66.71,-40.05,68.58,9.62,0.1562,0.0084,-0.2098,-0.0490,0.2365,-0.1374
34.9035,317.77,-1129.32,66.95,-38.96,67.02,12.42,0.1777,-0.0402,-0.2109,-0.0449,0.2370,-0.1428
34.9451,316.83,-1128.86,67.01,-38.18,65.81,15.56,0.1971,-0.0889,-0.2045,-0.0416,0.2379,-0.1494
34.9870,315.96,-1128.30,66.98,-37.32,64.31,17.84,0.2160,-0.1337,-0.1896,-0.0386,0.2377,-0.1561
35.0287,315.23,-1127.83,66.84,-36.60,62.30,20.38,0.2340,-0.1723,-0.1671,-0.0362,0.2373,-0.1631
35.0706,314.75,-1127.33,66.67,-35.77,60.20,23.01,0.2467,-0.2040,-0.1323,-0.0357,0.2352,-0.1702
35.1118,314.33,-1126.91,66.43,-35.33,58.88,25.47,0.2525,-0.2253,-0.0886,-0.0358,0.2326,-0.1758
35.1539,314.01,-1126.53,66.14,-35.03,58.17,26.92,0.2496,-0.2333,-0.0345,-0.0357,0.2290,-0.1807
35.1958,313.82,-1126.36,66.01,-34.51,57.02,28.97,0.2410,-0.2236,0.0203,-0.0366,0.2270,-0.1854
35.2375,313.50,-1126.33,65.84,-34.52,55.83,29.82,0.2319,-0.2015,0.0698,-0.0370,0.2273,-0.1881
35.2795,313.10,-1126.47,65.73,-34.73,55.82,30.03,0.2213,-0.1692,0.1119,-0.0365,0.2295,-0.1891
35.3215,312.64,-1126.64,65.69,-35.13,56.14,29.58,0.2077,-0.1294,0.1436,-0.0342,0.2303,-0.1889
35.3632,312.18,-1126.85,65.70,-35.19,57.84,28.60,0.1930,-0.0816,0.1615,-0.0309,0.2293,-0.1875
35.4053,311.67,-1127.24,65.74,-35.40,59.92,27.95,0.1776,-0.0290,0.1652,-0.0267,0.2285,-0.1852
35.4467,311.28,-1127.76,65.76,-35.66,61.53,27.24,0.1620,0.0226,0.1571,-0.0239,0.2287,-0.1823
35.4880,310.85,-1128.27,65.75,-36.38,63.21,26.64,0.1498,0.0705,0.1398,-0.0205,0.2265,-0.1783
35.5302,310.41,-1128.71,65.72,-37.08,65.46,25.58,0.1401,0.1149,0.1128,-0.0188,0.2236,-0.1738
35.5719,309.90,-1128.99,65.75,-37.52,68.71,24.15,0.1317,0.1526,0.0800,-0.0183,0.2195,-0.1696
35.6136,309.34,-1129.26,65.84,-37.75,73.15,22.23,0.1246,0.1821,0.0453,-0.0185,0.2150,-0.1675
35.6556,308.77,-1129.56,66.14,-37.97,77.86,19.46,0.1207,0.2046,0.0079,-0.0211,0.2111,-0.1682
35.6968,308.31,-1129.97,66.47,-37.59,82.73,16.16,0.1181,0.2205,-0.0307,-0.0241,0.2082,-0.1709
35.7389,307.86,-1130.40,66.92,-37.45,87.22,12.20,0.1166,0.2289,-0.0679,-0.0282,0.2032,-0.1749
35.7808,307.50,-1130.83,67.48,-36.75,91.62,8.47,0.1121,0.2293,-0.0999,-0.0326,0.1977,-0.1783
35.8227,307.11,-1131.15,68.07,-35.57,96.64,3.90,0.1068,0.2275,-0.1259,-0.0384,0.1923,-0.1796
35.8642,306.80,-1131.51,68.62,-34.19,102.00,-0.62,0.1019,0.2266,-0.1436,-0.0453,0.1878,-0.1802
35.9057,306.60,-1131.86,69.16,-32.82,107.89,-4.79,0.0977,0.2277,-0.1550,-0.0547,0.1807,-0.1820
35.9478,306.57,-1132.18,69.70,-31.47,113.75,-9.84,0.0940,0.2287,-0.1632,-0.0701,0.1686,-0.1862
35.9889,306.69,-1132.45,70.17,-29.52,120.57,-14.53,0.0921,0.2322,-0.1692,-0.0913,0.1506,-0.1898
36.0311,306.86,-1132.59,70.69,-26.63,127.99,-20.37,0.0904,0.2348,-0.1749,-0.1156,0.1260,-0.1923
36.0727,307.26,-1132.63,71.11,-22.72,135.08,-26.04,0.0876,0.2363,-0.1788,-0.1467,0.0954,-0.1897
36.1142,307.77,-1132.53,71.43,-18.41,141.91,-31.67,0.0840,0.2381,-0.1832,-0.1793,0.0586,-0.1809
36.1559,308.42,-1132.22,71.60,-13.63,147.22,-36.69,0.0802,0.2381,-0.1867,-0.2070,0.0137,-0.1605
36.1980,309.15,-1131.62,71.71,-9.97,150.14,-41.10,0.0770,0.2364,-0.1904,-0.2305,-0.0330,-0.1316
36.2399,309.76,-1130.75,71.64,-7.10,150.25,-43.24,0.0752,0.2337,-0.1938,-0.2478,-0.0769,-0.0927
36.2816,310.34,-1130.00,71.40,-6.21,148.93,-44.62,0.0738,0.2322,-0.1958,-0.2566,-0.1101,-0.0457
36.3234,310.93,-1129.43,71.02,-6.74,147.58,-45.12,0.0730,0.2336,-0.1967,-0.2567,-0.1308,0.0075
36.3648,311.54,-1129.01,70.59,-8.52,146.66,-45.35,0.0705,0.2348,-0.1957,-0.2465,-0.1324,0.0574
36.4068,312.18,-1128.72,70.11,-10.62,144.79,-45.21,0.0650,0.2327,-0.1926,-0.2310,-0.1176,0.0962
36.4487,312.83,-1128.59,69.66,-13.31,143.02,-45.08,0.0582,0.2303,-0.1891,-0.2189,-0.0937,0.1223
36.4906,313.46,-1128.46,69.19,-15.67,140.69,-44.72,0.0545,0.2274,-0.1847,-0.2090,-0.0612,0.1377
36.5323,314.14,-1128.56,68.48,-19.49,137.71,-45.11,0.0524,0.2257,-0.1792,-0.1996,-0.0187,0.1434
36.5742,314.78,-1128.91,67.58,-24.58,135.67,-45.12,0.0523,0.2233,-0.1722,-0.1885,0.0334,0.1375
36.6160,315.48,-1129.07,66.89,-28.96,132.70,-42.99,0.0535,0.2197,-0.1665,-0.1758,0.0835,0.1179
36.6580,316.18,-1129.31,66.26,-33.10,128.52,-41.11,0.0561,0.2167,-0.1611,-0.1624,0.1276,0.0893
36.7004,316.83,-1129.41,65.80,-36.35,123.25,-37.61,0.0603,0.2124,-0.1582,-0.1492,0.1665,0.0551
36.7422,317.64,-1129.45,65.47,-39.53,116.26,-33.24,0.0670,0.2068,-0.1568,-0.1359,0.1979,0.0165
36.7837,318.37,-1129.27,65.19,-41.55,107.15,-27.16,0.0772,0.1998,-0.1558,-0.1208,0.2187,-0.0217
36.8252,318.96,-1129.22,64.89,-43.15,98.22,-20.11,0.0893,0.1934,-0.1528,-0.1031,0.2304,-0.0576
36.8671,319.36,-1129.21,64.59,-44.80,91.08,-13.86,0.0996,0.1871,-0.1476,-0.0835,0.2343,-0.0911
36.9094,319.62,-1129.06,64.25,-45.88,85.28,-8.59,0.1078,0.1806,-0.1405,-0.0680,0.2313,-0.1181
36.9512,319.79,-1129.00,63.98,-47.05,81.45,-4.08,0.1122,0.1781,-0.1334,-0.0588,0.2265,-0.1357
36.9923,319.77,-1128.92,63.75,-47.67,79.44,-1.10,0.1118,0.1772,-0.1276,-0.0515,0.2236,-0.1424
37.0353,319.65,-1128.94,63.66,-48.32,79.10,0.21,0.1087,0.1777,-0.1249,-0.0457,0.2231,-0.1439
37.0775,319.36,-1128.86,63.57,-48.55,79.30,0.77,0.1043,0.1763,-0.1246,-0.0431,0.2223,-0.1415
37.1198,318.99,-1128.95,63.55,-48.73,79.95,1.50,0.0999,0.1750,-0.1262,-0.0417,0.2249,-0.1379
37.1615,318.45,-1129.02,63.71,-49.21,80.20,2.64,0.0973,0.1716,-0.1313,-0.0394,0.2257,-0.1361
37.2034,317.80,-1129.00,63.94,-48.76,79.81,4.38,0.0988,0.1614,-0.1369,-0.0372,0.2259,-0.1346
37.2453,316.97,-1128.96,64.24,-48.23,78.99,6.36,0.1054,0.1430,-0.1431,-0.0335,0.2258,-0.1350
37.2870,316.03,-1128.93,64.48,-47.78,78.21,8.85,0.1183,0.1161,-0.1503,-0.0293,0.2269,-0.1370
37.3287,314.97,-1128.85,64.69,-47.72,77.91,10.72,0.1375,0.0825,-0.1563,-0.0249,0.2288,-0.1405
37.3707,313.92,-1128.73,64.92,-47.67,76.95,12.60,0.1618,0.0434,-0.1612,-0.0204,0.2310,-0.1462
37.4126,312.90,-1128.51,65.13,-47.16,76.00,14.54,0.1890,0.0011,-0.1624,-0.0171,0.2323,-0.1521
37.4535,312.02,-1128.16,65.30,-46.04,74.56,16.94,0.2160,-0.0449,-0.1598,-0.0134,0.2334,-0.1582
37.4944,311.30,-1127.83,65.45,-44.74,73.41,18.84,0.2423,-0.0930,-0.1516,-0.0110,0.2338,-0.1648
37.5351,310.77,-1127.65,65.67,-43.90,72.37,19.66,0.2648,-0.1398,-0.1404,-0.0111,0.2357,-0.1736
37.5769,310.50,-1127.42,65.86,-42.45,72.02,19.27,0.2793,-0.1872,-0.1147,-0.0139,0.2370,-0.1834
37.6181,310.41,-1127.36,66.06,-41.56,70.66,19.63,0.2850,-0.2188,-0.0796,-0.0184,0.2387,-0.1939
37.6595,310.49,-1127.45,66.16,-40.92,69.16,20.19,0.2821,-0.2353,-0.0350,-0.0238,0.2404,-0.2026
37.7009,310.66,-1127.67,66.28,-40.47,67.34,21.40,0.2710,-0.2300,0.0147,-0.0283,0.2412,-0.2089
37.7430,310.81,-1128.03,66.39,-40.28,65.03,22.13,0.2563,-0.2087,0.0603,-0.0302,0.2420,-0.2130
37.7848,310.93,-1128.31,66.51,-39.69,63.46,22.76,0.2398,-0.1813,0.1012,-0.0302,0.2418,-0.2151
37.8264,310.93,-1128.69,66.57,-39.24,63.01,22.27,0.2221,-0.1484,0.1335,-0.0278,0.2424,-0.2153
37.8682,310.92,-1129.21,66.61,-39.05,62.77,22.14,0.2068,-0.1088,0.1561,-0.0257,0.2436,-0.2132
37.9098,310.77,-1129.72,66.64,-39.78,63.12,21.58,0.1942,-0.0626,0.1663,-0.0215,0.2434,-0.2093
37.9515,310.63,-1130.20,66.64,-40.12,64.81,20.93,0.1818,-0.0135,0.1628,-0.0169,0.2415,-0.2041
37.9933,310.43,-1130.71,66.56,-40.85,66.49,20.04,0.1708,0.0362,0.1491,-0.0130,0.2391,-0.1979
38.0353,310.23,-1131.22,66.47,-41.94,69.33,19.00,0.1623,0.0875,0.1236,-0.0103,0.2363,-0.1920
38.0765,310.02,-1131.59,66.39,-43.17,73.01,16.79,0.1557,0.1359,0.0913,-0.0087,0.2315,-0.1865
38.1184,309.85,-1131.90,66.46,-44.10,77.68,14.43,0.1489,0.1768,0.0499,-0.0086,0.2268,-0.1825
38.1602,309.66,-1132.09,66.60,-43.94,83.37,10.87,0.1419,0.2059,0.0047,-0.0102,0.2219,-0.1791
38.2026,309.53,-1132.09,66.81,-43.65,88.58,7.21,0.1315,0.2206,-0.0413,-0.0128,0.2155,-0.1766
38.2438,309.35,-1132.05,67.03,-42.62,94.19,3.62,0.1208,0.2238,-0.0854,-0.0163,0.2076,-0.1751
38.2859,309.28,-1131.90,67.17,-41.64,98.68,0.37,0.1122,0.2222,-0.1177,-0.0215,0.1993,-0.1749
38.3277,309.39,-1131.81,67.35,-41.16,101.85,-1.74,0.1060,0.2215,-0.1435,-0.0297,0.1915,-0.1783
38.3692,309.42,-1131.60,67.59,-39.98,105.02,-3.71,0.1039,0.2197,-0.1600,-0.0413,0.1853,-0.1831
38.4109,309.43,-1131.54,67.91,-38.60,109.69,-8.01,0.1006,0.2207,-0.1724,-0.0552,0.1794,-0.1885
38.4532,309.55,-1131.41,68.24,-36.61,114.86,-12.19,0.0966,0.2219,-0.1787,-0.0743,0.1680,-0.1917
38.4946,309.72,-1131.43,68.62,-34.35,121.01,-17.30,0.0917,0.2256,-0.1837,-0.0982,0.1512,-0.1929
38.5363,309.87,-1131.49,69.09,-31.65,128.52,-22.81,0.0869,0.2298,-0.1885,-0.1282,0.1271,-0.1924
38.5777,309.93,-1131.56,69.59,-27.27,136.41,-28.45,0.0828,0.2327,-0.1938,-0.1617,0.0956,-0.1885
38.6188,310.15,-1131.73,70.02,-22.77,144.12,-33.68,0.0784,0.2361,-0.1993,-0.1942,0.0570,-0.1796
38.6609,310.41,-1131.61,70.37,-18.69,149.76,-37.11,0.0745,0.2382,-0.2046,-0.2214,0.0124,-0.1632
38.7029,310.74,-1131.40,70.60,-15.07,153.53,-39.77,0.0713,0.2407,-0.2083,-0.2445,-0.0349,-0.1364
38.7446,311.08,-1131.08,70.71,-12.56,156.06,-41.88,0.0690,0.2438,-0.2103,-0.2572,-0.0809,-0.0970
38.7865,311.39,-1130.60,70.79,-10.85,157.00,-43.44,0.0672,0.2440,-0.2111,-0.2587,-0.1206,-0.0495
38.8285,311.64,-1130.11,70.74,-9.78,156.62,-44.38,0.0655,0.2444,-0.2094,-0.2490,-0.1470,0.0041
38.8708,311.84,-1129.72,70.53,-9.28,156.34,-44.82,0.0642,0.2451,-0.2054,-0.2339,-0.1558,0.0559
38.9122,312.04,-1129.45,70.17,-9.56,156.44,-45.55,0.0635,0.2463,-0.1997,-0.2170,-0.1492,0.0996
38.9545,312.24,-1129.25,69.75,-10.37,156.65,-46.48,0.0631,0.2468,-0.1926,-0.2044,-0.1318,0.1341
38.9960,312.51,-1129.06,69.33,-11.84,155.88,-47.34,0.0626,0.2472,-0.1851,-0.1937,-0.1043,0.1574
39.0376,312.76,-1128.95,69.04,-13.12,154.44,-47.36,0.0634,0.2471,-0.1772,-0.1838,-0.0635,0.1685
39.0794,313.07,-1128.96,68.71,-15.09,152.43,-46.90,0.0637,0.2466,-0.1703,-0.1740,-0.0120,0.1692
39.1216,313.36,-1129.07,68.44,-17.40,150.47,-46.55,0.0649,0.2445,-0.1650,-0.1643,0.0417,0.1580
39.1630,313.77,-1129.22,68.01,-20.40,148.23,-45.02,0.0662,0.2409,-0.1596,-0.1563,0.0936,0.1400
39.2047,314.09,-1129.18,67.64,-23.89,144.92,-44.42,0.0679,0.2344,-0.1565,-0.1475,0.1405,0.1120
39.2462,314.48,-1129.11,67.13,-27.34,140.41,-41.02,0.0700,0.2270,-0.1537,-0.1370,0.1815,0.0786
39.2884,315.02,-1128.90,66.54,-31.53,135.51,-37.65,0.0744,0.2176,-0.1507,-0.1243,0.2081,0.0387
39.3301,315.65,-1128.55,65.98,-35.77,128.80,-33.19,0.0802,0.2086,-0.1482,-0.1082,0.2236,-0.0041
39.3722,316.30,-1128.28,65.45,-39.08,121.73,-28.91,0.0878,0.1996,-0.1466,-0.0914,0.2289,-0.0453
39.4140,316.99,-1128.02,65.21,-42.18,115.10,-24.00,0.0936,0.1899,-0.1491,-0.0779,0.2310,-0.0833
39.4558,317.59,-1127.70,65.06,-43.19,107.47,-19.44,0.1013,0.1803,-0.1520,-0.0676,0.2304,-0.1140
39.4972,318.11,-1127.48,65.11,-43.64,100.84,-13.57,0.1080,0.1739,-0.1570,-0.0584,0.2296,-0.1365
39.5393,318.40,-1127.31,65.19,-43.17,96.08,-10.52,0.1108,0.1680,-0.1620,-0.0488,0.2257,-0.1486
39.5811,318.61,-1127.25,65.38,-43.06,91.96,-6.84,0.1111,0.1640,-0.1658,-0.0418,0.2248,-0.1586
39.6233,318.57,-1127.22,65.58,-42.72,89.27,-4.63,0.1125,0.1607,-0.1698,-0.0369,0.2245,-0.1640
39.6645,318.43,-1127.33,65.75,-42.96,86.82,-1.85,0.1141,0.1538,-0.1739,-0.0338,0.2256,-0.1666
39.7063,318.12,-1127.28,65.89,-43.36,84.28,0.99,0.1181,0.1383,-0.1777,-0.0313,0.2278,-0.1669
39.7483,317.64,-1127.24,66.09,-43.61,81.18,3.90,0.1247,0.1141,-0.1805,-0.0284,0.2302,-0.1677
39.7903,317.03,-1127.04,66.30,-43.31,78.81,6.57,0.1346,0.0810,-0.1827,-0.0258,0.2313,-0.1698
39.8321,316.29,-1126.88,66.44,-42.70,77.00,9.01,0.1495,0.0426,-0.1829,-0.0241,0.2332,-0.1722
39.8740,315.52,-1126.65,66.59,-42.60,75.53,11.00,0.1673,-0.0006,-0.1793,-0.0222,0.2344,-0.1766
39.9153,314.75,-1126.42,66.63,-42.23,74.20,12.85,0.1888,-0.0459,-0.1696,-0.0201,0.2348,-0.1805
39.9573,314.09,-1126.29,66.51,-42.49,72.59,15.21,0.2136,-0.0885,-0.1523,-0.0176,0.2362,-0.1851
39.9994,313.56,-1126.16,66.17,-43.25,70.66,18.30,0.2354,-0.1269,-0.1252,-0.0171,0.2361,-0.1890
40.0410,313.12,-1126.12,65.70,-44.48,68.87,20.70,0.2537,-0.1553,-0.0899,-0.0185,0.2360,-0.1921
40.0831,312.89,-1126.21,65.34,-45.82,66.80,22.69,0.2663,-0.1767,-0.0447,-0.0210,0.2372,-0.1954
40.1254,312.78,-1126.19,65.05,-46.25,64.85,24.03,0.2709,-0.1885,0.0056,-0.0235,0.2371,-0.1986
40.1673,312.72,-1126.32,64.81,-46.46,63.51,25.13,0.2645,-0.1890,0.0553,-0.0261,0.2372,-0.2015
40.2097,312.64,-1126.44,64.65,-46.81,62.66,25.53,0.2498,-0.1790,0.1014,-0.0283,0.2363,-0.2039
40.2519,312.63,-1126.65,64.57,-46.90,62.59,25.78,0.2333,-0.1561,0.1399,-0.0292,0.2359,-0.2056
40.2938,312.57,-1126.94,64.61,-46.77,62.73,25.60,0.2151,-0.1234,0.1664,-0.0281,0.2365,-0.2048
40.3357,312.42,-1127.29,64.68,-46.83,62.93,24.98,0.1968,-0.0852,0.1812,-0.0270,0.2342,-0.2048
40.3770,312.23,-1127.74,64.79,-46.79,63.57,24.17,0.1813,-0.0441,0.1846,-0.0253,0.2328,-0.2028
40.4189,311.98,-1128.15,64.91,-46.76,64.67,23.76,0.1678,-0.0024,0.1768,-0.0232,0.2305,-0.1993
40.4609,311.59,-1128.59,65.02,-46.80,66.38,22.83,0.1570,0.0406,0.1597,-0.0203,0.2280,-0.1955
40.5029,311.18,-1128.92,65.18,-46.95,68.58,22.36,0.1477,0.0838,0.1338,-0.0181,0.2247,-0.1923
40.5449,310.62,-1129.11,65.35,-46.46,72.15,20.80,0.1401,0.1227,0.1033,-0.0159,0.2204,-0.1893
40.5858,310.08,-1129.24,65.57,-46.22,76.18,19.14,0.1318,0.1572,0.0675,-0.0143,0.2160,-0.1879
40.6267,309.44,-1129.36,65.89,-45.34,80.77,16.28,0.1247,0.1857,0.0296,-0.0135,0.2119,-0.1885
40.6680,308.91,-1129.50,66.23,-44.34,85.20,14.16,0.1177,0.2093,-0.0099,-0.0140,0.2091,-0.1901
40.7096,308.38,-1129.70,66.65,-43.57,89.37,11.33,0.1141,0.2252,-0.0482,-0.0144,0.2066,-0.1928
40.7509,307.91,-1129.86,67.09,-42.47,93.26,8.43,0.1081,0.2330,-0.0842,-0.0163,0.2035,-0.1962
40.7926,307.50,-1129.99,67.53,-41.40,97.08,5.33,0.1043,0.2364,-0.1197,-0.0192,0.2001,-0.2001
40.8340,307.09,-1130.14,67.95,-40.17,100.96,1.39,0.0983,0.2323,-0.1423,-0.0249,0.1964,-0.2036
40.8764,306.75,-1130.20,68.37,-38.77,105.53,-2.94,0.0957,0.2317,-0.1598,-0.0327,0.1926,-0.2070
40.9179,306.54,-1130.33,68.74,-37.10,110.43,-7.83,0.0926,0.2335,-0.1672,-0.0440,0.1879,-0.2095
40.9598,306.48,-1130.38,69.02,-35.78,115.84,-12.24,0.0868,0.2345,-0.1693,-0.0581,0.1785,-0.2111
41.0016,306.62,-1130.33,69.26,-33.90,121.29,-16.96,0.0791,0.2353,-0.1688,-0.0770,0.1608,-0.2116
41.0427,306.95,-1130.27,69.42,-32.46,127.08,-21.76,0.0709,0.2376,-0.1682,-0.0990,0.1331,-0.2099
41.0842,307.35,-1130.02,69.59,-30.19,132.76,-26.23,0.0640,0.2385,-0.1684,-0.1262,0.0955,-0.2060
41.1268,307.83,-1129.74,69.73,-27.27,137.57,-31.07,0.0581,0.2401,-0.1708,-0.1555,0.0525,-0.1990
41.1678,308.51,-1129.31,69.78,-24.89,141.46,-34.51,0.0516,0.2412,-0.1750,-0.1860,0.0040,-0.1854
41.2094,309.19,-1128.77,69.76,-22.67,144.09,-37.49,0.0447,0.2420,-0.1799,-0.2132,-0.0452,-0.1640
41.2511,309.82,-1128.18,69.66,-20.39,145.63,-40.09,0.0386,0.2414,-0.1838,-0.2342,-0.0913,-0.1360
41.2931,310.46,-1127.56,69.36,-18.40,146.70,-41.82,0.0315,0.2417,-0.1862,-0.2513,-0.1310,-0.0979
41.3351,311.14,-1127.09,68.97,-17.48,147.55,-43.74,0.0237,0.2417,-0.1856,-0.2584,-0.1579,-0.0509
41.3770,311.67,-1126.69,68.50,-17.01,147.79,-45.72,0.0160,0.2406,-0.1853,-0.2529,-0.1722,0.0015
41.4188,312.17,-1126.42,68.05,-17.14,147.97,-47.34,0.0105,0.2393,-0.1850,-0.2393,-0.1695,0.0539
41.4600,312.54,-1126.19,67.71,-16.81,147.88,-48.70,0.0074,0.2379,-0.1849,-0.2236,-0.1520,0.0982
41.5019,312.86,-1126.14,67.41,-16.56,147.50,-50.42,0.0050,0.2368,-0.1840,-0.2068,-0.1231,0.1328
41.5437,313.23,-1126.38,67.09,-17.06,147.71,-51.51,0.0045,0.2377,-0.1823,-0.1926,-0.0850,0.1579
41.5855,313.62,-1126.62,66.83,-18.38,147.38,-52.11,0.0060,0.2365,-0.1797,-0.1797,-0.0387,0.1706
41.6277,314.01,-1126.91,66.67,-19.73,145.80,-51.54,0.0093,0.2343,-0.1767,-0.1670,0.0111,0.1700
41.6693,314.50,-1127.28,66.52,-21.65,143.82,-50.04,0.0142,0.2322,-0.1725,-0.1562,0.0620,0.1587
41.7104,314.93,-1127.60,66.48,-23.68,140.81,-49.24,0.0207,0.2294,-0.1687,-0.1457,0.1111,0.1345
41.7529,315.37,-1127.90,66.44,-25.86,137.34,-47.22,0.0286,0.2262,-0.1639,-0.1335,0.1526,0.0974
41.7942,315.79,-1128.05,66.37,-28.16,133.23,-45.24,0.0378,0.2217,-0.1586,-0.1210,0.1872,0.0555
41.8364,316.21,-1128.14,66.14,-31.06,128.25,-42.20,0.0472,0.2171,-0.1522,-0.1076,0.2115,0.0133
41.8785,316.61,-1128.24,65.89,-34.53,123.08,-38.72,0.0575,0.2126,-0.1460,-0.0932,0.2235,-0.0273
41.9199,316.99,-1128.27,65.59,-37.70,117.05,-34.17,0.0671,0.2086,-0.1402,-0.0778,0.2303,-0.0619
41.9617,317.35,-1128.23,65.53,-40.56,110.20,-28.48,0.0757,0.2031,-0.1371,-0.0682,0.2319,-0.0913
42.0042,317.74,-1128.11,65.59,-41.42,102.68,-21.79,0.0821,0.1981,-0.1372,-0.0664,0.2311,-0.1125
42.0456,317.97,-1128.08,65.73,-41.62,96.48,-15.99,0.0881,0.1942,-0.1387,-0.0674,0.2316,-0.1266
42.0877,318.04,-1128.22,65.92,-41.44,92.28,-11.59,0.0919,0.1913,-0.1419,-0.0694,0.2326,-0.1326
42.1292,317.93,-1128.37,66.10,-41.93,89.54,-8.29,0.0946,0.1882,-0.1453,-0.0683,0.2316,-0.1337
42.1703,317.73,-1128.39,66.26,-41.77,87.78,-6.25,0.0965,0.1824,-0.1494,-0.0666,0.2318,-0.1328
42.2122,317.40,-1128.44,66.26,-42.10,86.08,-3.76,0.0994,0.1720,-0.1527,-0.0646,0.2336,-0.1302
42.2546,316.94,-1128.39,66.07,-43.67,83.89,-1.64,0.1046,0.1529,-0.1564,-0.0615,0.2345,-0.1285
42.2965,316.38,-1128.20,65.70,-45.48,81.13,1.70,0.1158,0.1219,-0.1596,-0.0586,0.2336,-0.1280
42.3382,315.65,-1127.79,65.22,-46.87,79.16,3.80,0.1370,0.0812,-0.1627,-0.0558,0.2317,-0.1296
42.3803,314.95,-1127.51,64.77,-48.79,77.37,6.28,0.1660,0.0394,-0.1661,-0.0540,0.2331,-0.1335
42.4235,314.26,-1127.05,64.26,-49.98,75.53,7.89,0.1993,-0.0058,-0.1651,-0.0525,0.2332,-0.1384
42.4658,313.68,-1126.72,63.94,-51.05,73.29,10.50,0.2323,-0.0523,-0.1593,-0.0520,0.2336,-0.1448
42.5084,313.18,-1126.25,63.64,-51.34,71.21,12.30,0.2621,-0.1029,-0.1400,-0.0527,0.2323,-0.1513
42.5502,312.76,-1125.90,63.55,-51.12,70.00,13.82,0.2807,-0.1494,-0.1113,-0.0554,0.2314,-0.1587
42.5922,312.46,-1125.72,63.59,-50.93,69.25,14.46,0.2850,-0.1870,-0.0739,-0.0588,0.2314,-0.1664
42.6341,312.28,-1125.66,63.69,-50.58,69.30,14.33,0.2788,-0.2096,-0.0312,-0.0619,0.2310,-0.1730
42.6762,312.21,-1125.75,63.80,-50.46,69.21,13.47,0.2632,-0.2152,0.0132,-0.0644,0.2311,-0.1777
42.7184,312.19,-1125.92,63.97,-50.41,68.44,13.24,0.2448,-0.2069,0.0546,-0.0659,0.2317,-0.1807
42.7604,312.18,-1126.09,64.13,-49.95,67.57,13.06,0.2292,-0.1903,0.0917,-0.0665,0.2327,-0.1807
42.8019,312.14,-1126.33,64.25,-49.51,66.86,13.10,0.2180,-0.1635,0.1240,-0.0646,0.2343,-0.1785
42.8438,312.03,-1126.59,64.31,-49.54,66.34,13.04,0.2052,-0.1275,0.1492,-0.0614,0.2354,-0.1742
42.8852,311.86,-1126.97,64.34,-49.73,66.92,12.81,0.1972,-0.0854,0.1658,-0.0570,0.2363,-0.1689
42.9275,311.62,-1127.28,64.37,-49.95,68.16,12.10,0.1904,-0.0397,0.1731,-0.0522,0.2350,-0.1639
42.9694,311.35,-1127.70,64.48,-50.15,70.40,11.31,0.1812,0.0104,0.1683,-0.0471,0.2336,-0.1608
43.0112,311.10,-1128.14,64.59,-50.28,73.31,10.04,0.1662,0.0636,0.1469,-0.0428,0.2313,-0.1583
43.0530,310.85,-1128.52,64.81,-50.23,76.56,7.81,0.1517,0.1104,0.1168,-0.0389,0.2286,-0.1570
43.0947,310.70,-1128.84,65.04,-49.90,80.58,6.07,0.1369,0.1515,0.0805,-0.0365,0.2254,-0.1560
43.1367,310.54,-1129.07,65.29,-49.01,84.32,3.57,0.1296,0.1786,0.0455,-0.0352,0.2212,-0.1556
43.1787,310.42,-1129.28,65.42,-48.40,88.23,1.60,0.1187,0.1980,0.0047,-0.0357,0.2176,-0.1548
43.2204,310.27,-1129.44,65.58,-48.10,91.70,-0.42,0.1095,0.2104,-0.0362,-0.0379,0.2136,-0.1544
43.2612,310.10,-1129.41,65.68,-46.80,95.13,-2.21,0.1044,0.2134,-0.0679,-0.0406,0.2089,-0.1541
43.3020,309.85,-1129.51,65.95,-46.31,97.53,-3.92,0.1000,0.2147,-0.0919,-0.0435,0.2056,-0.1538
43.3433,309.60,-1129.42,66.18,-44.60,100.65,-5.26,0.0961,0.2139,-0.1057,-0.0464,0.2018,-0.1525
43.3837,309.26,-1129.52,66.49,-43.16,105.12,-9.08,0.0944,0.2170,-0.1148,-0.0495,0.1984,-0.1533
43.4249,309.05,-1129.54,66.77,-41.55,110.31,-13.17,0.0934,0.2212,-0.1183,-0.0573,0.1894,-0.1552
43.4655,308.85,-1129.61,67.12,-39.51,116.44,-18.34,0.0930,0.2262,-0.1220,-0.0690,0.1741,-0.1572
43.5072,308.76,-1129.73,67.44,-37.03,123.42,-23.31,0.0918,0.2322,-0.1268,-0.0848,0.1507,-0.1599
43.5492,308.71,-1129.61,68.03,-33.83,128.61,-27.71,0.0881,0.2348,-0.1351,-0.1061,0.1163,-0.1640
43.5907,308.62,-1129.42,68.58,-29.36,132.43,-30.28,0.0848,0.2352,-0.1451,-0.1298,0.0771,-0.1672
43.6321,308.66,-1129.45,69.04,-26.26,136.64,-32.44,0.0834,0.2380,-0.1541,-0.1564,0.0362,-0.1686
43.6736,308.78,-1129.53,69.43,-23.86,141.22,-34.46,0.0821,0.2415,-0.1605,-0.1835,-0.0086,-0.1644
43.7152,308.92,-1129.48,69.78,-21.15,145.25,-36.57,0.0799,0.2448,-0.1663,-0.2073,-0.0553,-0.1534
43.7570,309.13,-1129.47,70.04,-18.42,149.22,-39.22,0.0778,0.2498,-0.1710,-0.2265,-0.1008,-0.1351
43.7990,309.34,-1129.49,70.22,-15.37,153.06,-42.08,0.0751,0.2551,-0.1758,-0.2414,-0.1408,-0.1107
43.8412,309.51,-1129.43,70.40,-12.29,156.41,-44.49,0.0730,0.2589,-0.1806,-0.2466,-0.1759,-0.0740
43.8829,309.64,-1129.30,70.56,-9.33,158.37,-46.49,0.0714,0.2609,-0.1844,-0.2413,-0.1952,-0.0291
43.9249,309.75,-1129.11,70.60,-7.72,159.37,-47.62,0.0682,0.2611,-0.1876,-0.2291,-0.1930,0.0149
43.9669,309.85,-1129.04,70.48,-6.98,159.65,-48.61,0.0647,0.2598,-0.1884,-0.2174,-0.1756,0.0553
44.0087,310.04,-1129.02,70.25,-7.45,159.86,-49.24,0.0606,0.2582,-0.1880,-0.2083,-0.1463,0.0878
44.0508,310.26,-1128.96,69.97,-8.60,159.20,-49.17,0.0579,0.2551,-0.1867,-0.2028,-0.1068,0.1077
44.0926,310.56,-1128.88,69.59,-10.50,157.61,-49.26,0.0557,0.2505,-0.1846,-0.1987,-0.0638,0.1185
44.1342,310.83,-1128.66,69.23,-12.39,154.91,-48.19,0.0555,0.2440,-0.1827,-0.1937,-0.0166,0.1188
44.1765,311.20,-1128.51,68.77,-15.03,151.32,-47.41,0.0572,0.2385,-0.1788,-0.1870,0.0342,0.1115
44.2172,311.52,-1128.39,68.25,-18.02,148.06,-46.50,0.0602,0.2340,-0.1732,-0.1750,0.0863,0.0969
44.2588,311.91,-1128.29,67.66,-22.09,144.03,-45.10,0.0635,0.2299,-0.1662,-0.1584,0.1369,0.0750
44.3010,312.28,-1128.03,66.99,-25.86,139.44,-42.94,0.0675,0.2254,-0.1586,-0.1369,0.1770,0.0480
44.3423,312.81,-1127.78,66.19,-30.37,134.69,-40.19,0.0710,0.2209,-0.1498,-0.1151,0.2058,0.0179
44.3838,313.40,-1127.44,65.23,-34.86,128.78,-37.20,0.0747,0.2141,-0.1398,-0.0966,0.2232,-0.0125
44.4259,314.24,-1127.26,64.39,-39.66,123.11,-32.92,0.0775,0.2083,-0.1310,-0.0829,0.2338,-0.0450
44.4684,315.18,-1127.11,63.54,-44.02,115.74,-28.90,0.0785,0.2017,-0.1227,-0.0734,0.2357,-0.0730
44.5102,316.25,-1127.17,62.86,-48.47,109.19,-23.80,0.0780,0.1954,-0.1167,-0.0692,0.2347,-0.0928
44.5526,317.17,-1126.98,62.42,-50.86,100.97,-19.46,0.0775,0.1887,-0.1128,-0.0675,0.2320,-0.1029
44.5952,317.93,-1127.15,62.25,-52.10,95.28,-15.52,0.0768,0.1850,-0.1129,-0.0660,0.2307,-0.1104
44.6372,318.43,-1127.31,62.26,-53.03,90.85,-12.86,0.0776,0.1804,-0.1150,-0.0691,0.2294,-0.1117
44.6799,318.79,-1127.55,62.35,-53.49,87.18,-9.87,0.0785,0.1771,-0.1218,-0.0708,0.2305,-0.1127
44.7219,318.88,-1127.78,62.51,-53.93,83.77,-7.00,0.0818,0.1703,-0.1316,-0.0710,0.2317,-0.1133
44.7641,318.84,-1128.03,62.68,-54.35,79.74,-2.68,0.0846,0.1570,-0.1475,-0.0701,0.2338,-0.1153
44.8060,318.66,-1128.16,62.81,-54.39,74.96,3.03,0.0920,0.1328,-0.1651,-0.0672,0.2347,-0.1191
44.8479,318.37,-1128.25,62.98,-54.60,69.68,9.20,0.1038,0.1014,-0.1839,-0.0636,0.2353,-0.1243
44.8902,317.92,-1128.10,62.93,-54.06,65.52,13.70,0.1199,0.0600,-0.1958,-0.0588,0.2342,-0.1295
44.9322,317.46,-1128.01,62.83,-54.26,62.20,17.34,0.1379,0.0155,-0.1996,-0.0555,0.2337,-0.1348
44.9741,316.98,-1127.78,62.61,-54.72,59.86,19.80,0.1575,-0.0295,-0.1922,-0.0530,0.2326,-0.1398
45.0160,316.59,-1127.49,62.46,-55.01,58.47,21.76,0.1751,-0.0699,-0.1739,-0.0519,0.2308,-0.1447
45.0572,316.29,-1127.01,62.22,-54.80,58.14,23.39,0.1934,-0.1059,-0.1439,-0.0524,0.2285,-0.1475
45.0994,316.15,-1126.62,62.07,-53.71,57.60,24.90,0.2138,-0.1302,-0.1076,-0.0541,0.2276,-0.1501
45.1409,315.99,-1126.39,62.01,-53.52,56.01,26.55,0.2303,-0.1480,-0.0628,-0.0559,0.2285,-0.1521
45.1831,315.88,-1126.25,61.91,-52.99,54.34,27.46,0.2393,-0.1573,-0.0129,-0.0578,0.2305,-0.1530
45.2247,315.76,-1126.11,61.86,-52.79,52.79,28.52,0.2386,-0.1573,0.0366,-0.0592,0.2320,-0.1536
45.2664,315.64,-1126.03,61.86,-52.18,51.06,29.11,0.2309,-0.1491,0.0810,-0.0601,0.2325,-0.1530
45.3080,315.49,-1125.99,61.97,-51.51,50.85,29.71,0.2187,-0.1310,0.1176,-0.0595,0.2331,-0.1526
45.3501,315.24,-1126.15,62.08,-51.25,50.66,29.52,0.2071,-0.1039,0.1459,-0.0582,0.2345,-0.1513
45.3920,314.93,-1126.49,62.14,-51.75,50.84,29.13,0.1970,-0.0712,0.1640,-0.0564,0.2366,-0.1492
45.4340,314.59,-1126.79,62.20,-52.95,51.69,28.55,0.1908,-0.0309,0.1769,-0.0555,0.2360,-0.1462
45.4753,314.19,-1127.01,62.24,-53.42,54.11,26.69,0.1823,0.0136,0.1784,-0.0553,0.2347,-0.1411
45.5172,313.79,-1127.31,62.35,-54.07,56.82,25.24,0.1692,0.0568,0.1694,-0.0534,0.2334,-0.1367
45.5591,313.32,-1127.52,62.40,-54.58,60.02,23.05,0.1531,0.0971,0.1502,-0.0512,0.2304,-0.1328
45.6011,312.83,-1127.67,62.49,-54.76,63.96,20.80,0.1364,0.1327,0.1228,-0.0492,0.2273,-0.1307
45.6430,312.28,-1127.83,62.56,-55.00,68.16,18.34,0.1181,0.1642,0.0823,-0.0469,0.2237,-0.1301
45.6849,311.68,-1127.99,62.62,-55.12,73.05,14.83,0.1039,0.1864,0.0403,-0.0447,0.2198,-0.1303
45.7261,311.17,-1128.07,62.63,-55.06,77.86,12.14,0.0912,0.2059,-0.0005,-0.0440,0.2145,-0.1314
45.7681,310.52,-1128.12,62.67,-55.32,82.68,8.41,0.0828,0.2140,-0.0312,-0.0451,0.2087,-0.1343
45.8099,309.97,-1128.08,62.63,-54.77,87.63,5.49,0.0723,0.2169,-0.0559,-0.0506,0.2041,-0.1375
45.8520,309.37,-1128.12,62.69,-54.41,92.50,1.93,0.0658,0.2170,-0.0760,-0.0560,0.2002,-0.1427
45.8938,308.81,-1128.20,62.98,-54.12,97.63,-1.31,0.0644,0.2157,-0.0911,-0.0634,0.1938,-0.1486
45.9352,308.19,-1128.24,63.43,-52.52,104.19,-6.24,0.0654,0.2149,-0.1038,-0.0701,0.1846,-0.1570
45.9770,307.71,-1128.37,64.16,-50.33,111.74,-11.50,0.0663,0.2164,-0.1144,-0.0785,0.1701,-0.1690
46.0187,307.10,-1128.40,65.14,-46.23,120.70,-17.75,0.0686,0.2195,-0.1227,-0.0905,0.1463,-0.1838
46.0605,306.66,-1128.53,66.26,-40.94,129.08,-22.69,0.0707,0.2251,-0.1304,-0.1079,0.1174,-0.2010
46.1017,306.39,-1128.81,67.38,-35.79,136.15,-26.48,0.0722,0.2326,-0.1365,-0.1297,0.0823,-0.2181
46.1439,306.31,-1129.05,68.43,-31.12,142.62,-29.24,0.0735,0.2400,-0.1410,-0.1540,0.0397,-0.2304
46.1841,306.35,-1129.15,69.35,-26.22,147.77,-31.37,0.0739,0.2458,-0.1441,-0.1794,-0.0068,-0.2334
46.2246,306.50,-1129.21,70.12,-21.93,151.85,-33.63,0.0742,0.2509,-0.1464,-0.2027,-0.0545,-0.2242
46.2650,306.68,-1129.10,70.73,-17.94,155.30,-35.90,0.0758,0.2544,-0.1482,-0.2229,-0.1030,-0.2026
46.3062,306.98,-1129.01,71.13,-14.71,157.75,-38.90,0.0769,0.2583,-0.1507,-0.2325,-0.1458,-0.1700
46.3474,307.32,-1128.83,71.36,-12.50,159.70,-40.81,0.0766,0.2604,-0.1535,-0.2397,-0.1821,-0.1263
46.3891,307.65,-1128.65,71.48,-11.02,160.20,-42.40,0.0751,0.2617,-0.1556,-0.2428,-0.2033,-0.0745
46.4311,307.97,-1128.46,71.44,-10.50,160.06,-43.14,0.0714,0.2636,-0.1565,-0.2373,-0.2033,-0.0207
46.4733,308.32,-1128.32,71.32,-10.85,159.66,-42.87,0.0655,0.2635,-0.1563,-0.2311,-0.1896,0.0279
46.5153,308.70,-1128.23,71.08,-11.63,159.11,-43.16,0.0590,0.2622,-0.1551,-0.2273,-0.1639,0.0680
46.5568,309.11,-1128.09,70.76,-12.74,157.96,-43.05,0.0534,0.2583,-0.1530,-0.2255,-0.1297,0.0976
46.5982,309.53,-1127.99,70.36,-14.20,156.22,-43.07,0.0493,0.2538,-0.1508,-0.2229,-0.0879,0.1180
46.6403,310.00,-1127.90,69.88,-16.13,154.13,-43.46,0.0473,0.2485,-0.1477,-0.2179,-0.0373,0.1292
46.6817,310.41,-1127.80,69.43,-18.26,151.44,-43.41,0.0472,0.2427,-0.1442,-0.2075,0.0179,0.1298
46.7237,310.92,-1127.73,68.79,-20.91,148.36,-43.40,0.0482,0.2371,-0.1386,-0.1919,0.0708,0.1211
46.7651,311.44,-1127.67,68.16,-23.74,145.50,-43.38,0.0497,0.2320,-0.1337,-0.1736,0.1194,0.1029
46.8066,312.12,-1127.59,67.36,-27.47,141.73,-43.09,0.0515,0.2275,-0.1285,-0.1520,0.1588,0.0734
46.8489,312.81,-1127.36,66.72,-30.77,138.03,-41.72,0.0537,0.2222,-0.1248,-0.1301,0.1907,0.0392
46.8907,313.58,-1127.00,65.98,-33.61,132.36,-39.99,0.0565,0.2165,-0.1216,-0.1118,0.2156,0.0049
46.9321,314.31,-1126.68,65.36,-36.75,127.20,-37.94,0.0619,0.2112,-0.1199,-0.0976,0.2303,-0.0275
46.9739,315.17,-1126.40,64.66,-39.77,121.80,-34.70,0.0678,0.2064,-0.1190,-0.0853,0.2329,-0.0543
47.0158,315.85,-1126.06,64.14,-42.44,116.42,-32.19,0.0751,0.1996,-0.1205,-0.0723,0.2295,-0.0762
47.0572,316.66,-1125.96,63.69,-45.09,110.51,-27.79,0.0809,0.1944,-0.1235,-0.0642,0.2284,-0.0877
47.0993,317.27,-1125.91,63.42,-47.60,104.83,-23.76,0.0868,0.1872,-0.1277,-0.0591,0.2277,-0.0945
47.1417,317.87,-1126.05,63.26,-49.36,98.30,-18.21,0.0915,0.1784,-0.1331,-0.0593,0.2290,-0.0965
47.1834,318.15,-1126.18,63.35,-50.56,93.35,-14.38,0.0975,0.1677,-0.1403,-0.0591,0.2309,-0.0991
47.2260,318.35,-1126.32,63.50,-50.77,88.73,-10.58,0.1036,0.1564,-0.1475,-0.0598,0.2331,-0.1010
47.2681,318.30,-1126.45,63.69,-51.02,84.23,-6.96,0.1106,0.1411,-0.1551,-0.0593,0.2351,-0.1034
47.3107,318.08,-1126.57,63.86,-51.19,80.19,-3.34,0.1194,0.1193,-0.1645,-0.0590,0.2369,-0.1060
47.3528,317.72,-1126.62,63.95,-51.50,76.60,0.77,0.1326,0.0897,-0.1770,-0.0578,0.2380,-0.1095
47.3950,317.22,-1126.60,63.98,-51.38,73.26,4.32,0.1509,0.0513,-0.1911,-0.0562,0.2386,-0.1139
47.4369,316.59,-1126.58,63.99,-52.07,69.93,8.28,0.1684,0.0044,-0.2038,-0.0542,0.2391,-0.1196
47.4790,315.97,-1126.33,63.90,-51.76,67.35,11.64,0.1831,-0.0518,-0.2064,-0.0535,0.2381,-0.1260
47.5206,315.36,-1126.07,63.81,-51.65,65.17,15.12,0.1937,-0.1070,-0.2006,-0.0545,0.2367,-0.1323
47.5629,314.81,-1125.72,63.63,-50.99,63.32,18.21,0.2042,-0.1574,-0.1795,-0.0561,0.2349,-0.1385
47.6046,314.36,-1125.58,63.42,-50.71,62.01,21.78,0.2167,-0.1920,-0.1498,-0.0584,0.2351,-0.1434
47.6469,314.00,-1125.48,63.29,-50.82,61.15,23.43,0.2348,-0.2173,-0.1061,-0.0598,0.2355,-0.1484
47.6886,313.75,-1125.55,63.10,-50.79,60.34,24.17,0.2497,-0.2245,-0.0513,-0.0613,0.2361,-0.1514
47.7302,313.49,-1125.74,62.93,-51.54,59.54,24.26,0.2574,-0.2226,0.0083,-0.0610,0.2371,-0.1532
47.7720,313.28,-1125.94,62.82,-52.24,58.62,24.32,0.2576,-0.2119,0.0641,-0.0606,0.2375,-0.1536
47.8142,313.08,-1126.08,62.66,-52.18,59.07,23.22,0.2546,-0.1945,0.1139,-0.0588,0.2375,-0.1529
47.8563,312.86,-1126.36,62.54,-52.62,59.12,22.42,0.2497,-0.1693,0.1556,-0.0570,0.2377,-0.1510
47.8981,312.62,-1126.71,62.43,-53.09,59.29,21.50,0.2414,-0.1384,0.1855,-0.0544,0.2371,-0.1474
47.9395,312.33,-1127.09,62.33,-53.51,59.93,21.14,0.2323,-0.0990,0.2024,-0.0508,0.2355,-0.1429
47.9814,312.00,-1127.57,62.36,-54.02,59.76,21.03,0.2218,-0.0531,0.2055,-0.0472,0.2341,-0.1391
48.0234,311.67,-1128.00,62.48,-54.10,60.96,21.11,0.2083,-0.0053,0.1962,-0.0441,0.2317,-0.1360
48.0655,311.28,-1128.40,62.64,-53.96,62.59,20.01,0.1947,0.0431,0.1767,-0.0422,0.2291,-0.1329
48.1073,310.86,-1128.73,62.84,-53.81,65.24,18.67,0.1801,0.0875,0.1466,-0.0400,0.2260,-0.1307
48.1492,310.44,-1129.09,63.06,-54.08,68.68,17.21,0.1638,0.1299,0.1092,-0.0384,0.2233,-0.1293
48.1906,310.06,-1129.29,63.23,-54.18,72.69,14.98,0.1469,0.1629,0.0680,-0.0377,0.2195,-0.1285
48.2324,309.70,-1129.49,63.43,-54.13,77.37,12.14,0.1309,0.1893,0.0276,-0.0386,0.2168,-0.1289
48.2738,309.43,-1129.59,63.59,-53.68,81.88,8.91,0.1177,0.2096,-0.0146,-0.0416,0.2134,-0.1303
48.3159,309.30,-1129.62,63.76,-53.22,85.33,6.41,0.1070,0.2198,-0.0547,-0.0469,0.2092,-0.1335
48.3578,309.29,-1129.62,63.87,-52.45,87.25,5.45,0.1023,0.2242,-0.0892,-0.0554,0.2050,-0.1346
48.3991,309.21,-1129.65,64.00,-52.28,88.94,3.18,0.0984,0.2216,-0.1099,-0.0636,0.2023,-0.1346
48.4413,309.21,-1129.58,64.17,-51.78,90.80,1.82,0.0920,0.2176,-0.1242,-0.0699,0.1972,-0.1358
48.4834,309.17,-1129.53,64.39,-51.30,93.67,-0.81,0.0884,0.2150,-0.1308,-0.0762,0.1897,-0.1388
48.5251,309.17,-1129.49,64.67,-50.47,97.75,-3.97,0.0874,0.2160,-0.1326,-0.0831,0.1795,-0.1453
48.5669,309.13,-1129.48,65.07,-49.85,103.57,-9.32,0.0873,0.2197,-0.1310,-0.0917,0.1631,-0.1527
48.6085,309.15,-1129.29,65.47,-47.80,110.42,-14.82,0.0857,0.2229,-0.1284,-0.1058,0.1413,-0.1596
48.6499,309.15,-1129.12,66.01,-44.91,117.63,-20.86,0.0860,0.2257,-0.1248,-0.1245,0.1142,-0.1646
48.6904,309.24,-1128.96,66.57,-41.50,125.14,-27.03,0.0866,0.2303,-0.1237,-0.1484,0.0799,-0.1663
48.7313,309.32,-1128.71,67.18,-37.18,131.58,-32.21,0.0881,0.2343,-0.1243,-0.1749,0.0403,-0.1654
48.7720,309.43,-1128.44,67.75,-32.04,137.52,-37.54,0.0890,0.2379,-0.1264,-0.2023,-0.0040,-0.1611
48.8124,309.65,-1128.03,68.16,-26.79,143.00,-42.09,0.0890,0.2408,-0.1292,-0.2284,-0.0580,-0.1518
48.8534,309.85,-1127.53,68.41,-21.99,146.81,-46.40,0.0882,0.2430,-0.1322,-0.2462,-0.1179,-0.1341
48.8949,310.17,-1127.22,68.50,-19.18,149.63,-48.95,0.0843,0.2473,-0.1369,-0.2546,-0.1709,-0.1022
48.9372,310.38,-1126.86,68.57,-17.34,151.29,-50.96,0.0805,0.2498,-0.1418,-0.2532,-0.2057,-0.0566
48.9786,310.61,-1126.63,68.52,-16.51,152.13,-51.33,0.0737,0.2525,-0.1479,-0.2469,-0.2211,-0.0071
49.0205,310.80,-1126.51,68.53,-16.23,152.47,-51.95,0.0662,0.2529,-0.1547,-0.2308,-0.2163,0.0423
49.0623,311.03,-1126.49,68.47,-16.29,152.91,-51.45,0.0569,0.2535,-0.1612,-0.2177,-0.1976,0.0840
49.1040,311.28,-1126.52,68.51,-16.15,152.90,-51.55,0.0490,0.2527,-0.1682,-0.2059,-0.1715,0.1184
49.1462,311.57,-1126.66,68.47,-16.38,152.32,-51.56,0.0419,0.2505,-0.1738,-0.2014,-0.1345,0.1442
49.1882,311.88,-1126.79,68.43,-17.03,151.44,-51.04,0.0374,0.2469,-0.1763,-0.1983,-0.0886,0.1585
49.2292,312.21,-1127.05,68.21,-18.52,149.42,-50.15,0.0349,0.2437,-0.1760,-0.1936,-0.0380,0.1605
49.2704,312.50,-1127.35,68.01,-20.54,147.61,-49.21,0.0360,0.2401,-0.1745,-0.1872,0.0176,0.1494
49.3125,312.87,-1127.59,67.77,-22.86,144.73,-47.51,0.0401,0.2365,-0.1716,-0.1785,0.0710,0.1243
49.3545,313.10,-1127.86,67.71,-23.90,141.76,-47.05,0.0480,0.2339,-0.1696,-0.1663,0.1217,0.0856
49.3962,313.50,-1128.26,67.52,-25.50,139.15,-45.81,0.0556,0.2321,-0.1660,-0.1502,0.1691,0.0429
49.4383,313.81,-1128.27,67.26,-27.63,135.36,-44.73,0.0649,0.2272,-0.1620,-0.1277,0.2018,-0.0008
49.4792,314.29,-1128.27,66.77,-30.29,130.39,-41.71,0.0741,0.2205,-0.1551,-0.1012,0.2226,-0.0409
49.5211,314.76,-1128.12,66.06,-34.37,125.72,-38.80,0.0833,0.2123,-0.1481,-0.0791,0.2271,-0.0735
49.5634,315.43,-1128.15,65.19,-39.08,120.34,-34.74,0.0908,0.2054,-0.1404,-0.0680,0.2293,-0.0981
49.6052,316.12,-1128.07,64.28,-44.36,114.77,-30.99,0.0960,0.1975,-0.1347,-0.0592,0.2260,-0.1181
49.6473,316.87,-1128.01,63.44,-48.64,108.32,-25.80,0.0981,0.1906,-0.1301,-0.0593,0.2213,-0.1278
49.6897,317.51,-1127.97,62.77,-51.87,102.06,-21.21,0.0952,0.1840,-0.1285,-0.0586,0.2202,-0.1316
49.7320,317.97,-1127.89,62.46,-53.57,97.43,-16.42,0.0913,0.1781,-0.1285,-0.0607,0.2195,-0.1295
49.7750,318.21,-1127.82,62.29,-54.24,94.28,-14.30,0.0862,0.1731,-0.1313,-0.0630,0.2219,-0.1271
49.8170,318.30,-1127.70,62.26,-54.51,92.23,-12.18,0.0833,0.1655,-0.1356,-0.0676,0.2246,-0.1245
49.8594,318.21,-1127.64,62.33,-54.68,90.50,-10.68,0.0852,0.1529,-0.1417,-0.0714,0.2272,-0.1218
49.9012,317.98,-1127.50,62.48,-54.85,88.23,-8.09,0.0926,0.1321,-0.1498,-0.0743,0.2298,-0.1203
49.9430,317.56,-1127.32,62.72,-54.54,85.77,-5.56,0.1073,0.1035,-0.1581,-0.0763,0.2310,-0.1211
49.9851,317.08,-1127.11,62.97,-54.48,83.33,-2.41,0.1270,0.0690,-0.1690,-0.0779,0.2319,-0.1246
50.0269,316.47,-1126.70,63.21,-53.52,80.94,0.13,0.1512,0.0278,-0.1797,-0.0790,0.2320,-0.1301
50.0690,315.87,-1126.45,63.45,-53.04,78.90,2.85,0.1780,-0.0141,-0.1883,-0.0807,0.2336,-0.1369
50.1111,315.24,-1126.09,63.66,-52.65,76.95,4.89,0.2047,-0.0620,-0.1893,-0.0817,0.2344,-0.1438
50.1529,314.68,-1125.70,63.88,-51.80,74.62,7.30,0.2270,-0.1121,-0.1806,-0.0826,0.2348,-0.1507
50.1947,314.12,-1125.35,64.10,-50.92,72.73,9.83,0.2419,-0.1587,-0.1588,-0.0824,0.2353,-0.1569
50.2362,313.55,-1125.02,64.24,-50.06,71.78,11.50,0.2489,-0.1983,-0.1236,-0.0814,0.2358,-0.1617
50.2782,313.02,-1124.94,64.36,-49.76,71.77,12.12,0.2549,-0.2216,-0.0804,-0.0801,0.2379,-0.1666
50.3200,312.63,-1124.95,64.40,-49.50,71.33,12.37,0.2556,-0.2314,-0.0289,-0.0795,0.2404,-0.1701
50.3619,312.32,-1125.02,64.40,-49.59,70.45,12.56,0.2499,-0.2265,0.0253,-0.0787,0.2427,-0.1723
50.4033,312.11,-1125.15,64.37,-49.63,69.66,12.97,0.2396,-0.2077,0.0753,-0.0770,0.2447,-0.1733
50.4454,311.95,-1125.34,64.26,-49.50,68.52,13.56,0.2242,-0.1805,0.1206,-0.0740,0.2459,-0.1722
50.4871,311.77,-1125.68,64.22,-50.15,67.97,13.79,0.2001,-0.1345,0.1534,-0.0706,0.2476,-0.1708
50.5296,311.65,-1125.99,64.19,-50.15,68.01,13.90,0.1815,-0.0930,0.1732,-0.0654,0.2464,-0.1668
50.5709,311.45,-1126.39,64.27,-50.05,69.15,12.90,0.1719,-0.0512,0.1833,-0.0602,0.2442,-0.1640
50.6124,311.26,-1126.91,64.37,-49.93,70.64,11.93,0.1581,0.0014,0.1799,-0.0556,0.2416,-0.1612
50.6546,311.01,-1127.52,64.60,-50.16,72.78,10.93,0.1471,0.0494,0.1623,-0.0513,0.2403,-0.1592
50.6965,310.79,-1128.11,64.87,-49.84,75.16,9.65,0.1352,0.0964,0.1364,-0.0469,0.2382,-0.1578
50.7382,310.57,-1128.62,65.23,-49.27,78.43,8.49,0.1259,0.1385,0.1033,-0.0427,0.2346,-0.1563
50.7801,310.36,-1129.04,65.66,-48.48,82.38,6.27,0.1150,0.1745,0.0623,-0.0385,0.2307,-0.1553
50.8212,310.20,-1129.32,66.09,-46.84,86.77,4.02,0.1040,0.2029,0.0168,-0.0348,0.2256,-0.1550
50.8623,310.02,-1129.64,66.59,-45.07,90.97,0.63,0.0934,0.2158,-0.0313,-0.0326,0.2217,-0.1566
50.9027,309.90,-1129.72,67.01,-43.01,94.53,-1.56,0.0867,0.2195,-0.0722,-0.0330,0.2164,-0.1584
50.9436,309.64,-1129.99,67.43,-41.84,98.59,-4.99,0.0830,0.2205,-0.1033,-0.0342,0.2108,-0.1629
50.9845,309.43,-1129.96,67.76,-40.04,103.68,-8.12,0.0798,0.2173,-0.1256,-0.0400,0.1999,-0.1697
51.0252,309.23,-1130.17,68.10,-38.11,109.30,-12.76,0.0786,0.2200,-0.1416,-0.0499,0.1895,-0.1781
51.0662,309.16,-1130.35,68.50,-36.88,115.36,-16.82,0.0765,0.2233,-0.1524,-0.0659,0.1742,-0.1864
51.1076,309.03,-1130.30,68.92,-34.23,120.99,-21.00,0.0743,0.2251,-0.1592,-0.0863,0.1527,-0.1927
51.1496,308.81,-1130.42,69.34,-31.54,127.15,-24.43,0.0702,0.2295,-0.1649,-0.1079,0.1251,-0.1961
51.1912,308.61,-1130.56,69.66,-28.77,133.77,-28.07,0.0674,0.2330,-0.1682,-0.1316,0.0877,-0.1987
51.2328,308.55,-1130.60,69.94,-26.08,140.15,-30.98,0.0651,0.2369,-0.1713,-0.1600,0.0444,-0.2019
51.2738,308.52,-1130.54,70.16,-23.04,145.42,-34.79,0.0635,0.2416,-0.1744,-0.1886,-0.0031,-0.2011
51.3160,308.56,-1130.42,70.28,-19.93,150.30,-37.98,0.0604,0.2461,-0.1759,-0.2156,-0.0575,-0.1910
51.3579,308.67,-1130.35,70.37,-17.11,154.64,-42.03,0.0562,0.2489,-0.1777,-0.2407,-0.1127,-0.1697
51.4001,308.83,-1130.23,70.39,-14.27,158.49,-46.10,0.0532,0.2505,-0.1791,-0.2556,-0.1645,-0.1317
51.4420,308.99,-1129.99,70.31,-11.75,160.91,-48.41,0.0512,0.2504,-0.1807,-0.2595,-0.2043,-0.0788
51.4839,309.11,-1129.70,70.21,-10.38,161.23,-49.91,0.0494,0.2486,-0.1826,-0.2558,-0.2203,-0.0177
51.5253,309.26,-1129.52,70.03,-10.12,159.73,-51.13,0.0477,0.2473,-0.1843,-0.2480,-0.2115,0.0426
51.5677,309.49,-1129.58,69.81,-11.22,158.69,-50.91,0.0462,0.2469,-0.1855,-0.2383,-0.1820,0.0962
51.6096,309.72,-1129.63,69.57,-12.54,157.10,-50.30,0.0451,0.2444,-0.1859,-0.2254,-0.1398,0.1415
51.6513,310.02,-1129.62,69.37,-14.19,154.49,-49.48,0.0435,0.2398,-0.1861,-0.2092,-0.0890,0.1724
51.6926,310.40,-1129.69,69.05,-16.10,151.14,-48.25,0.0437,0.2350,-0.1842,-0.1903,-0.0312,0.1855
51.7340,310.85,-1129.82,68.72,-19.06,147.41,-47.16,0.0454,0.2307,-0.1809,-0.1715,0.0290,0.1812
51.7756,311.32,-1129.99,68.33,-22.33,143.57,-44.86,0.0487,0.2269,-0.1755,-0.1536,0.0880,0.1639
51.8176,311.83,-1130.11,67.97,-25.26,139.25,-43.27,0.0532,0.2237,-0.1681,-0.1380,0.1385,0.1346
51.8596,312.43,-1130.17,67.61,-28.65,134.54,-40.74,0.0572,0.2206,-0.1604,-0.1223,0.1829,0.0975
51.9014,313.03,-1130.04,67.15,-31.11,129.43,-37.79,0.0630,0.2141,-0.1510,-0.1052,0.2095,0.0530
51.9423,313.82,-1129.73,66.80,-33.74,123.75,-34.32,0.0689,0.2060,-0.1423,-0.0903,0.2230,0.0165
51.9845,314.60,-1129.46,66.46,-35.69,117.33,-31.24,0.0757,0.1977,-0.1337,-0.0752,0.2304,-0.0167
52.0263,315.31,-1129.12,66.35,-36.94,110.97,-27.59,0.0814,0.1900,-0.1292,-0.0678,0.2354,-0.0486
52.0683,316.00,-1129.01,66.35,-37.74,104.97,-23.50,0.0854,0.1843,-0.1278,-0.0670,0.2382,-0.0783
52.1101,316.52,-1129.06,66.54,-38.80,99.94,-19.13,0.0868,0.1811,-0.1322,-0.0637,0.2377,-0.1055
52.1517,316.97,-1129.15,66.78,-39.07,95.05,-14.95,0.0872,0.1765,-0.1389,-0.0605,0.2377,-0.1260
52.1931,317.31,-1129.11,67.14,-38.54,90.63,-9.94,0.0854,0.1700,-0.1516,-0.0575,0.2362,-0.1434
52.2344,317.54,-1129.21,67.41,-37.86,86.72,-5.73,0.0854,0.1610,-0.1667,-0.0570,0.2356,-0.1548
52.2762,317.61,-1129.33,67.55,-37.82,82.78,-1.49,0.0893,0.1498,-0.1821,-0.0545,0.2379,-0.1637
52.3183,317.60,-1129.45,67.68,-38.01,78.99,2.56,0.0971,0.1336,-0.1967,-0.0525,0.2405,-0.1692
52.3602,317.45,-1129.38,67.75,-38.03,75.14,6.01,0.1088,0.1091,-0.2098,-0.0487,0.2424,-0.1738
52.4016,317.18,-1129.22,67.67,-37.79,71.63,9.43,0.1231,0.0752,-0.2211,-0.0436,0.2444,-0.1770
52.4434,316.77,-1129.03,67.43,-38.21,68.57,12.30,0.1439,0.0329,-0.2272,-0.0391,0.2453,-0.1793
52.4853,316.32,-1128.78,67.10,-39.04,66.09,14.96,0.1690,-0.0128,-0.2279,-0.0351,0.2453,-0.1828
52.5271,315.86,-1128.34,66.76,-39.68,64.49,16.63,0.1943,-0.0643,-0.2178,-0.0320,0.2428,-0.1873
52.5690,315.48,-1127.90,66.39,-39.94,63.65,18.00,0.2179,-0.1136,-0.1979,-0.0306,0.2395,-0.1914
52.6106,315.09,-1127.52,66.15,-40.54,63.71,18.61,0.2384,-0.1565,-0.1642,-0.0307,0.2376,-0.1960
52.6525,314.86,-1127.12,65.98,-40.41,64.58,18.78,0.2483,-0.1879,-0.1138,-0.0324,0.2362,-0.1993
52.6941,314.63,-1126.96,65.97,-40.32,65.75,18.05,0.2546,-0.1979,-0.0606,-0.0346,0.2366,-0.2042
52.7360,314.41,-1127.01,66.06,-40.21,66.39,17.24,0.2548,-0.1915,-0.0054,-0.0354,0.2374,-0.2079
52.7779,314.17,-1127.09,66.23,-39.84,66.69,16.23,0.2477,-0.1742,0.0433,-0.0353,0.2367,-0.2107
52.8194,313.97,-1127.27,66.38,-38.88,66.26,16.58,0.2364,-0.1486,0.0829,-0.0343,0.2354,-0.2121
52.8607,313.64,-1127.55,66.47,-38.78,66.26,16.61,0.2247,-0.1163,0.1128,-0.0325,0.2359,-0.2115
52.9029,313.27,-1127.93,66.59,-38.84,66.60,16.91,0.2122,-0.0792,0.1318,-0.0310,0.2358,-0.2104
52.9448,312.86,-1128.36,66.68,-39.04,67.60,16.74,0.2010,-0.0382,0.1417,-0.0289,0.2350,-0.2082
52.9867,312.48,-1128.77,66.81,-38.85,68.63,16.37,0.1901,0.0072,0.1395,-0.0280,0.2335,-0.2055
53.0283,312.09,-1129.24,66.95,-39.13,70.53,15.85,0.1782,0.0531,0.1266,-0.0272,0.2322,-0.2026
53.0700,311.81,-1129.63,67.08,-38.99,72.46,15.09,0.1650,0.0982,0.1058,-0.0274,0.2301,-0.1993
53.1115,311.52,-1130.00,67.21,-39.38,74.71,14.17,0.1519,0.1370,0.0787,-0.0279,0.2279,-0.1959
53.1537,311.31,-1130.25,67.36,-39.13,77.36,13.34,0.1376,0.1701,0.0449,-0.0280,0.2242,-0.1925
53.1956,311.02,-1130.44,67.53,-39.00,80.58,11.63,0.1257,0.1945,0.0071,-0.0280,0.2202,-0.1891
53.2373,310.79,-1130.51,67.80,-38.41,83.50,9.57,0.1169,0.2083,-0.0329,-0.0281,0.2159,-0.1869
53.2785,310.49,-1130.72,68.13,-37.64,86.95,7.55,0.1090,0.2161,-0.0704,-0.0287,0.2129,-0.1845
53.3206,310.24,-1130.76,68.50,-36.51,90.37,5.25,0.1026,0.2153,-0.0997,-0.0305,0.2103,-0.1814
53.3626,309.96,-1130.88,68.97,-34.78,94.56,2.58,0.0971,0.2153,-0.1210,-0.0331,0.2084,-0.1792
53.4046,309.71,-1131.06,69.49,-33.31,99.28,-0.99,0.0955,0.2163,-0.1326,-0.0377,0.2031,-0.1793
53.4462,309.48,-1131.26,70.06,-31.25,105.77,-6.00,0.0950,0.2201,-0.1401,-0.0493,0.1923,-0.1799
53.4876,309.59,-1131.59,70.67,-29.13,112.99,-10.91,0.0936,0.2262,-0.1474,-0.0678,0.1762,-0.1813
53.5289,309.86,-1131.87,71.26,-26.89,120.11,-15.59,0.0914,0.2324,-0.1540,-0.0953,0.1485,-0.1814
53.5708,310.23,-1132.10,71.76,-23.80,127.01,-20.14,0.0890,0.2392,-0.1602,-0.1295,0.1141,-0.1785
53.6126,310.74,-1132.18,72.01,-21.01,132.90,-24.09,0.0849,0.2447,-0.1657,-0.1695,0.0752,-0.1709
53.6548,311.29,-1132.09,72.04,-18.63,137.85,-27.50,0.0800,0.2471,-0.1704,-0.2087,0.0308,-0.1567
53.6957,311.91,-1131.92,71.91,-16.79,142.08,-30.44,0.0752,0.2488,-0.1746,-0.2446,-0.0166,-0.1327
53.7375,312.49,-1131.55,71.70,-14.98,145.50,-34.09,0.0716,0.2491,-0.1784,-0.2732,-0.0653,-0.0988
53.7796,313.05,-1131.13,71.39,-13.38,147.48,-37.54,0.0680,0.2489,-0.1822,-0.2855,-0.1089,-0.0533
53.8216,313.53,-1130.56,71.03,-12.20,148.74,-40.21,0.0648,0.2468,-0.1861,-0.2822,-0.1413,-0.0012
53.8631,313.89,-1130.07,70.68,-11.34,149.10,-42.41,0.0621,0.2443,-0.1902,-0.2643,-0.1504,0.0508
53.9045,314.25,-1129.69,70.25,-11.46,148.52,-43.64,0.0597,0.2419,-0.1933,-0.2445,-0.1389,0.0952
53.9461,314.60,-1129.48,69.85,-12.24,148.17,-44.77,0.0573,0.2395,-0.1967,-0.2236,-0.1117,0.1298
53.9884,314.95,-1129.30,69.44,-13.45,147.25,-44.66,0.0560,0.2355,-0.1985,-0.2037,-0.0713,0.1540
54.0304,315.26,-1129.09,69.05,-14.76,145.02,-44.77,0.0564,0.2308,-0.1987,-0.1852,-0.0230,0.1654
54.0723,315.54,-1128.98,68.70,-16.22,142.51,-43.82,0.0578,0.2264,-0.1978,-0.1678,0.0300,0.1627
54.1138,315.88,-1128.89,68.38,-18.13,139.36,-43.25,0.0603,0.2211,-0.1955,-0.1513,0.0826,0.1453
54.1554,316.23,-1128.88,68.07,-20.38,135.84,-41.80,0.0631,0.2168,-0.1921,-0.1358,0.1335,0.1152
54.1974,316.65,-1128.89,67.83,-22.72,132.15,-40.14,0.0659,0.2125,-0.1886,-0.1218,0.1768,0.0717
54.2395,317.16,-1128.70,67.55,-24.94,127.32,-37.42,0.0695,0.2062,-0.1830,-0.1104,0.2067,0.0268
54.2815,317.68,-1128.53,67.39,-27.19,121.71,-34.35,0.0735,0.2005,-0.1759,-0.0981,0.2242,-0.0174
54.3234,318.29,-1128.35,67.26,-28.77,115.77,-30.21,0.0765,0.1961,-0.1677,-0.0880,0.2346,-0.0543
54.3652,318.75,-1128.17,67.42,-29.33,110.24,-27.20,0.0791,0.1918,-0.1616,-0.0788,0.2414,-0.0887
54.4065,319.18,-1128.16,67.56,-29.50,104.82,-23.44,0.0803,0.1887,-0.1561,-0.0713,0.2452,-0.1236
54.4485,319.40,-1128.09,67.72,-29.83,100.23,-20.03,0.0808,0.1842,-0.1520,-0.0690,0.2412,-0.1510
54.4905,319.42,-1128.18,67.81,-30.34,96.27,-16.09,0.0805,0.1813,-0.1497,-0.0629,0.2375,-0.1674
54.5324,319.22,-1128.29,67.90,-31.31,93.40,-13.19,0.0802,0.1781,-0.1514,-0.0532,0.2349,-0.1771
54.5741,318.94,-1128.39,67.95,-32.42,90.37,-9.88,0.0811,0.1725,-0.1555,-0.0463,0.2337,-0.1799
54.6153,318.64,-1128.50,67.89,-33.79,85.70,-5.55,0.0832,0.1640,-0.1639,-0.0410,0.2339,-0.1805
54.6577,318.15,-1128.67,67.83,-35.40,80.59,0.41,0.0893,0.1500,-0.1737,-0.0356,0.2360,-0.1803
54.6993,317.49,-1128.64,67.71,-36.54,76.13,5.29,0.0998,0.1296,-0.1838,-0.0294,0.2372,-0.1798
54.7413,316.76,-1128.42,67.52,-36.95,71.68,10.20,0.1171,0.0998,-0.1916,-0.0234,0.2369,-0.1801
54.7833,315.93,-1128.07,67.23,-37.23,67.69,14.52,0.1375,0.0647,-0.1978,-0.0175,0.2358,-0.1806
54.8246,315.09,-1127.71,66.89,-37.50,64.29,18.52,0.1632,0.0223,-0.1988,-0.0130,0.2346,-0.1821
54.8669,314.24,-1127.21,66.58,-37.37,62.06,21.91,0.1889,-0.0246,-0.1950,-0.0084,0.2324,-0.1860
54.9089,313.50,-1126.69,66.26,-37.15,60.54,23.95,0.2124,-0.0764,-0.1800,-0.0065,0.2300,-0.1902
54.9507,312.82,-1126.12,66.03,-36.80,60.27,25.34,0.2335,-0.1230,-0.1554,-0.0058,0.2279,-0.1948
54.9925,312.28,-1125.66,65.83,-36.94,60.88,25.89,0.2463,-0.1612,-0.1171,-0.0055,0.2273,-0.1989
55.0341,311.89,-1125.39,65.63,-37.21,61.97,25.81,0.2536,-0.1808,-0.0678,-0.0054,0.2283,-0.2014
55.0759,311.66,-1125.34,65.55,-37.55,62.02,25.66,0.2559,-0.1818,-0.0147,-0.0059,0.2299,-0.2021
55.1177,311.46,-1125.38,65.48,-37.86,61.03,26.23,0.2503,-0.1718,0.0379,-0.0051,0.2310,-0.2008
55.1595,311.25,-1125.40,65.39,-37.79,59.74,26.81,0.2410,-0.1561,0.0849,-0.0029,0.2315,-0.1984
55.2014,310.93,-1125.52,65.29,-37.66,58.65,27.42,0.2297,-0.1332,0.1222,-0.0006,0.2321,-0.1960
55.2436,310.57,-1125.71,65.24,-37.83,58.48,27.89,0.2179,-0.1040,0.1486,0.0022,0.2324,-0.1943
55.2848,310.18,-1125.86,65.29,-37.70,58.78,28.10,0.2045,-0.0683,0.1611,0.0052,0.2318,-0.1930
55.3268,309.82,-1126.19,65.33,-37.76,59.92,27.86,0.1912,-0.0262,0.1631,0.0077,0.2311,-0.1908
55.3686,309.48,-1126.51,65.41,-38.02,61.03,27.58,0.1785,0.0187,0.1561,0.0091,0.2298,-0.1888
55.4104,309.20,-1126.89,65.49,-38.75,62.79,27.01,0.1668,0.0654,0.1406,0.0084,0.2281,-0.1863
55.4522,309.00,-1127.02,65.55,-39.04,65.33,25.58,0.1560,0.1087,0.1177,0.0069,0.2243,-0.1837
55.4938,308.79,-1127.23,65.66,-39.78,67.98,24.36,0.1466,0.1473,0.0871,0.0039,0.2206,-0.1810
55.5355,308.63,-1127.26,65.75,-39.75,71.96,21.94,0.1391,0.1747,0.0513,-0.0002,0.2163,-0.1789
55.5772,308.51,-1127.40,65.95,-40.17,75.45,19.21,0.1320,0.1984,0.0127,-0.0055,0.2128,-0.1779
55.6192,308.40,-1127.55,66.18,-40.32,79.58,16.16,0.1260,0.2164,-0.0324,-0.0108,0.2094,-0.1778
55.6609,308.23,-1127.62,66.51,-40.09,83.88,12.34,0.1221,0.2211,-0.0753,-0.0160,0.2061,-0.1784
55.7027,308.00,-1127.63,66.95,-38.88,88.26,8.72,0.1213,0.2195,-0.1102,-0.0213,0.2031,-0.1788
55.7441,307.66,-1127.75,67.46,-37.49,92.28,5.73,0.1230,0.2159,-0.1346,-0.0253,0.2009,-0.1793
55.7858,307.36,-1128.04,68.06,-36.01,95.93,3.11,0.1264,0.2159,-0.1502,-0.0289,0.2004,-0.1801
55.8276,307.05,-1128.36,68.70,-34.44,100.04,0.36,0.1314,0.2186,-0.1574,-0.0315,0.1991,-0.1824
55.8694,306.84,-1128.76,69.33,-32.98,105.17,-3.04,0.1325,0.2223,-0.1629,-0.0360,0.1945,-0.1862
55.9113,306.76,-1129.23,69.94,-31.56,111.16,-7.33,0.1309,0.2265,-0.1661,-0.0455,0.1857,-0.1914
55.9524,306.87,-1129.65,70.55,-29.70,118.26,-12.51,0.1257,0.2326,-0.1700,-0.0615,0.1692,-0.1988
55.9942,307.22,-1129.98,71.07,-27.45,125.48,-17.87,0.1169,0.2386,-0.1741,-0.0858,0.1442,-0.2073
56.0360,307.74,-1130.23,71.53,-24.53,132.62,-22.77,0.1069,0.2435,-0.1778,-0.1170,0.1116,-0.2128
56.0780,308.37,-1130.25,71.83,-21.25,138.73,-26.69,0.0966,0.2476,-0.1803,-0.1523,0.0750,-0.2115
56.1197,308.99,-1130.09,72.05,-17.91,143.86,-29.35,0.0870,0.2499,-0.1827,-0.1906,0.0356,-0.2009
56.1613,309.68,-1129.85,72.02,-15.36,147.46,-31.52,0.0773,0.2506,-0.1844,-0.2241,-0.0072,-0.1780
56.2030,310.17,-1129.47,71.93,-13.33,149.83,-34.04,0.0689,0.2490,-0.1881,-0.2477,-0.0515,-0.1436
56.2451,310.61,-1129.01,71.82,-12.08,151.02,-35.69,0.0615,0.2455,-0.1922,-0.2619,-0.0923,-0.0992
56.2867,310.92,-1128.56,71.71,-10.95,151.57,-37.20,0.0554,0.2422,-0.1962,-0.2598,-0.1205,-0.0457
56.3287,311.30,-1128.02,71.56,-10.51,151.07,-37.93,0.0512,0.2383,-0.1988,-0.2453,-0.1313,0.0066
56.3699,311.68,-1127.55,71.29,-10.51,149.39,-39.10,0.0482,0.2359,-0.1996,-0.2263,-0.1237,0.0524
56.4115,312.22,-1127.15,71.08,-11.56,146.60,-39.52,0.0447,0.2337,-0.2003,-0.2096,-0.1030,0.0866
56.4535,312.89,-1126.94,70.82,-12.74,143.90,-38.55,0.0417,0.2324,-0.1997,-0.1971,-0.0732,0.1086
56.4953,313.49,-1126.82,70.60,-13.70,141.20,-38.72,0.0401,0.2313,-0.1984,-0.1906,-0.0391,0.1216
56.5373,314.16,-1126.75,70.20,-15.11,138.26,-38.30,0.0384,0.2286,-0.1960,-0.1872,0.0006,0.1235
56.5792,314.88,-1126.72,69.64,-17.36,135.25,-37.86,0.0380,0.2235,-0.1928,-0.1832,0.0417,0.1144
56.6202,315.69,-1126.78,68.90,-21.34,131.15,-35.78,0.0386,0.2185,-0.1898,-0.1783,0.0842,0.0925
56.6621,316.52,-1126.91,68.19,-26.09,126.35,-32.51,0.0417,0.2133,-0.1880,-0.1721,0.1261,0.0607
56.7043,317.20,-1126.98,67.57,-30.00,121.39,-29.43,0.0481,0.2080,-0.1868,-0.1615,0.1625,0.0220
56.7459,317.84,-1126.99,66.83,-34.22,115.58,-26.02,0.0561,0.2023,-0.1840,-0.1488,0.1893,-0.0150
56.7882,318.32,-1126.98,66.11,-38.32,109.85,-22.40,0.0665,0.1968,-0.1792,-0.1307,0.2118,-0.0494
56.8298,318.69,-1126.89,65.24,-42.06,103.55,-18.11,0.0768,0.1919,-0.1724,-0.1086,0.2229,-0.0792
56.8718,318.92,-1126.63,64.53,-45.04,97.88,-13.58,0.0867,0.1849,-0.1661,-0.0887,0.2281,-0.1055
56.9144,318.99,-1126.27,63.77,-46.72,93.08,-10.27,0.0959,0.1772,-0.1605,-0.0736,0.2274,-0.1232
56.9563,319.10,-1126.22,63.20,-48.83,89.94,-6.91,0.1028,0.1717,-0.1560,-0.0615,0.2264,-0.1369
56.9987,319.20,-1126.07,62.73,-50.12,86.99,-5.16,0.1064,0.1660,-0.1527,-0.0543,0.2216,-0.1415
57.0414,319.26,-1126.05,62.59,-50.86,85.17,-3.17,0.1083,0.1613,-0.1519,-0.0497,0.2204,-0.1453
57.0834,319.26,-1126.01,62.58,-50.66,84.00,-2.29,0.1087,0.1572,-0.1533,-0.0494,0.2206,-0.1451
57.1259,319.22,-1126.03,62.58,-50.48,83.55,-1.37,0.1107,0.1521,-0.1556,-0.0498,0.2213,-0.1433
57.1686,318.98,-1126.13,62.84,-50.18,83.41,-0.88,0.1134,0.1468,-0.1600,-0.0496,0.2230,-0.1420
57.2103,318.66,-1126.24,63.13,-49.96,82.77,-0.14,0.1169,0.1361,-0.1630,-0.0488,0.2248,-0.1402
57.2522,318.21,-1126.23,63.49,-49.32,81.64,1.29,0.1227,0.1185,-0.1662,-0.0464,0.2255,-0.1395
57.2937,317.65,-1126.18,63.84,-48.30,80.00,3.50,0.1337,0.0935,-0.1695,-0.0439,0.2263,-0.1402
57.3357,316.94,-1126.14,64.18,-47.47,77.40,6.50,0.1526,0.0630,-0.1712,-0.0406,0.2278,-0.1432
57.3795,316.17,-1126.16,64.53,-46.78,74.44,9.88,0.1757,0.0299,-0.1729,-0.0366,0.2289,-0.1480
57.4184,315.36,-1126.12,64.83,-46.00,71.73,13.23,0.2016,-0.0093,-0.1692,-0.0322,0.2291,-0.1536
57.4598,314.59,-1125.92,65.09,-44.52,69.60,15.61,0.2251,-0.0529,-0.1582,-0.0279,0.2283,-0.1594
57.5005,313.90,-1125.72,65.30,-43.00,68.04,17.70,0.2394,-0.0992,-0.1413,-0.0246,0.2276,-0.1656
57.5412,313.34,-1125.53,65.40,-42.14,66.74,19.72,0.2429,-0.1474,-0.1123,-0.0225,0.2264,-0.1712
57.5823,312.94,-1125.35,65.40,-41.35,66.33,20.96,0.2377,-0.1790,-0.0818,-0.0223,0.2250,-0.1749
57.6240,312.67,-1125.35,65.37,-41.16,66.22,21.89,0.2370,-0.1966,-0.0449,-0.0221,0.2260,-0.1782
57.6656,312.47,-1125.43,65.38,-41.33,65.39,21.80,0.2366,-0.1999,0.0003,-0.0222,0.2270,-0.1806
57.7070,312.30,-1125.47,65.37,-40.74,64.49,22.03,0.2330,-0.1892,0.0445,-0.0216,0.2279,-0.1826
57.7484,312.11,-1125.61,65.33,-40.19,63.09,22.48,0.2272,-0.1686,0.0854,-0.0202,0.2287,-0.1839
57.7905,311.84,-1125.80,65.29,-39.46,61.67,23.82,0.2192,-0.1405,0.1193,-0.0173,0.2290,-0.1848
57.8325,311.51,-1125.99,65.20,-39.02,60.68,24.62,0.2109,-0.1094,0.1441,-0.0133,0.2279,-0.1852
57.8744,311.11,-1126.27,65.12,-38.93,61.09,24.92,0.2034,-0.0715,0.1572,-0.0076,0.2253,-0.1861
57.9159,310.68,-1126.65,65.05,-39.24,61.74,24.60,0.1960,-0.0283,0.1581,-0.0023,0.2223,-0.1869
57.9574,310.26,-1127.09,65.05,-39.86,63.60,24.15,0.1886,0.0184,0.1492,0.0025,0.2193,-0.1876
57.9996,309.92,-1127.51,65.13,-40.45,65.58,23.02,0.1800,0.0665,0.1299,0.0053,0.2153,-0.1871
58.0414,309.58,-1127.89,65.22,-40.68,68.18,21.52,0.1699,0.1118,0.1043,0.0070,0.2115,-0.1858
58.0832,309.35,-1128.20,65.36,-41.09,71.14,20.04,0.1569,0.1495,0.0741,0.0061,0.2080,-0.1840
58.1252,309.11,-1128.42,65.52,-41.16,74.29,17.76,0.1422,0.1811,0.0399,0.0039,0.2045,-0.1829
58.1664,308.92,-1128.41,65.77,-40.39,77.94,15.72,0.1250,0.1975,-0.0026,-0.0001,0.2004,-0.1825
58.2082,308.70,-1128.45,66.03,-39.48,81.19,12.74,0.1108,0.2033,-0.0418,-0.0044,0.1980,-0.1823
58.2501,308.47,-1128.39,66.25,-38.70,84.45,10.48,0.1005,0.2055,-0.0802,-0.0095,0.1954,-0.1830
58.2919,308.20,-1128.46,66.55,-38.15,87.69,7.17,0.0944,0.2046,-0.1110,-0.0156,0.1943,-0.1853
58.3338,307.96,-1128.40,66.84,-37.43,91.71,4.31,0.0916,0.2019,-0.1336,-0.0233,0.1926,-0.1884
58.3759,307.66,-1128.58,67.25,-36.86,96.71,0.05,0.0909,0.2023,-0.1496,-0.0320,0.1904,-0.1924
58.4170,307.51,-1128.84,67.69,-36.39,103.70,-4.51,0.0894,0.2050,-0.1601,-0.0445,0.1847,-0.1974
58.4592,307.28,-1129.06,68.34,-34.64,112.04,-11.97,0.0890,0.2094,-0.1692,-0.0610,0.1722,-0.2032
58.5011,307.39,-1129.25,69.08,-31.53,119.83,-17.18,0.0863,0.2129,-0.1776,-0.0852,0.1525,-0.2085
58.5426,307.56,-1129.53,69.82,-28.29,127.08,-22.54,0.0843,0.2180,-0.1843,-0.1161,0.1266,-0.2118
58.5843,307.93,-1129.64,70.41,-24.45,132.75,-26.01,0.0805,0.2216,-0.1882,-0.1525,0.0940,-0.2083
58.6261,308.34,-1129.77,70.94,-21.59,137.71,-29.49,0.0766,0.2260,-0.1907,-0.1882,0.0571,-0.1971
58.6676,308.79,-1129.68,71.25,-18.75,141.15,-32.38,0.0737,0.2306,-0.1915,-0.2228,0.0163,-0.1749
58.7098,309.26,-1129.47,71.45,-16.43,144.10,-34.41,0.0723,0.2336,-0.1922,-0.2515,-0.0280,-0.1406
58.7514,309.71,-1129.18,71.52,-14.58,145.73,-36.90,0.0720,0.2350,-0.1927,-0.2686,-0.0692,-0.0989
58.7930,310.13,-1128.77,71.47,-13.19,146.50,-38.82,0.0718,0.2365,-0.1937,-0.2739,-0.1057,-0.0510
58.8344,310.44,-1128.32,71.30,-12.32,146.50,-40.34,0.0726,0.2372,-0.1946,-0.2674,-0.1324,0.0028
58.8759,310.68,-1127.83,71.00,-11.63,145.99,-41.04,0.0728,0.2368,-0.1952,-0.2487,-0.1386,0.0593
58.9179,311.01,-1127.55,70.64,-12.34,145.53,-42.58,0.0731,0.2382,-0.1937,-0.2315,-0.1231,0.1014
58.9598,311.37,-1127.32,70.22,-13.00,144.85,-42.84,0.0717,0.2399,-0.1908,-0.2172,-0.1000,0.1348
59.0016,311.76,-1127.12,69.86,-14.04,143.55,-43.97,0.0687,0.2391,-0.1879,-0.2021,-0.0708,0.1552
59.0436,312.17,-1126.99,69.47,-15.24,141.98,-43.45,0.0647,0.2363,-0.1870,-0.1893,-0.0296,0.1621
59.0851,312.56,-1126.88,69.10,-16.68,139.75,-43.72,0.0631,0.2319,-0.1873,-0.1777,0.0156,0.1605
59.1273,313.00,-1126.98,68.74,-18.78,137.64,-43.00,0.0632,0.2279,-0.1888,-0.1675,0.0645,0.1454
59.1693,313.46,-1127.04,68.32,-21.26,134.90,-42.28,0.0639,0.2216,-0.1882,-0.1591,0.1112,0.1224
59.2114,313.87,-1127.11,68.02,-23.88,131.63,-40.80,0.0662,0.2153,-0.1863,-0.1495,0.1564,0.0896
59.2530,314.28,-1127.20,67.65,-26.55,127.47,-38.84,0.0697,0.2097,-0.1822,-0.1364,0.1955,0.0494
59.2944,314.70,-1126.99,67.34,-28.65,122.49,-35.60,0.0749,0.2017,-0.1775,-0.1212,0.2209,0.0028
59.3361,315.23,-1127.06,66.88,-31.63,116.91,-32.48,0.0798,0.1960,-0.1714,-0.1054,0.2350,-0.0419
59.3781,315.76,-1127.05,66.47,-34.74,111.50,-27.99,0.0837,0.1896,-0.1669,-0.0895,0.2375,-0.0831
59.4205,316.33,-1127.08,66.12,-37.35,104.57,-23.47,0.0862,0.1825,-0.1633,-0.0794,0.2354,-0.1163
59.4620,316.84,-1127.29,65.88,-39.79,98.55,-16.95,0.0870,0.1775,-0.1627,-0.0704,0.2332,-0.1418
59.5036,317.20,-1127.54,65.75,-41.49,92.92,-12.43,0.0891,0.1732,-0.1616,-0.0647,0.2309,-0.1564
59.5456,317.48,-1127.91,65.76,-42.96,89.38,-6.96,0.0893,0.1729,-0.1608,-0.0593,0.2299,-0.1640
59.5873,317.58,-1128.10,65.77,-43.17,87.25,-5.18,0.0886,0.1705,-0.1579,-0.0543,0.2270,-0.1632
59.6295,317.65,-1128.53,65.81,-44.27,85.71,-2.07,0.0867,0.1701,-0.1573,-0.0504,0.2273,-0.1597
59.6715,317.44,-1128.74,65.85,-44.54,85.02,-0.89,0.0883,0.1660,-0.1589,-0.0471,0.2274,-0.1553
59.7135,317.15,-1129.08,65.82,-45.40,84.04,0.88,0.0936,0.1583,-0.1637,-0.0447,0.2295,-0.1511
59.7550,316.70,-1129.21,65.80,-46.39,82.64,3.17,0.1046,0.1423,-0.1713,-0.0416,0.2310,-0.1485
59.7975,316.09,-1129.33,65.69,-47.42,80.77,5.60,0.1214,0.1185,-0.1799,-0.0372,0.2328,-0.1476
59.8395,315.34,-1129.21,65.57,-47.95,79.75,8.67,0.1459,0.0866,-0.1888,-0.0337,0.2335,-0.1492
59.8824,314.45,-1128.97,65.37,-48.43,79.85,10.94,0.1745,0.0469,-0.1954,-0.0322,0.2342,-0.1528
59.9249,313.54,-1128.70,65.11,-49.27,80.49,11.99,0.2037,0.0006,-0.1966,-0.0317,0.2335,-0.1570
59.9666,312.67,-1128.38,64.84,-50.09,80.84,12.64,0.2340,-0.0474,-0.1887,-0.0306,0.2324,-0.1610
60.0088,311.90,-1128.00,64.57,-50.72,81.80,12.60,0.2619,-0.0976,-0.1702,-0.0301,0.2309,-0.1642
60.0514,311.25,-1127.76,64.28,-51.25,83.04,12.62,0.2846,-0.1436,-0.1414,-0.0302,0.2315,-0.1672
60.0933,310.72,-1127.60,64.06,-52.08,83.97,12.29,0.3017,-0.1817,-0.1061,-0.0311,0.2320,-0.1697
60.1353,310.35,-1127.58,63.90,-52.61,84.54,12.06,0.3105,-0.2102,-0.0617,-0.0320,0.2328,-0.1724
60.1768,310.08,-1127.59,63.85,-52.81,85.20,11.03,0.3132,-0.2243,-0.0151,-0.0336,0.2328,-0.1745
60.2186,309.94,-1127.72,63.94,-52.55,85.61,10.94,0.3077,-0.2231,0.0325,-0.0351,0.2323,-0.1768
60.2607,309.89,-1127.83,64.12,-52.23,84.85,11.15,0.2941,-0.2101,0.0782,-0.0369,0.2309,-0.1794
60.3025,309.89,-1128.01,64.25,-51.18,83.93,11.43,0.2806,-0.1849,0.1178,-0.0385,0.2306,-0.1806
60.3445,309.92,-1128.36,64.38,-51.09,82.58,12.20,0.2720,-0.1607,0.1498,-0.0385,0.2315,-0.1804
60.3857,309.90,-1128.75,64.47,-51.09,81.41,12.54,0.2532,-0.1225,0.1685,-0.0373,0.2314,-0.1783
60.4275,309.86,-1129.15,64.55,-50.76,80.36,12.51,0.2297,-0.0731,0.1757,-0.0348,0.2309,-0.1754
60.4698,309.75,-1129.56,64.70,-50.21,79.76,12.64,0.2104,-0.0299,0.1715,-0.0309,0.2289,-0.1726
60.5115,309.57,-1130.02,64.91,-49.60,80.02,12.14,0.1991,0.0117,0.1557,-0.0263,0.2268,-0.1708
60.5537,309.33,-1130.41,65.20,-48.83,81.93,11.11,0.1937,0.0567,0.1353,-0.0223,0.2250,-0.1694
60.5954,309.16,-1130.87,65.53,-48.17,84.43,9.82,0.1889,0.1058,0.1116,-0.0186,0.2244,-0.1684
60.6364,308.96,-1131.15,65.86,-47.16,87.94,8.02,0.1760,0.1479,0.0796,-0.0161,0.2218,-0.1669
60.6769,308.92,-1131.36,66.19,-46.27,91.45,6.14,0.1622,0.1849,0.0469,-0.0168,0.2195,-0.1655
60.7176,308.85,-1131.48,66.51,-45.18,95.06,3.69,0.1483,0.2117,0.0092,-0.0193,0.2173,-0.1640
60.7585,308.84,-1131.50,66.85,-43.78,98.06,1.57,0.1349,0.2244,-0.0273,-0.0238,0.2141,-0.1638
60.8000,308.75,-1131.53,67.25,-42.30,100.95,-1.09,0.1246,0.2283,-0.0621,-0.0303,0.2106,-0.1655
60.8408,308.74,-1131.65,67.74,-40.95,102.25,-4.24,0.1168,0.2270,-0.0891,-0.0387,0.2069,-0.1698
60.8823,308.78,-1131.83,68.33,-39.10,103.87,-5.68,0.1125,0.2261,-0.1089,-0.0499,0.2007,-0.1771
60.9240,308.86,-1132.15,68.96,-37.64,106.13,-7.40,0.1106,0.2264,-0.1258,-0.0639,0.1940,-0.1866
60.9660,308.92,-1132.48,69.60,-36.26,109.36,-9.47,0.1116,0.2258,-0.1367,-0.0812,0.1824,-0.1982
61.0077,309.08,-1132.71,70.17,-34.70,112.96,-12.25,0.1141,0.2295,-0.1430,-0.1042,0.1640,-0.2083
61.0491,309.23,-1132.87,70.66,-32.95,117.39,-15.20,0.1170,0.2346,-0.1455,-0.1299,0.1391,-0.2166
61.0910,309.44,-1132.94,71.01,-31.08,122.43,-19.00,0.1177,0.2389,-0.1467,-0.1582,0.1043,-0.2199
61.1315,309.67,-1132.85,71.15,-29.77,127.83,-23.48,0.1170,0.2431,-0.1467,-0.1884,0.0614,-0.2164
61.1738,309.91,-1132.46,71.10,-28.08,132.54,-27.43,0.1155,0.2458,-0.1478,-0.2188,0.0109,-0.2045
61.2155,310.18,-1132.01,70.98,-26.68,136.40,-31.00,0.1133,0.2466,-0.1508,-0.2468,-0.0402,-0.1828
61.2571,310.40,-1131.42,70.83,-24.88,139.35,-33.87,0.1108,0.2477,-0.1548,-0.2696,-0.0918,-0.1503
61.2985,310.74,-1130.99,70.61,-23.80,141.43,-36.51,0.1073,0.2505,-0.1603,-0.2880,-0.1342,-0.1064
61.3403,310.99,-1130.49,70.36,-22.54,142.86,-38.86,0.1035,0.2523,-0.1653,-0.2975,-0.1638,-0.0531
61.3820,311.37,-1130.11,70.11,-21.89,143.45,-39.98,0.0954,0.2536,-0.1721,-0.2978,-0.1742,0.0051
61.4238,311.59,-1129.70,69.82,-21.40,142.42,-41.27,0.0875,0.2497,-0.1785,-0.2862,-0.1657,0.0601
61.4661,311.95,-1129.48,69.47,-21.66,141.57,-41.48,0.0790,0.2465,-0.1838,-0.2655,-0.1397,0.1033
61.5073,312.23,-1129.30,69.15,-22.19,140.47,-41.82,0.0716,0.2422,-0.1874,-0.2440,-0.1020,0.1316
61.5496,312.57,-1129.27,68.78,-23.14,139.33,-41.89,0.0646,0.2373,-0.1893,-0.2224,-0.0582,0.1475
61.5915,312.91,-1129.30,68.47,-24.25,137.96,-42.17,0.0608,0.2315,-0.1885,-0.2015,-0.0090,0.1502
61.6333,313.30,-1129.31,68.10,-25.02,136.20,-42.47,0.0582,0.2265,-0.1862,-0.1821,0.0392,0.1383
61.6751,313.77,-1129.47,67.77,-26.52,133.94,-42.49,0.0578,0.2227,-0.1824,-0.1682,0.0869,0.1156
61.7169,314.34,-1129.59,67.51,-28.11,131.31,-41.92,0.0582,0.2196,-0.1795,-0.1582,0.1322,0.0841
61.7586,314.88,-1129.67,67.31,-29.58,127.99,-40.77,0.0613,0.2163,-0.1759,-0.1469,0.1705,0.0455
61.8002,315.30,-1129.58,67.10,-30.44,124.31,-39.97,0.0670,0.2108,-0.1714,-0.1306,0.1986,0.0019
61.8421,315.81,-1129.40,66.81,-31.88,120.78,-38.63,0.0734,0.2044,-0.1651,-0.1097,0.2141,-0.0410
61.8838,316.21,-1129.10,66.52,-33.25,116.23,-37.08,0.0821,0.1972,-0.1570,-0.0885,0.2212,-0.0774
61.9255,316.65,-1128.69,66.17,-34.71,111.21,-34.43,0.0921,0.1896,-0.1479,-0.0729,0.2248,-0.1033
61.9670,317.02,-1128.41,65.94,-36.43,106.24,-31.11,0.1017,0.1848,-0.1404,-0.0613,0.2247,-0.1231
62.0092,317.36,-1128.17,65.67,-38.32,101.05,-27.38,0.1099,0.1810,-0.1334,-0.0541,0.2264,-0.1392
62.0511,317.65,-1128.04,65.52,-40.07,96.74,-22.88,0.1152,0.1779,-0.1291,-0.0539,0.2267,-0.1479
62.0932,317.88,-1127.96,65.40,-41.65,92.34,-19.26,0.1176,0.1740,-0.1276,-0.0545,0.2294,-0.1544
62.1350,318.05,-1128.05,65.40,-43.19,88.00,-14.37,0.1179,0.1682,-0.1311,-0.0570,0.2329,-0.1571
62.1763,318.16,-1128.11,65.41,-44.55,83.78,-10.24,0.1190,0.1577,-0.1393,-0.0578,0.2350,-0.1592
62.2180,318.22,-1128.12,65.38,-45.57,78.26,-4.62,0.1247,0.1406,-0.1516,-0.0579,0.2362,-0.1608
62.2603,318.14,-1128.11,65.40,-46.37,73.38,0.16,0.1350,0.1185,-0.1672,-0.0579,0.2372,-0.1634
62.3026,317.78,-1127.90,65.30,-46.33,68.70,5.26,0.1511,0.0871,-0.1835,-0.0563,0.2366,-0.1664
62.3448,317.26,-1127.70,65.22,-46.86,65.55,9.64,0.1711,0.0518,-0.1995,-0.0536,0.2359,-0.1712
62.3876,316.78,-1127.31,64.99,-46.64,62.98,13.82,0.1931,0.0055,-0.2109,-0.0522,0.2335,-0.1750
62.4296,316.21,-1126.96,64.75,-46.91,61.19,16.36,0.2163,-0.0445,-0.2142,-0.0499,0.2322,-0.1790
62.4716,315.82,-1126.57,64.50,-46.96,59.50,18.88,0.2327,-0.1000,-0.2067,-0.0493,0.2305,-0.1829
62.5139,315.42,-1126.17,64.24,-47.14,58.58,20.44,0.2470,-0.1539,-0.1879,-0.0488,0.2289,-0.1868
62.5555,315.17,-1125.71,63.91,-47.00,58.68,21.35,0.2557,-0.1998,-0.1543,-0.0500,0.2258,-0.1896
62.5967,315.03,-1125.39,63.60,-47.34,59.28,22.20,0.2595,-0.2336,-0.1088,-0.0534,0.2219,-0.1899
62.6383,315.01,-1125.14,63.31,-47.74,59.41,22.26,0.2600,-0.2529,-0.0582,-0.0565,0.2188,-0.1897
62.6801,315.00,-1125.09,63.14,-47.93,59.38,22.68,0.2580,-0.2575,-0.0058,-0.0600,0.2175,-0.1898
62.7222,315.01,-1125.18,63.08,-48.34,58.80,22.72,0.2517,-0.2484,0.0419,-0.0614,0.2178,-0.1903
62.7645,314.99,-1125.39,63.14,-48.16,58.01,23.44,0.2438,-0.2264,0.0820,-0.0594,0.2190,-0.1910
62.8060,314.85,-1125.72,63.29,-48.20,57.38,23.21,0.2357,-0.1957,0.1137,-0.0552,0.2207,-0.1918
62.8474,314.63,-1126.07,63.51,-47.85,58.11,22.51,0.2270,-0.1578,0.1398,-0.0479,0.2231,-0.1915
62.8892,314.29,-1126.46,63.80,-47.57,59.38,21.44,0.2170,-0.1131,0.1574,-0.0392,0.2231,-0.1896
62.9311,313.93,-1126.86,64.08,-46.93,61.66,21.24,0.2034,-0.0642,0.1683,-0.0301,0.2212,-0.1867
62.9727,313.56,-1127.27,64.33,-46.69,64.01,21.36,0.1891,-0.0060,0.1651,-0.0228,0.2192,-0.1827
63.0145,313.20,-1127.66,64.58,-46.35,66.42,20.59,0.1724,0.0473,0.1490,-0.0161,0.2168,-0.1789
63.0563,312.84,-1127.88,64.77,-45.58,69.94,19.18,0.1584,0.0897,0.1235,-0.0111,0.2132,-0.1756
63.0972,312.50,-1128.17,65.00,-45.22,73.17,17.60,0.1472,0.1281,0.0908,-0.0073,0.2105,-0.1745
63.1386,312.04,-1128.31,65.23,-44.75,77.14,15.44,0.1379,0.1592,0.0486,-0.0049,0.2064,-0.1753
63.1798,311.60,-1128.36,65.46,-43.98,80.86,13.13,0.1300,0.1782,0.0047,-0.0045,0.2027,-0.1778
63.2220,311.04,-1128.50,65.77,-43.40,84.44,10.76,0.1267,0.1933,-0.0388,-0.0031,0.2002,-0.1822
63.2628,310.48,-1128.52,66.11,-42.35,87.78,8.83,0.1252,0.1950,-0.0769,-0.0024,0.1955,-0.1876
63.3041,309.93,-1128.47,66.52,-40.81,90.80,7.02,0.1247,0.1965,-0.1063,-0.0028,0.1889,-0.1930
63.3459,309.38,-1128.56,66.96,-39.21,94.33,5.19,0.1279,0.1978,-0.1269,-0.0055,0.1841,-0.1964
63.3880,308.96,-1128.73,67.37,-37.90,97.97,2.49,0.1298,0.2007,-0.1414,-0.0117,0.1810,-0.1978
63.4298,308.59,-1128.93,67.93,-36.63,102.55,-0.55,0.1328,0.2049,-0.1531,-0.0224,0.1757,-0.1991
63.4714,308.41,-1129.21,68.50,-34.96,107.14,-4.39,0.1348,0.2096,-0.1610,-0.0384,0.1664,-0.2015
63.5125,308.35,-1129.58,69.13,-33.59,112.34,-7.95,0.1349,0.2163,-0.1691,-0.0577,0.1530,-0.2072
63.5543,308.41,-1129.86,69.70,-31.50,117.44,-11.96,0.1323,0.2224,-0.1759,-0.0802,0.1303,-0.2180
63.5964,308.64,-1130.05,70.15,-29.65,122.44,-15.18,0.1269,0.2272,-0.1820,-0.1101,0.1016,-0.2280
63.6384,308.92,-1130.14,70.45,-27.87,127.47,-18.72,0.1196,0.2328,-0.1851,-0.1419,0.0685,-0.2330
63.6798,309.21,-1130.07,70.56,-25.52,132.44,-22.56,0.1102,0.2367,-0.1865,-0.1770,0.0330,-0.2285
63.7216,309.53,-1130.03,70.59,-23.18,137.19,-26.71,0.1011,0.2402,-0.1877,-0.2128,-0.0023,-0.2151
63.7625,309.96,-1129.86,70.61,-21.20,141.27,-30.03,0.0910,0.2426,-0.1898,-0.2445,-0.0419,-0.1921
63.8048,310.33,-1129.64,70.61,-18.36,144.38,-33.27,0.0809,0.2423,-0.1930,-0.2715,-0.0786,-0.1626
63.8465,310.89,-1129.37,70.43,-17.10,146.01,-35.44,0.0700,0.2405,-0.1967,-0.2908,-0.1113,-0.1231
63.8883,311.27,-1129.05,70.33,-15.82,146.19,-37.22,0.0626,0.2388,-0.2011,-0.2945,-0.1314,-0.0748
63.9301,311.62,-1128.85,70.13,-15.46,145.97,-38.26,0.0570,0.2373,-0.2039,-0.2930,-0.1328,-0.0216
63.9713,311.85,-1128.58,69.93,-15.45,145.31,-39.27,0.0532,0.2332,-0.2061,-0.2821,-0.1218,0.0308
64.0133,312.12,-1128.43,69.61,-16.27,144.20,-39.91,0.0516,0.2302,-0.2047,-0.2665,-0.1001,0.0762
64.0553,312.33,-1128.29,69.20,-17.70,142.94,-40.53,0.0520,0.2289,-0.2006,-0.2478,-0.0683,0.1106
64.0969,312.61,-1128.18,68.82,-19.34,141.24,-40.80,0.0536,0.2258,-0.1961,-0.2278,-0.0311,0.1310
64.1389,312.94,-1128.17,68.35,-21.30,139.27,-41.27,0.0562,0.2228,-0.1906,-0.2079,0.0102,0.1377
64.1806,313.26,-1128.18,67.98,-23.13,137.58,-42.63,0.0606,0.2200,-0.1857,-0.1890,0.0550,0.1322
64.2226,313.70,-1128.25,67.55,-24.99,135.17,-43.76,0.0648,0.2184,-0.1812,-0.1710,0.1023,0.1112
64.2645,314.20,-1128.47,67.14,-27.15,133.33,-43.79,0.0682,0.2168,-0.1769,-0.1527,0.1458,0.0746
64.3067,314.75,-1128.40,66.88,-28.75,130.41,-42.31,0.0711,0.2128,-0.1734,-0.1331,0.1807,0.0315
64.3484,315.31,-1128.21,66.57,-30.39,126.03,-40.57,0.0742,0.2068,-0.1695,-0.1124,0.2077,-0.0101
64.3901,315.92,-1127.98,66.24,-32.02,120.82,-37.36,0.0783,0.2004,-0.1661,-0.0920,0.2249,-0.0478
64.4315,316.70,-1127.60,66.03,-33.99,113.52,-33.52,0.0832,0.1925,-0.1624,-0.0748,0.2313,-0.0792
64.4738,317.61,-1127.28,65.90,-35.45,104.22,-26.86,0.0864,0.1841,-0.1607,-0.0625,0.2309,-0.1047
64.5151,318.40,-1127.10,65.97,-36.24,94.92,-20.11,0.0917,0.1747,-0.1616,-0.0525,0.2280,-0.1252
64.5573,319.02,-1127.28,66.09,-37.08,87.49,-13.77,0.0994,0.1685,-0.1637,-0.0482,0.2266,-0.1384
64.5988,319.43,-1127.38,66.37,-37.68,81.38,-8.97,0.1064,0.1615,-0.1665,-0.0461,0.2256,-0.1496
64.6403,319.75,-1127.55,66.61,-37.61,76.56,-4.16,0.1125,0.1544,-0.1697,-0.0466,0.2260,-0.1564
64.6829,319.82,-1127.71,66.87,-37.56,73.33,-0.14,0.1190,0.1480,-0.1732,-0.0465,0.2265,-0.1616
64.7253,319.71,-1127.92,67.00,-38.00,71.09,2.81,0.1248,0.1391,-0.1768,-0.0466,0.2278,-0.1634
64.7664,319.37,-1127.99,67.01,-38.93,69.32,5.25,0.1304,0.1207,-0.1815,-0.0446,0.2294,-0.1633
64.8084,318.96,-1127.87,66.95,-39.63,67.26,7.49,0.1389,0.0918,-0.1869,-0.0417,0.2309,-0.1641
64.8499,318.43,-1127.61,66.80,-39.96,65.02,10.39,0.1528,0.0566,-0.1925,-0.0373,0.2317,-0.1667
64.8915,317.81,-1127.35,66.54,-40.34,63.08,13.08,0.1697,0.0145,-0.1981,-0.0336,0.2319,-0.1718
64.9334,317.15,-1127.05,66.24,-41.06,60.83,16.42,0.1878,-0.0329,-0.2003,-0.0308,0.2308,-0.1782
64.9754,316.53,-1126.65,65.89,-41.53,58.91,18.71,0.2067,-0.0841,-0.1998,-0.0280,0.2289,-0.1859
65.0176,315.97,-1126.31,65.50,-42.39,57.42,21.19,0.2245,-0.1396,-0.1918,-0.0264,0.2264,-0.1929
65.0594,315.56,-1125.90,65.13,-42.98,56.45,22.34,0.2401,-0.1918,-0.1701,-0.0265,0.2242,-0.1986
65.1015,315.30,-1125.61,64.90,-43.21,56.51,23.26,0.2492,-0.2312,-0.1317,-0.0290,0.2228,-0.2034
65.1441,315.07,-1125.48,64.78,-43.37,57.13,22.75,0.2583,-0.2469,-0.0814,-0.0325,0.2231,-0.2058
65.1858,314.92,-1125.50,64.78,-43.90,57.76,21.66,0.2610,-0.2462,-0.0242,-0.0345,0.2235,-0.2061
65.2277,314.82,-1125.57,64.73,-43.90,58.25,20.57,0.2559,-0.2355,0.0306,-0.0370,0.2239,-0.2037
65.2696,314.67,-1125.79,64.72,-44.23,58.00,20.03,0.2470,-0.2149,0.0743,-0.0375,0.2257,-0.2004
65.3111,314.51,-1126.03,64.68,-44.48,58.36,19.30,0.2346,-0.1851,0.1075,-0.0374,0.2277,-0.1960
65.3532,314.27,-1126.48,64.70,-45.17,58.78,18.48,0.2241,-0.1435,0.1322,-0.0344,0.2302,-0.1916
65.3951,314.00,-1126.88,64.79,-45.73,59.37,17.47,0.2126,-0.0941,0.1489,-0.0304,0.2299,-0.1878
65.4370,313.71,-1127.22,64.94,-45.32,60.88,16.81,0.1994,-0.0400,0.1511,-0.0260,0.2274,-0.1849
65.4788,313.27,-1127.68,65.11,-45.25,62.99,15.80,0.1865,0.0116,0.1410,-0.0204,0.2248,-0.1825
65.5206,312.77,-1127.99,65.33,-45.12,65.43,14.87,0.1752,0.0595,0.1170,-0.0145,0.2202,-0.1816
65.5621,312.30,-1128.30,65.59,-44.70,69.06,14.12,0.1642,0.1053,0.0833,-0.0094,0.2163,-0.1816
65.6033,311.82,-1128.47,65.91,-44.09,73.45,12.27,0.1535,0.1447,0.0426,-0.0055,0.2114,-0.1828
65.6449,311.41,-1128.51,66.29,-42.93,78.48,9.53,0.1431,0.1763,-0.0017,-0.0040,0.2060,-0.1847
65.6859,311.09,-1128.44,66.64,-41.43,83.18,6.12,0.1337,0.1971,-0.0495,-0.0046,0.1995,-0.1867
65.7273,310.85,-1128.36,66.98,-39.65,86.80,4.03,0.1282,0.2030,-0.0925,-0.0072,0.1940,-0.1893
65.7691,310.50,-1128.36,67.35,-38.67,89.99,1.14,0.1253,0.2029,-0.1262,-0.0109,0.1890,-0.1926
65.8108,310.19,-1128.18,67.71,-37.06,93.48,-0.98,0.1205,0.1984,-0.1490,-0.0165,0.1832,-0.1961
65.8525,309.82,-1128.22,68.08,-35.75,97.44,-4.43,0.1165,0.1981,-0.1643,-0.0230,0.1799,-0.1996
65.8944,309.54,-1128.37,68.45,-35.00,102.10,-7.49,0.1121,0.2018,-0.1761,-0.0319,0.1778,-0.2027
65.9359,309.20,-1128.51,68.79,-33.70,107.48,-11.58,0.1076,0.2066,-0.1819,-0.0428,0.1756,-0.2048
65.9770,308.84,-1128.75,69.16,-32.38,114.11,-15.65,0.1024,0.2143,-0.1863,-0.0567,0.1718,-0.2063
66.0189,308.38,-1128.91,69.61,-29.76,121.77,-20.69,0.0961,0.2203,-0.1887,-0.0720,0.1614,-0.2088
66.0607,308.14,-1129.21,70.03,-26.77,129.62,-25.14,0.0873,0.2255,-0.1917,-0.0901,0.1448,-0.2123
66.1025,308.02,-1129.46,70.49,-23.45,136.72,-29.58,0.0789,0.2295,-0.1952,-0.1157,0.1197,-0.2164
66.1443,308.16,-1129.62,70.85,-20.43,142.27,-33.04,0.0708,0.2335,-0.1993,-0.1454,0.0878,-0.2178
66.1855,308.34,-1129.60,71.16,-17.24,146.51,-35.48,0.0639,0.2366,-0.2031,-0.1764,0.0495,-0.2130
66.2276,308.67,-1129.42,71.35,-15.18,149.40,-37.34,0.0582,0.2370,-0.2060,-0.2093,0.0042,-0.1992
66.2690,309.03,-1129.16,71.41,-13.30,151.04,-38.57,0.0532,0.2370,-0.2087,-0.2402,-0.0414,-0.1772
66.3108,309.40,-1128.79,71.35,-12.59,151.72,-39.70,0.0493,0.2356,-0.2094,-0.2647,-0.0881,-0.1432
66.3528,309.75,-1128.37,71.15,-12.38,151.26,-40.67,0.0459,0.2355,-0.2092,-0.2785,-0.1272,-0.0987
66.3946,310.10,-1127.99,70.89,-13.01,150.07,-41.48,0.0430,0.2351,-0.2088,-0.2811,-0.1531,-0.0456
66.4364,310.51,-1127.75,70.69,-13.97,148.22,-41.50,0.0402,0.2349,-0.2089,-0.2750,-0.1632,0.0094
66.4783,311.02,-1127.71,70.60,-14.77,146.12,-40.52,0.0366,0.2349,-0.2101,-0.2642,-0.1509,0.0577
66.5203,311.61,-1127.85,70.66,-15.59,143.46,-39.20,0.0321,0.2340,-0.2123,-0.2497,-0.1296,0.0966
66.5621,312.36,-1128.27,70.92,-16.66,140.39,-36.42,0.0270,0.2320,-0.2161,-0.2351,-0.0974,0.1216
66.6038,313.05,-1128.81,71.41,-16.73,136.64,-34.06,0.0236,0.2282,-0.2208,-0.2197,-0.0578,0.1330
66.6451,313.83,-1129.67,71.96,-17.18,132.57,-30.73,0.0219,0.2256,-0.2237,-0.2049,-0.0110,0.1314
66.6868,314.56,-1130.72,72.62,-17.50,128.35,-28.06,0.0223,0.2244,-0.2250,-0.1921,0.0384,0.1198
66.7289,315.33,-1131.93,73.30,-17.89,123.98,-24.46,0.0236,0.2245,-0.2245,-0.1814,0.0880,0.1008
66.7708,315.98,-1133.12,74.15,-17.42,118.84,-21.77,0.0258,0.2234,-0.2240,-0.1692,0.1363,0.0750
66.8126,316.54,-1134.41,74.94,-16.80,113.82,-18.75,0.0294,0.2228,-0.2233,-0.1519,0.1799,0.0421
66.8541,316.85,-1135.53,75.82,-14.78,109.21,-16.29,0.0346,0.2208,-0.2247,-0.1302,0.2118,0.0061
66.8962,317.09,-1136.74,76.48,-13.50,104.98,-14.15,0.0417,0.2190,-0.2253,-0.1085,0.2378,-0.0298
66.9381,317.18,-1137.89,77.12,-12.64,101.61,-11.22,0.0481,0.2166,-0.2283,-0.0886,0.2551,-0.0686
66.9798,317.11,-1138.94,77.70,-11.49,98.48,-9.28,0.0557,0.2129,-0.2331,-0.0732,0.2658,-0.1080
67.0214,316.93,-1140.06,78.24,-10.02,95.84,-6.95,0.0634,0.2105,-0.2406,-0.0624,0.2743,-0.1455
67.0634,316.52,-1141.19,78.71,-8.83,94.22,-5.22,0.0723,0.2089,-0.2497,-0.0531,0.2789,-0.1798
67.1044,316.04,-1142.20,79.15,-7.36,93.06,-4.00,0.0805,0.2080,-0.2604,-0.0450,0.2805,-0.2096
67.1464,315.48,-1143.12,79.51,-5.57,92.65,-2.71,0.0873,0.2079,-0.2716,-0.0373,0.2794,-0.2347
67.1884,314.97,-1144.01,79.89,-3.89,92.56,-1.62,0.0923,0.2076,-0.2832,-0.0308,0.2749,-0.2544
67.2305,314.51,-1144.78,80.20,-2.30,92.77,-0.63,0.0955,0.2069,-0.2951,-0.0246,0.2681,-0.2718
67.2726,314.14,-1145.46,80.47,-0.56,92.70,-0.11,0.0978,0.2044,-0.3082,-0.0234,0.2597,-0.2844
67.3140,313.82,-1146.06,80.72,1.02,92.95,0.49,0.1010,0.1986,-0.3233,-0.0233,0.2511,-0.2975
67.3560,313.53,-1146.56,81.04,3.06,93.59,0.63,0.1056,0.1901,-0.3419,-0.0288,0.2411,-0.3130
67.3973,313.31,-1146.99,81.31,5.17,94.41,0.83,0.1136,0.1794,-0.3643,-0.0390,0.2301,-0.3322
67.4392,313.15,-1147.33,81.56,7.13,95.30,1.12,0.1243,0.1669,-0.3908,-0.0543,0.2167,-0.3578
67.4809,313.07,-1147.57,81.77,8.96,96.07,1.40,0.1367,0.1510,-0.4200,-0.0730,0.1980,-0.3870
67.5225,313.05,-1147.73,81.89,10.42,96.59,1.58,0.1478,0.1293,-0.4483,-0.0927,0.1747,-0.4175
67.5642,313.07,-1147.81,81.99,11.41,97.03,1.71,0.1547,0.1020,-0.4722,-0.1133,0.1468,-0.4461
67.6059,313.02,-1147.81,81.87,11.27,97.50,0.38,0.1590,0.0691,-0.4947,-0.1264,0.1173,-0.4638
67.6479,312.79,-1147.68,81.46,9.05,98.83,-1.69,0.1622,0.0315,-0.5124,-0.1271,0.0936,-0.4600
67.6897,312.63,-1147.43,81.36,8.30,100.48,-0.48,0.1597,-0.0014,-0.5191,-0.1319,0.0778,-0.4592
67.7313,312.37,-1146.75,81.67,9.49,102.45,-0.78,0.1527,-0.0239,-0.5133,-0.1281,0.0639,-0.4461
67.7731,312.30,-1146.38,81.62,9.76,103.13,-0.90,0.1439,-0.0337,-0.5029,-0.1254,0.0617,-0.4310
67.8147,312.23,-1145.81,81.66,9.24,103.22,-1.97,0.1382,-0.0375,-0.4980,-0.1272,0.0637,-0.4279
67.8569,312.18,-1145.54,81.26,6.81,103.00,-2.49,0.1356,-0.0300,-0.4931,-0.1266,0.0723,-0.4225
67.8987,312.10,-1145.37,81.23,5.51,102.84,-2.85,0.1339,-0.0139,-0.4910,-0.1252,0.0833,-0.4177
