ArmSpan,151.67
Timestamp,HeadX,HeadY,HeadZ,HeadPitch,HeadYaw,HeadRoll,LeftX_norm,LeftY_norm,LeftZ_norm,RightX_norm,RightY_norm,RightZ_norm
0.0419,215.24,-1116.63,81.47,2.94,107.67,1.27,0.1460,0.0335,-0.4801,-0.0768,0.1203,-0.2182
0.0838,215.45,-1116.79,81.52,3.13,106.98,1.09,0.1414,0.0376,-0.4776,-0.0789,0.1224,-0.2323
0.1251,215.66,-1116.92,81.55,3.26,106.41,1.03,0.1380,0.0392,-0.4762,-0.0824,0.1240,-0.2459
0.1669,215.81,-1117.00,81.57,3.46,105.82,0.89,0.1366,0.0384,-0.4762,-0.0867,0.1224,-0.2576
0.2086,215.92,-1117.05,81.58,3.60,105.28,0.79,0.1369,0.0359,-0.4772,-0.0914,0.1201,-0.2685
0.2508,215.99,-1117.08,81.55,3.45,104.96,0.83,0.1383,0.0321,-0.4781,-0.0962,0.1187,-0.2794
0.2927,216.04,-1117.10,81.50,3.04,104.91,0.82,0.1399,0.0288,-0.4784,-0.1001,0.1176,-0.2901
0.3345,216.04,-1117.11,81.44,2.67,104.97,0.80,0.1402,0.0266,-0.4767,-0.1020,0.1159,-0.3022
0.3760,216.05,-1117.11,81.37,2.27,104.95,0.73,0.1366,0.0270,-0.4702,-0.1029,0.1119,-0.3125
0.4178,216.09,-1117.05,81.37,2.50,104.80,0.57,0.1319,0.0309,-0.4584,-0.1024,0.1073,-0.3172
0.4605,216.16,-1116.97,81.37,2.46,104.40,0.33,0.1271,0.0379,-0.4421,-0.1012,0.1042,-0.3164
0.5019,216.30,-1116.93,81.26,1.83,103.45,-0.02,0.1225,0.0470,-0.4228,-0.1006,0.1036,-0.3128
0.5430,216.48,-1116.92,81.10,0.94,102.41,-0.27,0.1172,0.0586,-0.4006,-0.1006,0.1063,-0.3076
0.5848,216.65,-1116.97,80.98,0.11,101.34,-0.58,0.1121,0.0708,-0.3775,-0.1004,0.1101,-0.3010
0.6267,216.85,-1117.03,80.91,-0.35,100.26,-1.15,0.1065,0.0827,-0.3533,-0.0997,0.1151,-0.2927
0.6687,217.07,-1117.16,80.77,-1.08,99.00,-1.89,0.1006,0.0930,-0.3297,-0.0987,0.1197,-0.2840
0.7106,217.29,-1117.32,80.63,-1.91,97.56,-2.18,0.0949,0.1003,-0.3060,-0.0967,0.1242,-0.2748
0.7526,217.44,-1117.52,80.53,-2.28,96.17,-2.40,0.0904,0.1043,-0.2830,-0.0940,0.1284,-0.2656
0.7938,217.65,-1117.70,80.41,-2.93,94.99,-1.89,0.0855,0.1081,-0.2679,-0.0908,0.1319,-0.2569
0.8357,217.65,-1117.99,80.28,-3.56,94.40,-2.47,0.0806,0.1131,-0.2553,-0.0851,0.1357,-0.2487
0.8775,217.68,-1118.22,80.15,-3.85,94.06,-3.11,0.0767,0.1154,-0.2453,-0.0799,0.1384,-0.2402
0.9193,217.70,-1118.52,80.05,-4.28,93.73,-3.37,0.0725,0.1188,-0.2379,-0.0753,0.1406,-0.2325
0.9615,217.69,-1118.81,80.04,-4.03,93.18,-3.55,0.0698,0.1255,-0.2309,-0.0713,0.1434,-0.2263
1.0028,217.70,-1119.13,80.04,-3.89,92.63,-3.31,0.0682,0.1310,-0.2243,-0.0683,0.1470,-0.2211
1.0445,217.63,-1119.39,80.10,-3.16,92.57,-3.40,0.0678,0.1372,-0.2172,-0.0653,0.1511,-0.2165
1.0869,217.56,-1119.70,80.08,-2.92,92.62,-3.51,0.0692,0.1457,-0.2104,-0.0631,0.1562,-0.2120
1.1285,217.45,-1119.97,80.11,-2.81,92.81,-3.37,0.0722,0.1542,-0.2050,-0.0619,0.1610,-0.2071
1.1706,217.31,-1120.18,80.18,-2.32,93.22,-3.22,0.0759,0.1626,-0.1991,-0.0624,0.1658,-0.2017
1.2114,217.17,-1120.42,80.24,-2.06,93.58,-3.11,0.0816,0.1701,-0.1919,-0.0637,0.1714,-0.1954
1.2529,216.96,-1120.62,80.32,-1.48,94.20,-3.16,0.0890,0.1763,-0.1841,-0.0660,0.1767,-0.1880
1.2945,216.77,-1120.87,80.34,-1.22,94.87,-3.10,0.0969,0.1837,-0.1758,-0.0693,0.1825,-0.1799
1.3369,216.63,-1121.05,80.42,-1.01,95.60,-2.88,0.1010,0.1919,-0.1660,-0.0728,0.1891,-0.1715
1.3787,216.55,-1121.17,80.53,-0.15,96.06,-2.65,0.1009,0.1993,-0.1548,-0.0747,0.1974,-0.1622
1.4202,216.49,-1121.41,80.61,0.40,96.31,-2.55,0.0973,0.2089,-0.1444,-0.0743,0.2082,-0.1529
1.4623,216.49,-1121.70,80.70,0.85,96.55,-2.56,0.0903,0.2216,-0.1343,-0.0723,0.2208,-0.1440
1.5036,216.50,-1122.01,80.79,1.22,96.91,-2.83,0.0811,0.2347,-0.1244,-0.0701,0.2346,-0.1392
1.5455,216.55,-1122.28,80.95,1.91,97.34,-3.25,0.0715,0.2464,-0.1171,-0.0701,0.2466,-0.1398
1.5880,216.64,-1122.47,81.14,2.75,98.07,-3.98,0.0639,0.2591,-0.1126,-0.0725,0.2498,-0.1427
1.6294,216.83,-1122.58,81.24,3.35,98.91,-4.51,0.0586,0.2703,-0.1098,-0.0822,0.2425,-0.1467
1.6718,217.09,-1122.56,81.34,3.56,100.39,-4.86,0.0583,0.2826,-0.1103,-0.0997,0.2222,-0.1483
1.7130,217.39,-1122.38,81.38,4.07,102.34,-5.70,0.0595,0.2929,-0.1133,-0.1235,0.1887,-0.1487
1.7546,217.81,-1122.02,81.45,4.41,104.27,-6.57,0.0637,0.3009,-0.1209,-0.1535,0.1509,-0.1470
1.7968,218.24,-1121.51,81.54,4.95,105.79,-8.25,0.0675,0.3066,-0.1308,-0.1874,0.1131,-0.1353
1.8385,218.71,-1120.96,81.60,5.28,107.07,-9.74,0.0706,0.3088,-0.1415,-0.2226,0.0779,-0.1089
1.8804,219.16,-1120.40,81.56,5.09,108.20,-11.12,0.0717,0.3090,-0.1517,-0.2480,0.0489,-0.0690
1.9215,219.64,-1119.85,81.56,4.80,108.84,-11.89,0.0659,0.3062,-0.1594,-0.2604,0.0275,-0.0225
1.9639,220.06,-1119.28,81.55,5.09,108.87,-13.25,0.0580,0.3024,-0.1658,-0.2555,0.0212,0.0253
2.0059,220.50,-1118.86,81.46,5.02,108.34,-13.70,0.0481,0.2998,-0.1694,-0.2429,0.0338,0.0658
2.0473,220.82,-1118.54,81.41,4.79,107.20,-14.63,0.0384,0.2947,-0.1688,-0.2258,0.0587,0.0979
2.0893,221.10,-1118.27,81.33,4.46,105.90,-14.78,0.0301,0.2903,-0.1646,-0.2076,0.0945,0.1177
2.1305,221.40,-1118.02,81.18,4.31,104.83,-14.50,0.0235,0.2842,-0.1548,-0.1911,0.1290,0.1181
2.1722,221.69,-1117.76,81.08,4.16,103.80,-14.69,0.0191,0.2781,-0.1448,-0.1766,0.1605,0.1109
2.2142,221.90,-1117.59,80.91,3.65,102.81,-15.05,0.0170,0.2763,-0.1355,-0.1609,0.1914,0.0955
2.2562,222.00,-1117.44,80.74,2.88,101.59,-15.27,0.0165,0.2762,-0.1270,-0.1429,0.2187,0.0738
2.2982,221.98,-1117.39,80.59,2.03,100.08,-15.28,0.0164,0.2759,-0.1197,-0.1211,0.2427,0.0469
2.3399,221.91,-1117.29,80.40,0.91,98.23,-14.72,0.0183,0.2739,-0.1161,-0.0945,0.2636,0.0148
2.3812,221.75,-1117.13,80.29,0.01,96.19,-13.83,0.0215,0.2699,-0.1177,-0.0670,0.2771,-0.0166
2.4229,221.59,-1116.90,80.29,-0.76,93.32,-12.67,0.0269,0.2616,-0.1240,-0.0473,0.2881,-0.0438
2.4655,221.34,-1116.53,80.27,-1.03,90.56,-11.16,0.0376,0.2471,-0.1347,-0.0347,0.2957,-0.0662
2.5072,221.03,-1116.11,80.30,-1.20,87.12,-9.61,0.0543,0.2266,-0.1491,-0.0271,0.3000,-0.0819
2.5490,220.63,-1115.68,80.29,-1.55,83.98,-7.56,0.0760,0.1987,-0.1653,-0.0187,0.3059,-0.0933
2.5903,220.08,-1115.20,80.24,-1.88,80.87,-5.85,0.1016,0.1634,-0.1819,-0.0127,0.3093,-0.1016
2.6321,219.53,-1114.67,80.32,-2.16,78.40,-3.92,0.1277,0.1207,-0.1985,-0.0080,0.3152,-0.1098
2.6744,218.92,-1114.09,80.27,-2.53,76.02,-2.67,0.1560,0.0744,-0.2114,-0.0042,0.3195,-0.1175
2.7162,218.34,-1113.37,80.30,-2.53,74.00,-1.35,0.1829,0.0222,-0.2143,-0.0014,0.3219,-0.1259
2.7579,217.88,-1112.66,80.26,-2.53,72.17,0.52,0.2067,-0.0297,-0.2082,0.0006,0.3245,-0.1335
2.7997,217.45,-1111.94,80.14,-2.86,70.26,2.14,0.2238,-0.0818,-0.1886,0.0027,0.3266,-0.1395
2.8411,217.07,-1111.30,80.05,-3.18,68.81,4.16,0.2335,-0.1292,-0.1528,0.0053,0.3282,-0.1454
2.8829,216.72,-1110.87,79.96,-3.54,67.83,5.43,0.2331,-0.1601,-0.0979,0.0071,0.3317,-0.1499
2.9244,216.43,-1110.63,79.87,-3.86,66.75,6.61,0.2241,-0.1735,-0.0321,0.0101,0.3334,-0.1527
2.9667,216.14,-1110.53,79.91,-3.59,66.48,7.56,0.2125,-0.1688,0.0288,0.0143,0.3319,-0.1532
3.0084,215.84,-1110.46,80.04,-2.54,66.91,7.89,0.1983,-0.1464,0.0762,0.0193,0.3304,-0.1520
3.0493,215.60,-1110.56,80.07,-1.99,67.06,7.10,0.1876,-0.1074,0.1101,0.0222,0.3275,-0.1497
3.0912,215.32,-1110.83,79.97,-2.31,67.37,6.96,0.1797,-0.0585,0.1259,0.0243,0.3227,-0.1462
3.1331,215.01,-1111.05,79.95,-2.84,68.83,6.68,0.1745,-0.0069,0.1249,0.0252,0.3167,-0.1428
3.1751,214.73,-1111.31,79.89,-3.18,71.01,6.47,0.1706,0.0450,0.1162,0.0232,0.3115,-0.1398
3.2168,214.52,-1111.64,79.85,-3.87,73.98,6.58,0.1664,0.0948,0.1012,0.0193,0.3079,-0.1374
3.2584,214.37,-1111.99,79.79,-4.69,77.06,6.02,0.1603,0.1436,0.0813,0.0154,0.3046,-0.1338
3.3001,214.30,-1112.12,79.93,-4.11,80.37,4.84,0.1530,0.1837,0.0513,0.0119,0.2995,-0.1314
3.3423,214.25,-1112.26,79.93,-3.87,83.79,3.65,0.1437,0.2163,0.0189,0.0082,0.2939,-0.1292
3.3838,214.16,-1112.33,79.86,-4.23,87.40,2.13,0.1316,0.2435,-0.0155,0.0055,0.2891,-0.1290
3.4262,214.03,-1112.32,79.74,-4.91,91.47,-0.56,0.1156,0.2614,-0.0489,0.0025,0.2825,-0.1319
3.4675,214.06,-1112.14,79.60,-5.01,96.45,-2.21,0.0998,0.2768,-0.0777,-0.0040,0.2744,-0.1388
3.5094,214.06,-1111.80,79.58,-4.58,101.75,-4.70,0.0846,0.2827,-0.1034,-0.0164,0.2654,-0.1482
3.5513,214.24,-1111.38,79.44,-4.31,107.38,-6.26,0.0704,0.2879,-0.1223,-0.0330,0.2516,-0.1571
3.5930,214.46,-1110.90,79.26,-4.04,113.21,-8.41,0.0588,0.2897,-0.1353,-0.0548,0.2287,-0.1630
3.6351,214.75,-1110.35,79.13,-3.18,119.89,-9.82,0.0524,0.2911,-0.1436,-0.0854,0.1961,-0.1675
3.6763,215.13,-1109.73,79.01,-1.95,126.14,-13.32,0.0486,0.2940,-0.1490,-0.1254,0.1567,-0.1693
3.7174,215.56,-1109.11,78.77,-1.13,132.31,-15.74,0.0475,0.2957,-0.1508,-0.1681,0.1137,-0.1657
3.7593,215.97,-1108.38,78.65,0.31,138.04,-18.91,0.0463,0.2986,-0.1527,-0.2126,0.0653,-0.1545
3.8015,216.35,-1107.57,78.42,1.88,142.52,-21.15,0.0458,0.2993,-0.1531,-0.2506,0.0124,-0.1298
3.8435,216.70,-1106.78,78.21,3.22,145.97,-24.08,0.0462,0.2985,-0.1533,-0.2755,-0.0451,-0.0921
3.8854,217.01,-1106.03,77.94,4.03,148.44,-27.04,0.0464,0.2977,-0.1533,-0.2776,-0.0985,-0.0448
3.9269,217.28,-1105.35,77.76,4.59,149.60,-29.44,0.0463,0.2960,-0.1545,-0.2563,-0.1391,0.0019
3.9686,217.49,-1104.79,77.64,5.04,149.85,-31.21,0.0447,0.2939,-0.1552,-0.2260,-0.1566,0.0441
4.0104,217.75,-1104.37,77.45,4.97,149.42,-32.61,0.0418,0.2922,-0.1564,-0.1988,-0.1541,0.0802
4.0526,218.05,-1104.06,77.24,4.41,148.57,-33.50,0.0384,0.2896,-0.1554,-0.1786,-0.1399,0.1089
4.0941,218.40,-1103.76,77.16,4.08,146.90,-33.54,0.0338,0.2870,-0.1555,-0.1657,-0.1163,0.1295
4.1356,218.77,-1103.55,77.09,3.96,144.50,-33.44,0.0306,0.2841,-0.1543,-0.1580,-0.0858,0.1437
4.1772,219.17,-1103.48,77.04,3.25,141.71,-33.10,0.0272,0.2822,-0.1524,-0.1551,-0.0453,0.1506
4.2195,219.58,-1103.56,77.00,2.31,138.61,-32.54,0.0255,0.2792,-0.1500,-0.1541,0.0014,0.1495
4.2613,219.98,-1103.76,76.91,0.90,135.39,-31.84,0.0263,0.2769,-0.1475,-0.1563,0.0503,0.1408
4.3028,220.31,-1103.98,76.98,-0.44,131.76,-30.88,0.0278,0.2752,-0.1442,-0.1588,0.1006,0.1272
4.3444,220.63,-1104.23,76.99,-1.54,127.40,-29.79,0.0295,0.2733,-0.1405,-0.1560,0.1463,0.1071
4.3854,220.93,-1104.54,77.05,-2.72,122.93,-27.91,0.0324,0.2723,-0.1361,-0.1493,0.1845,0.0805
4.4271,221.17,-1104.83,77.14,-3.81,117.99,-26.46,0.0380,0.2700,-0.1316,-0.1402,0.2150,0.0521
4.4690,221.41,-1105.09,77.18,-4.72,112.86,-23.74,0.0433,0.2662,-0.1270,-0.1316,0.2366,0.0224
4.5112,221.58,-1105.37,77.32,-5.44,108.08,-21.56,0.0508,0.2630,-0.1246,-0.1213,0.2516,-0.0104
4.5530,221.72,-1105.66,77.38,-6.50,103.04,-19.07,0.0585,0.2594,-0.1228,-0.1124,0.2626,-0.0406
4.5944,221.75,-1105.95,77.49,-7.41,98.64,-16.34,0.0661,0.2543,-0.1216,-0.1028,0.2677,-0.0679
4.6363,221.84,-1106.17,77.53,-7.98,94.07,-13.02,0.0716,0.2489,-0.1204,-0.0934,0.2712,-0.0872
4.6781,221.74,-1106.44,77.66,-8.43,90.29,-9.64,0.0790,0.2458,-0.1209,-0.0855,0.2766,-0.1023
4.7203,221.57,-1106.57,77.81,-8.23,86.80,-7.29,0.0844,0.2414,-0.1231,-0.0805,0.2795,-0.1132
4.7621,221.32,-1106.73,77.87,-8.37,83.87,-4.32,0.0902,0.2358,-0.1271,-0.0764,0.2834,-0.1216
4.8039,220.92,-1106.75,78.00,-8.27,81.00,-2.48,0.0991,0.2231,-0.1329,-0.0702,0.2867,-0.1279
4.8458,220.41,-1106.73,77.94,-8.39,78.24,0.47,0.1132,0.2044,-0.1410,-0.0623,0.2903,-0.1328
4.8877,219.75,-1106.57,77.97,-8.60,75.79,2.21,0.1339,0.1792,-0.1496,-0.0553,0.2925,-0.1394
4.9299,219.12,-1106.42,77.87,-9.09,73.67,5.03,0.1636,0.1516,-0.1558,-0.0492,0.2946,-0.1451
4.9713,218.41,-1106.19,77.72,-9.82,71.71,7.05,0.1952,0.1177,-0.1564,-0.0411,0.2949,-0.1497
5.0132,217.84,-1105.85,77.62,-10.38,69.69,8.93,0.2226,0.0732,-0.1507,-0.0335,0.2934,-0.1543
5.0541,217.30,-1105.44,77.51,-10.66,68.10,10.59,0.2496,0.0271,-0.1377,-0.0283,0.2922,-0.1590
5.0959,216.86,-1105.00,77.36,-10.77,66.92,12.16,0.2679,-0.0215,-0.1160,-0.0250,0.2915,-0.1642
5.1384,216.54,-1104.59,77.29,-10.80,66.10,13.64,0.2800,-0.0659,-0.0890,-0.0239,0.2917,-0.1688
5.1799,216.35,-1104.27,77.22,-10.46,65.77,15.10,0.2803,-0.1077,-0.0561,-0.0249,0.2933,-0.1726
5.2219,216.24,-1104.05,77.25,-10.43,65.38,16.02,0.2692,-0.1417,-0.0203,-0.0260,0.2950,-0.1767
5.2631,216.19,-1103.93,77.28,-10.18,65.21,17.04,0.2536,-0.1625,0.0169,-0.0288,0.2974,-0.1792
5.3053,216.19,-1103.90,77.33,-9.67,65.01,17.84,0.2341,-0.1687,0.0523,-0.0312,0.3001,-0.1801
5.3473,216.13,-1103.88,77.35,-9.56,64.79,18.66,0.2183,-0.1609,0.0839,-0.0318,0.3015,-0.1798
5.3891,216.06,-1104.01,77.37,-9.65,64.39,19.18,0.2058,-0.1412,0.1129,-0.0326,0.3024,-0.1791
5.4305,215.85,-1104.12,77.32,-9.50,64.58,19.31,0.1948,-0.1088,0.1319,-0.0308,0.3015,-0.1783
5.4722,215.62,-1104.24,77.30,-9.69,65.59,19.62,0.1862,-0.0698,0.1417,-0.0294,0.2979,-0.1769
5.5139,215.32,-1104.37,77.16,-10.12,67.33,19.55,0.1811,-0.0240,0.1440,-0.0269,0.2948,-0.1751
5.5560,215.06,-1104.51,77.02,-10.89,69.25,19.26,0.1757,0.0240,0.1386,-0.0249,0.2903,-0.1736
5.5972,214.82,-1104.69,76.81,-12.12,71.74,19.01,0.1698,0.0717,0.1243,-0.0234,0.2857,-0.1711
5.6391,214.63,-1104.86,76.54,-13.79,74.32,18.14,0.1626,0.1196,0.1028,-0.0224,0.2813,-0.1679
5.6807,214.44,-1104.88,76.30,-15.35,77.85,16.60,0.1567,0.1602,0.0748,-0.0226,0.2762,-0.1633
5.7227,214.24,-1104.76,76.13,-16.31,82.04,14.47,0.1476,0.1910,0.0420,-0.0236,0.2710,-0.1567
5.7648,214.07,-1104.54,75.95,-17.16,86.88,11.57,0.1353,0.2139,0.0073,-0.0252,0.2660,-0.1484
5.8067,213.95,-1104.29,75.70,-17.91,91.61,8.02,0.1197,0.2303,-0.0198,-0.0275,0.2605,-0.1394
5.8487,213.93,-1104.08,75.40,-19.16,96.39,4.57,0.1024,0.2431,-0.0468,-0.0302,0.2553,-0.1315
5.8906,213.98,-1103.75,75.10,-19.94,100.40,0.92,0.0858,0.2527,-0.0700,-0.0340,0.2480,-0.1246
5.9323,214.07,-1103.45,74.70,-20.93,104.61,-2.31,0.0726,0.2567,-0.0888,-0.0382,0.2410,-0.1210
5.9739,214.06,-1103.17,74.41,-21.21,109.56,-6.95,0.0610,0.2582,-0.1039,-0.0457,0.2346,-0.1218
6.0154,214.15,-1102.92,74.15,-21.08,115.01,-11.49,0.0537,0.2595,-0.1148,-0.0593,0.2263,-0.1278
6.0567,214.22,-1102.64,74.03,-19.41,120.56,-15.88,0.0479,0.2594,-0.1230,-0.0744,0.2110,-0.1364
6.0988,214.48,-1102.49,74.03,-17.78,126.19,-19.82,0.0440,0.2608,-0.1289,-0.0951,0.1896,-0.1420
6.1407,214.83,-1102.30,74.09,-15.54,131.18,-23.16,0.0387,0.2629,-0.1331,-0.1236,0.1655,-0.1478
6.1827,215.26,-1102.24,74.28,-13.05,135.95,-26.12,0.0329,0.2673,-0.1360,-0.1527,0.1319,-0.1501
6.2242,215.64,-1102.07,74.56,-9.74,140.63,-28.48,0.0274,0.2692,-0.1393,-0.1843,0.0903,-0.1477
6.2666,216.05,-1101.82,74.75,-6.22,144.43,-31.32,0.0221,0.2695,-0.1416,-0.2123,0.0432,-0.1389
6.3081,216.48,-1101.53,75.04,-2.48,147.73,-33.29,0.0170,0.2700,-0.1452,-0.2336,-0.0098,-0.1224
6.3499,216.92,-1101.15,75.22,0.94,150.03,-35.66,0.0132,0.2711,-0.1480,-0.2469,-0.0619,-0.0963
6.3912,217.31,-1100.75,75.31,3.47,150.77,-38.34,0.0104,0.2706,-0.1506,-0.2503,-0.1106,-0.0628
6.4334,217.61,-1100.39,75.24,4.39,150.64,-39.55,0.0091,0.2689,-0.1520,-0.2428,-0.1496,-0.0200
6.4754,217.72,-1099.96,75.19,4.59,149.31,-39.74,0.0098,0.2676,-0.1542,-0.2291,-0.1740,0.0271
6.5173,217.70,-1099.77,74.99,3.62,147.48,-39.77,0.0101,0.2676,-0.1537,-0.2117,-0.1772,0.0727
6.5594,217.68,-1099.77,74.80,1.78,146.51,-39.19,0.0104,0.2676,-0.1518,-0.2010,-0.1563,0.1117
6.6000,217.64,-1099.76,74.63,-0.04,144.88,-39.00,0.0114,0.2663,-0.1481,-0.1911,-0.1225,0.1411
6.6415,217.55,-1099.81,74.42,-2.17,142.84,-38.03,0.0129,0.2637,-0.1416,-0.1799,-0.0780,0.1611
6.6837,217.46,-1100.01,74.30,-4.15,140.26,-36.52,0.0154,0.2624,-0.1332,-0.1699,-0.0154,0.1678
6.7253,217.40,-1100.34,74.12,-6.38,137.66,-35.15,0.0180,0.2625,-0.1254,-0.1577,0.0448,0.1583
6.7673,217.32,-1100.72,74.04,-8.75,135.30,-33.84,0.0212,0.2618,-0.1204,-0.1484,0.1031,0.1425
6.8088,217.24,-1101.04,73.88,-10.77,132.44,-32.21,0.0246,0.2604,-0.1162,-0.1369,0.1532,0.1182
6.8505,217.20,-1101.38,73.67,-13.18,130.01,-30.86,0.0272,0.2594,-0.1137,-0.1210,0.1935,0.0822
6.8924,217.22,-1101.36,73.61,-14.61,126.01,-28.69,0.0311,0.2551,-0.1123,-0.1047,0.2162,0.0412
6.9346,217.30,-1101.21,73.43,-15.94,121.47,-25.82,0.0362,0.2505,-0.1099,-0.0896,0.2262,0.0027
6.9764,217.54,-1101.26,73.13,-18.42,116.69,-22.38,0.0425,0.2481,-0.1065,-0.0784,0.2348,-0.0261
7.0180,217.74,-1101.22,72.85,-21.14,111.49,-19.35,0.0492,0.2453,-0.1030,-0.0699,0.2385,-0.0488
7.0596,218.01,-1101.27,72.50,-24.28,106.64,-14.92,0.0547,0.2428,-0.1010,-0.0653,0.2427,-0.0661
7.1019,218.21,-1101.22,72.09,-27.04,102.66,-11.10,0.0605,0.2375,-0.0991,-0.0643,0.2421,-0.0732
7.1439,218.51,-1101.37,71.46,-30.77,98.32,-7.25,0.0622,0.2338,-0.1013,-0.0613,0.2436,-0.0740
7.1857,218.61,-1101.29,71.11,-33.54,95.17,-4.36,0.0666,0.2264,-0.1105,-0.0609,0.2437,-0.0703
7.2274,218.74,-1101.20,70.83,-34.40,92.32,-1.95,0.0719,0.2158,-0.1271,-0.0627,0.2436,-0.0663
7.2693,218.67,-1101.12,70.73,-34.54,90.61,-0.40,0.0784,0.1998,-0.1508,-0.0606,0.2453,-0.0657
7.3113,218.60,-1101.27,70.67,-34.96,88.82,1.23,0.0860,0.1789,-0.1798,-0.0563,0.2502,-0.0649
7.3532,218.40,-1101.16,70.70,-34.80,87.35,2.48,0.1031,0.1452,-0.2097,-0.0507,0.2512,-0.0663
7.3949,218.14,-1101.00,70.80,-34.46,85.76,3.36,0.1262,0.1014,-0.2378,-0.0443,0.2513,-0.0698
7.4367,217.85,-1100.70,70.89,-33.71,84.69,4.07,0.1585,0.0500,-0.2568,-0.0389,0.2523,-0.0743
7.4783,217.64,-1100.40,70.87,-33.49,83.47,4.92,0.1944,-0.0022,-0.2619,-0.0353,0.2548,-0.0793
7.5197,217.49,-1099.97,70.93,-33.33,82.69,5.60,0.2270,-0.0563,-0.2464,-0.0323,0.2561,-0.0855
7.5617,217.45,-1099.56,70.99,-32.98,81.59,6.22,0.2555,-0.1031,-0.2209,-0.0307,0.2567,-0.0920
7.6033,217.42,-1099.15,71.07,-32.58,80.43,6.49,0.2759,-0.1432,-0.1794,-0.0294,0.2574,-0.0984
7.6449,217.49,-1098.90,71.17,-32.06,79.98,7.70,0.2897,-0.1677,-0.1285,-0.0292,0.2588,-0.1042
7.6869,217.50,-1098.82,71.29,-32.04,78.83,7.85,0.2949,-0.1758,-0.0703,-0.0290,0.2611,-0.1098
7.7284,217.47,-1098.76,71.57,-31.66,77.96,8.90,0.2915,-0.1744,-0.0115,-0.0297,0.2629,-0.1166
7.7704,217.34,-1098.70,71.85,-30.07,77.17,9.00,0.2852,-0.1639,0.0454,-0.0313,0.2638,-0.1218
7.8122,217.21,-1098.85,72.04,-29.41,76.13,10.27,0.2710,-0.1429,0.0984,-0.0323,0.2649,-0.1257
7.8541,217.01,-1099.00,72.17,-29.06,75.57,11.25,0.2504,-0.1104,0.1379,-0.0334,0.2646,-0.1275
7.8956,216.75,-1099.23,72.22,-29.20,75.50,12.05,0.2285,-0.0767,0.1637,-0.0335,0.2643,-0.1283
7.9367,216.50,-1099.54,72.27,-29.18,76.27,12.70,0.2085,-0.0373,0.1759,-0.0335,0.2629,-0.1284
7.9786,216.17,-1099.87,72.35,-29.53,77.29,12.36,0.1908,0.0063,0.1749,-0.0332,0.2609,-0.1281
8.0202,215.89,-1100.36,72.37,-29.68,79.14,12.01,0.1746,0.0503,0.1609,-0.0329,0.2586,-0.1267
8.0623,215.63,-1100.78,72.41,-29.92,80.90,11.04,0.1626,0.0961,0.1364,-0.0313,0.2551,-0.1252
8.1043,215.29,-1101.17,72.49,-29.88,83.30,10.40,0.1537,0.1370,0.1004,-0.0289,0.2508,-0.1240
8.1459,214.91,-1101.46,72.57,-29.73,85.74,9.15,0.1470,0.1670,0.0607,-0.0266,0.2453,-0.1229
8.1875,214.52,-1101.68,72.68,-29.53,88.80,7.98,0.1393,0.1907,0.0237,-0.0233,0.2395,-0.1240
8.2298,214.22,-1101.97,72.84,-29.21,92.25,6.48,0.1297,0.2066,-0.0129,-0.0228,0.2349,-0.1264
8.2715,213.94,-1102.19,73.05,-28.51,95.63,4.34,0.1198,0.2161,-0.0399,-0.0219,0.2321,-0.1302
8.3134,213.79,-1102.52,73.37,-27.98,99.33,2.79,0.1116,0.2277,-0.0682,-0.0223,0.2301,-0.1352
8.3554,213.65,-1102.64,73.72,-26.27,102.46,0.14,0.1060,0.2337,-0.0874,-0.0238,0.2277,-0.1397
8.3969,213.65,-1102.93,74.05,-25.18,105.86,-1.11,0.0981,0.2410,-0.1113,-0.0261,0.2263,-0.1447
8.4387,213.57,-1103.08,74.43,-23.31,109.52,-4.00,0.0946,0.2434,-0.1283,-0.0324,0.2207,-0.1496
8.4809,213.64,-1103.21,74.78,-21.76,113.58,-6.14,0.0932,0.2468,-0.1442,-0.0421,0.2132,-0.1566
8.5222,213.74,-1103.30,75.02,-19.96,118.19,-9.09,0.0929,0.2494,-0.1550,-0.0571,0.2012,-0.1636
8.5639,213.88,-1103.45,75.18,-18.63,123.52,-11.95,0.0929,0.2538,-0.1638,-0.0764,0.1850,-0.1687
8.6057,214.03,-1103.53,75.22,-17.11,129.96,-14.96,0.0956,0.2569,-0.1700,-0.1012,0.1612,-0.1711
8.6468,214.12,-1103.49,75.33,-14.53,137.38,-18.14,0.0994,0.2581,-0.1742,-0.1326,0.1276,-0.1687
8.6888,214.22,-1103.57,75.25,-11.16,145.55,-22.95,0.1017,0.2611,-0.1746,-0.1659,0.0911,-0.1586
8.7306,214.48,-1103.54,75.04,-8.35,153.15,-27.39,0.1025,0.2639,-0.1735,-0.1998,0.0510,-0.1381
8.7725,214.72,-1103.46,74.80,-6.06,159.28,-31.05,0.1042,0.2663,-0.1714,-0.2271,0.0114,-0.1068
8.8162,214.96,-1103.09,74.57,-4.00,162.68,-33.54,0.1058,0.2652,-0.1692,-0.2438,-0.0289,-0.0643
8.8573,215.14,-1102.55,74.33,-2.81,163.30,-35.40,0.1068,0.2623,-0.1669,-0.2456,-0.0657,-0.0130
8.8987,215.27,-1101.86,74.14,-2.72,161.74,-36.27,0.1078,0.2572,-0.1652,-0.2349,-0.0946,0.0417
8.9402,215.52,-1101.36,73.86,-3.49,159.19,-36.44,0.1076,0.2536,-0.1631,-0.2190,-0.1088,0.0923
8.9819,215.87,-1101.01,73.63,-4.79,156.60,-36.65,0.1080,0.2522,-0.1604,-0.2015,-0.1098,0.1346
9.0233,216.29,-1100.76,73.40,-5.99,153.67,-36.17,0.1059,0.2514,-0.1573,-0.1860,-0.0973,0.1671
9.0643,216.80,-1100.69,73.16,-7.81,150.54,-36.28,0.1028,0.2511,-0.1533,-0.1724,-0.0724,0.1911
9.1062,217.35,-1100.70,72.94,-9.67,147.04,-36.01,0.0992,0.2501,-0.1499,-0.1589,-0.0349,0.2026
9.1477,217.88,-1100.92,72.70,-11.50,143.79,-34.59,0.0967,0.2485,-0.1470,-0.1456,0.0117,0.2040
9.1895,218.43,-1101.11,72.43,-13.93,140.47,-34.40,0.0958,0.2445,-0.1439,-0.1321,0.0583,0.1905
9.2311,218.95,-1101.23,72.14,-16.63,136.38,-33.43,0.0954,0.2390,-0.1411,-0.1197,0.1037,0.1668
9.2727,219.47,-1101.31,71.75,-19.77,131.20,-31.96,0.0966,0.2318,-0.1373,-0.1084,0.1459,0.1341
9.3146,219.96,-1101.47,71.42,-23.35,125.28,-29.09,0.0993,0.2254,-0.1341,-0.0979,0.1848,0.0946
9.3567,220.56,-1101.50,71.13,-26.90,118.16,-25.27,0.1030,0.2173,-0.1316,-0.0878,0.2143,0.0505
9.3989,221.01,-1101.24,71.01,-28.98,109.79,-20.96,0.1081,0.2063,-0.1302,-0.0761,0.2313,0.0041
9.4407,221.45,-1101.24,70.84,-30.89,101.41,-16.22,0.1129,0.1971,-0.1285,-0.0663,0.2443,-0.0396
9.4821,221.73,-1101.15,70.76,-32.31,93.60,-10.77,0.1189,0.1885,-0.1256,-0.0592,0.2472,-0.0781
9.5237,221.91,-1101.31,70.76,-33.29,86.91,-5.37,0.1228,0.1836,-0.1235,-0.0501,0.2495,-0.1108
9.5656,221.90,-1101.35,70.82,-33.50,82.32,-1.66,0.1270,0.1792,-0.1205,-0.0428,0.2473,-0.1328
9.6078,221.91,-1101.61,70.91,-33.82,79.01,1.49,0.1276,0.1794,-0.1188,-0.0353,0.2460,-0.1485
9.6497,221.83,-1101.68,71.05,-33.25,76.51,3.19,0.1260,0.1791,-0.1204,-0.0319,0.2438,-0.1527
9.6914,221.77,-1101.74,71.17,-32.43,74.40,5.16,0.1227,0.1771,-0.1253,-0.0290,0.2440,-0.1534
9.7333,221.58,-1101.81,71.28,-32.12,72.31,7.84,0.1200,0.1703,-0.1344,-0.0278,0.2446,-0.1497
9.7746,221.28,-1101.77,71.32,-31.59,70.08,10.13,0.1222,0.1562,-0.1455,-0.0262,0.2451,-0.1452
9.8166,220.79,-1101.73,71.32,-31.60,67.67,12.33,0.1317,0.1348,-0.1577,-0.0253,0.2459,-0.1403
9.8586,220.17,-1101.59,71.24,-31.66,65.82,14.80,0.1458,0.1034,-0.1686,-0.0226,0.2466,-0.1372
9.9004,219.48,-1101.36,71.08,-31.75,64.00,17.13,0.1635,0.0636,-0.1757,-0.0191,0.2464,-0.1358
9.9415,218.77,-1100.97,70.85,-32.04,62.77,19.32,0.1848,0.0181,-0.1763,-0.0157,0.2464,-0.1353
9.9833,218.08,-1100.51,70.54,-31.92,61.86,20.92,0.2084,-0.0286,-0.1672,-0.0128,0.2448,-0.1356
10.0251,217.43,-1100.10,70.18,-32.41,61.48,22.76,0.2333,-0.0714,-0.1495,-0.0095,0.2431,-0.1374
10.0672,216.87,-1099.69,69.75,-33.40,61.69,24.14,0.2579,-0.1113,-0.1209,-0.0073,0.2423,-0.1389
10.1089,216.45,-1099.36,69.27,-34.45,62.27,24.67,0.2787,-0.1467,-0.0811,-0.0057,0.2431,-0.1399
10.1503,216.18,-1099.18,68.76,-36.32,62.51,25.15,0.2918,-0.1743,-0.0350,-0.0051,0.2437,-0.1402
10.1924,215.99,-1099.03,68.23,-38.48,62.76,24.48,0.2939,-0.1954,0.0172,-0.0039,0.2441,-0.1395
10.2349,215.83,-1098.90,67.79,-40.78,64.45,22.55,0.2854,-0.2025,0.0668,-0.0028,0.2437,-0.1375
10.2766,215.84,-1098.75,67.33,-42.58,66.67,19.32,0.2708,-0.2002,0.1111,-0.0038,0.2429,-0.1350
10.3185,216.04,-1098.74,67.02,-43.91,67.54,16.72,0.2543,-0.1868,0.1482,-0.0055,0.2438,-0.1319
10.3604,216.26,-1098.81,66.72,-45.48,67.56,14.93,0.2386,-0.1618,0.1775,-0.0077,0.2450,-0.1274
10.4022,216.46,-1098.70,66.63,-45.64,68.37,13.02,0.2227,-0.1304,0.1954,-0.0093,0.2440,-0.1240
10.4447,216.69,-1098.76,66.67,-45.39,68.87,11.78,0.2098,-0.0924,0.2026,-0.0107,0.2436,-0.1209
10.4863,216.83,-1098.95,66.77,-45.27,69.06,11.04,0.2008,-0.0525,0.2002,-0.0119,0.2437,-0.1168
10.5282,216.95,-1099.16,66.92,-45.25,69.02,10.99,0.1953,-0.0113,0.1886,-0.0128,0.2429,-0.1138
10.5699,216.99,-1099.30,67.07,-44.88,69.77,10.62,0.1945,0.0293,0.1724,-0.0143,0.2401,-0.1106
10.6112,216.94,-1099.47,67.14,-44.56,71.29,9.88,0.1928,0.0673,0.1485,-0.0160,0.2372,-0.1071
10.6529,216.83,-1099.59,67.27,-44.81,73.10,9.16,0.1897,0.0986,0.1207,-0.0181,0.2341,-0.1045
10.6945,216.66,-1099.69,67.39,-44.59,75.14,7.94,0.1840,0.1222,0.0947,-0.0201,0.2318,-0.1020
10.7363,216.43,-1099.81,67.55,-44.47,78.15,7.07,0.1766,0.1452,0.0668,-0.0216,0.2302,-0.1005
10.7780,216.18,-1099.93,67.79,-44.12,81.21,5.37,0.1678,0.1636,0.0398,-0.0232,0.2280,-0.1006
10.8197,215.94,-1100.11,68.04,-43.43,84.74,3.53,0.1579,0.1795,0.0125,-0.0249,0.2258,-0.1015
10.8614,215.75,-1100.43,68.37,-43.07,87.75,1.30,0.1461,0.1936,-0.0142,-0.0269,0.2247,-0.1031
10.9034,215.71,-1100.57,68.72,-42.29,90.16,-0.29,0.1336,0.2004,-0.0400,-0.0290,0.2208,-0.1057
10.9452,215.65,-1100.64,69.11,-40.77,93.22,-2.41,0.1247,0.2047,-0.0608,-0.0315,0.2159,-0.1092
10.9869,215.67,-1100.70,69.50,-39.30,95.98,-4.83,0.1174,0.2073,-0.0761,-0.0360,0.2125,-0.1120
11.0286,215.65,-1100.76,69.85,-37.58,99.22,-7.54,0.1132,0.2117,-0.0871,-0.0403,0.2110,-0.1146
11.0700,215.62,-1100.83,70.21,-35.98,102.91,-10.60,0.1105,0.2159,-0.0950,-0.0450,0.2093,-0.1175
11.1120,215.50,-1100.85,70.65,-33.74,107.52,-13.54,0.1095,0.2198,-0.1006,-0.0501,0.2045,-0.1225
11.1536,215.23,-1100.85,71.11,-30.19,113.70,-17.84,0.1082,0.2240,-0.1034,-0.0582,0.1938,-0.1261
11.1953,215.15,-1100.93,71.64,-26.86,120.58,-21.64,0.1063,0.2292,-0.1092,-0.0741,0.1764,-0.1286
11.2370,215.14,-1101.04,72.07,-23.15,127.51,-25.68,0.1076,0.2325,-0.1127,-0.0969,0.1514,-0.1291
11.2783,215.17,-1101.13,72.48,-19.27,134.26,-28.55,0.1092,0.2363,-0.1162,-0.1277,0.1197,-0.1250
11.3198,215.33,-1101.21,72.72,-15.34,140.49,-32.02,0.1095,0.2413,-0.1184,-0.1629,0.0832,-0.1160
11.3617,215.62,-1101.24,72.82,-12.38,145.59,-34.71,0.1094,0.2449,-0.1188,-0.1984,0.0427,-0.0988
11.4038,215.93,-1101.15,72.81,-10.12,149.39,-37.15,0.1094,0.2474,-0.1192,-0.2276,-0.0013,-0.0728
11.4456,216.17,-1100.93,72.77,-8.16,151.78,-39.20,0.1078,0.2490,-0.1214,-0.2444,-0.0431,-0.0396
11.4870,216.41,-1100.72,72.71,-7.00,152.82,-40.82,0.1068,0.2506,-0.1249,-0.2498,-0.0793,0.0009
11.5291,216.50,-1100.43,72.58,-6.21,152.61,-41.48,0.1073,0.2504,-0.1286,-0.2397,-0.1034,0.0469
11.5706,216.54,-1100.23,72.42,-6.27,151.94,-42.12,0.1070,0.2492,-0.1320,-0.2212,-0.1103,0.0888
11.6126,216.59,-1100.15,72.24,-7.29,151.17,-42.19,0.1051,0.2491,-0.1350,-0.2005,-0.1031,0.1229
11.6545,216.62,-1100.15,72.06,-8.21,150.24,-42.02,0.1026,0.2484,-0.1369,-0.1835,-0.0822,0.1476
11.6959,216.75,-1100.17,71.92,-9.15,148.44,-41.46,0.0998,0.2474,-0.1380,-0.1689,-0.0486,0.1625
11.7371,216.93,-1100.27,71.74,-10.04,146.46,-40.75,0.0972,0.2453,-0.1383,-0.1562,-0.0053,0.1685
11.7791,217.14,-1100.45,71.58,-11.09,144.35,-40.90,0.0946,0.2417,-0.1387,-0.1434,0.0443,0.1629
11.8210,217.44,-1100.68,71.47,-12.47,142.12,-40.14,0.0931,0.2374,-0.1389,-0.1317,0.0913,0.1475
11.8629,217.71,-1100.91,71.36,-14.81,138.57,-40.54,0.0929,0.2331,-0.1383,-0.1196,0.1346,0.1184
11.9049,218.04,-1101.15,71.25,-17.79,133.80,-38.83,0.0932,0.2281,-0.1370,-0.1072,0.1717,0.0822
11.9463,218.42,-1101.42,71.10,-21.47,128.02,-35.72,0.0939,0.2237,-0.1348,-0.0914,0.2040,0.0406
11.9881,218.77,-1101.46,71.07,-24.55,121.44,-31.77,0.0956,0.2160,-0.1334,-0.0771,0.2276,-0.0022
12.0299,219.23,-1101.45,70.96,-27.01,113.07,-28.03,0.0986,0.2070,-0.1292,-0.0638,0.2378,-0.0412
12.0719,219.61,-1101.55,70.82,-29.99,105.83,-23.51,0.1019,0.2001,-0.1255,-0.0513,0.2422,-0.0784
12.1140,220.03,-1101.66,70.57,-32.52,98.43,-18.50,0.1054,0.1946,-0.1200,-0.0427,0.2432,-0.1044
12.1557,220.28,-1101.81,70.41,-35.05,92.52,-13.64,0.1087,0.1895,-0.1173,-0.0339,0.2398,-0.1254
12.1974,220.58,-1101.89,70.27,-36.14,86.87,-10.26,0.1113,0.1848,-0.1159,-0.0299,0.2381,-0.1368
12.2392,220.73,-1102.21,70.11,-38.13,82.69,-5.78,0.1126,0.1837,-0.1169,-0.0264,0.2380,-0.1434
12.2813,220.82,-1102.22,70.04,-38.16,79.48,-3.78,0.1118,0.1812,-0.1191,-0.0248,0.2361,-0.1442
12.3232,220.83,-1102.44,69.94,-38.77,77.18,-0.85,0.1100,0.1808,-0.1224,-0.0234,0.2363,-0.1420
12.3652,220.68,-1102.51,69.80,-39.35,75.41,0.96,0.1083,0.1765,-0.1275,-0.0216,0.2363,-0.1382
12.4068,220.51,-1102.57,69.60,-39.92,72.99,4.08,0.1082,0.1675,-0.1350,-0.0207,0.2362,-0.1342
12.4485,220.16,-1102.44,69.35,-40.56,70.59,7.18,0.1124,0.1505,-0.1461,-0.0186,0.2365,-0.1315
12.4904,219.72,-1102.30,69.05,-41.30,67.89,10.43,0.1215,0.1235,-0.1563,-0.0160,0.2378,-0.1297
12.5322,219.20,-1102.07,68.67,-42.54,64.74,13.69,0.1327,0.0875,-0.1659,-0.0129,0.2390,-0.1293
12.5740,218.64,-1101.53,68.28,-42.80,63.21,16.05,0.1491,0.0440,-0.1727,-0.0100,0.2386,-0.1301
12.6157,218.10,-1101.02,67.88,-43.41,61.87,18.23,0.1728,0.0008,-0.1732,-0.0086,0.2380,-0.1314
12.6576,217.54,-1100.39,67.45,-44.04,61.48,19.29,0.1982,-0.0437,-0.1642,-0.0074,0.2370,-0.1331
12.7002,217.08,-1099.82,67.08,-44.68,61.52,20.34,0.2265,-0.0817,-0.1451,-0.0074,0.2368,-0.1352
12.7426,216.70,-1099.24,66.79,-45.57,62.04,20.69,0.2542,-0.1171,-0.1170,-0.0082,0.2362,-0.1375
12.7842,216.41,-1098.68,66.49,-46.02,63.02,20.07,0.2772,-0.1508,-0.0774,-0.0104,0.2349,-0.1384
12.8261,216.18,-1098.22,66.25,-46.68,64.35,19.32,0.2942,-0.1768,-0.0321,-0.0130,0.2352,-0.1382
12.8679,216.03,-1097.86,66.08,-47.55,65.49,18.15,0.2998,-0.1946,0.0227,-0.0148,0.2354,-0.1364
12.9105,216.00,-1097.51,65.97,-47.92,66.61,17.16,0.2923,-0.2011,0.0733,-0.0171,0.2352,-0.1326
12.9527,216.06,-1097.28,65.91,-47.95,67.26,16.38,0.2817,-0.1979,0.1189,-0.0191,0.2358,-0.1279
12.9953,216.17,-1097.20,65.88,-48.28,68.11,15.37,0.2665,-0.1793,0.1569,-0.0200,0.2360,-0.1214
13.0377,216.34,-1097.29,65.91,-48.45,68.13,14.55,0.2511,-0.1458,0.1836,-0.0199,0.2370,-0.1149
13.0784,216.49,-1097.46,65.95,-48.59,68.34,13.72,0.2350,-0.1089,0.2029,-0.0185,0.2367,-0.1084
13.1206,216.66,-1097.75,66.03,-48.65,68.65,13.06,0.2194,-0.0681,0.2133,-0.0167,0.2363,-0.1036
13.1629,216.80,-1098.14,66.16,-49.30,69.17,12.72,0.2046,-0.0238,0.2110,-0.0149,0.2347,-0.1004
13.2047,216.91,-1098.48,66.23,-49.25,70.47,11.70,0.1914,0.0197,0.1979,-0.0130,0.2321,-0.0976
13.2465,217.01,-1098.72,66.38,-49.70,72.38,10.78,0.1803,0.0621,0.1772,-0.0112,0.2281,-0.0965
13.2882,217.03,-1098.85,66.50,-49.13,74.85,9.14,0.1708,0.0980,0.1496,-0.0098,0.2229,-0.0948
13.3298,217.04,-1099.06,66.64,-49.48,77.71,7.83,0.1613,0.1325,0.1195,-0.0086,0.2187,-0.0941
13.3723,217.07,-1099.05,66.75,-48.72,81.15,6.13,0.1499,0.1591,0.0846,-0.0090,0.2137,-0.0934
13.4140,217.06,-1099.23,66.94,-48.72,84.28,4.00,0.1384,0.1802,0.0502,-0.0087,0.2111,-0.0941
13.4557,217.05,-1099.13,67.08,-47.90,87.95,2.08,0.1278,0.1944,0.0150,-0.0095,0.2058,-0.0953
13.4964,217.03,-1099.25,67.31,-46.99,90.69,-0.33,0.1189,0.2046,-0.0151,-0.0126,0.2029,-0.0974
13.5374,216.97,-1099.18,67.59,-46.25,94.71,-2.12,0.1122,0.2131,-0.0464,-0.0170,0.1995,-0.1020
13.5780,216.85,-1099.16,68.07,-43.92,98.85,-5.33,0.1102,0.2170,-0.0709,-0.0251,0.1957,-0.1093
13.6188,216.68,-1099.22,68.62,-41.57,103.93,-8.07,0.1088,0.2206,-0.0910,-0.0334,0.1922,-0.1192
13.6599,216.53,-1099.41,69.33,-38.72,108.92,-11.71,0.1075,0.2237,-0.1029,-0.0453,0.1886,-0.1281
13.7012,216.43,-1099.56,70.02,-35.45,114.17,-14.97,0.1070,0.2285,-0.1096,-0.0587,0.1848,-0.1341
13.7419,216.40,-1099.84,70.70,-31.96,119.12,-18.06,0.1070,0.2339,-0.1118,-0.0735,0.1778,-0.1362
13.7834,216.54,-1100.25,71.27,-29.12,124.56,-21.08,0.1045,0.2398,-0.1130,-0.0920,0.1611,-0.1363
13.8248,216.81,-1100.58,71.70,-26.06,130.09,-24.11,0.1019,0.2443,-0.1135,-0.1173,0.1356,-0.1352
13.8672,217.15,-1100.89,72.08,-22.90,135.47,-27.18,0.1000,0.2494,-0.1152,-0.1489,0.1016,-0.1328
13.9087,217.59,-1101.14,72.31,-19.77,140.85,-30.44,0.0968,0.2541,-0.1184,-0.1851,0.0611,-0.1246
13.9499,218.00,-1101.21,72.48,-16.49,144.84,-33.95,0.0945,0.2568,-0.1216,-0.2221,0.0152,-0.1090
13.9920,218.37,-1100.97,72.61,-13.47,147.18,-37.77,0.0937,0.2582,-0.1251,-0.2502,-0.0374,-0.0828
14.0337,218.61,-1100.64,72.58,-10.80,148.26,-40.12,0.0939,0.2583,-0.1268,-0.2644,-0.0886,-0.0421
14.0761,218.83,-1100.36,72.43,-9.72,148.73,-41.38,0.0940,0.2590,-0.1287,-0.2617,-0.1313,0.0077
14.1178,218.87,-1100.02,72.38,-9.69,148.20,-42.60,0.0956,0.2582,-0.1303,-0.2440,-0.1622,0.0619
14.1591,218.87,-1099.89,72.20,-9.96,148.00,-42.86,0.0964,0.2582,-0.1285,-0.2205,-0.1744,0.1107
14.2009,218.97,-1099.79,71.97,-10.88,147.83,-43.10,0.0967,0.2596,-0.1278,-0.1962,-0.1710,0.1493
14.2430,219.14,-1099.75,71.74,-11.91,146.88,-43.64,0.0964,0.2596,-0.1256,-0.1778,-0.1521,0.1808
14.2852,219.34,-1099.70,71.65,-12.88,145.34,-42.93,0.0959,0.2599,-0.1248,-0.1631,-0.1198,0.2015
14.3271,219.56,-1099.67,71.55,-13.63,143.25,-42.33,0.0956,0.2571,-0.1240,-0.1493,-0.0803,0.2167
14.3684,219.81,-1099.71,71.37,-15.12,140.86,-41.51,0.0961,0.2541,-0.1225,-0.1353,-0.0318,0.2209
14.4099,220.05,-1099.78,71.18,-17.24,138.06,-40.25,0.0974,0.2498,-0.1195,-0.1223,0.0154,0.2114
14.4515,220.32,-1099.86,70.98,-19.51,134.96,-39.20,0.0995,0.2448,-0.1158,-0.1134,0.0632,0.1931
14.4936,220.57,-1099.99,70.76,-21.81,131.72,-37.16,0.1021,0.2410,-0.1116,-0.1051,0.1121,0.1665
14.5350,220.83,-1100.07,70.54,-24.45,128.27,-36.03,0.1046,0.2363,-0.1072,-0.0957,0.1556,0.1296
14.5770,221.11,-1099.95,70.24,-27.37,124.00,-33.57,0.1060,0.2301,-0.1035,-0.0840,0.1924,0.0885
14.6185,221.44,-1099.63,69.82,-29.95,118.72,-31.54,0.1074,0.2216,-0.0992,-0.0728,0.2142,0.0469
14.6604,221.81,-1099.30,69.29,-33.18,113.23,-27.91,0.1080,0.2129,-0.0963,-0.0612,0.2279,0.0086
14.7021,222.16,-1098.93,68.80,-35.73,107.33,-25.03,0.1092,0.2043,-0.0940,-0.0523,0.2327,-0.0236
14.7442,222.56,-1098.68,68.33,-38.42,101.86,-20.42,0.1082,0.1975,-0.0937,-0.0452,0.2339,-0.0519
14.7859,222.87,-1098.40,68.03,-39.69,95.95,-16.48,0.1081,0.1910,-0.0947,-0.0418,0.2333,-0.0699
14.8278,223.15,-1098.35,67.79,-41.08,90.76,-11.63,0.1091,0.1873,-0.0971,-0.0374,0.2328,-0.0826
14.8696,223.30,-1098.28,67.65,-41.72,85.88,-7.32,0.1088,0.1803,-0.1045,-0.0365,0.2315,-0.0891
14.9116,223.25,-1098.21,67.53,-42.24,82.63,-3.86,0.1121,0.1659,-0.1127,-0.0359,0.2305,-0.0926
14.9534,223.05,-1098.18,67.50,-42.74,79.97,-1.34,0.1177,0.1448,-0.1255,-0.0356,0.2305,-0.0947
14.9957,222.65,-1098.18,67.48,-43.28,78.29,0.24,0.1281,0.1114,-0.1400,-0.0343,0.2323,-0.0959
15.0373,222.18,-1098.05,67.50,-43.73,77.36,0.86,0.1459,0.0697,-0.1543,-0.0338,0.2341,-0.0970
15.0790,221.67,-1097.76,67.48,-43.18,76.16,1.47,0.1688,0.0220,-0.1653,-0.0327,0.2363,-0.0987
15.1210,221.11,-1097.50,67.48,-43.23,75.07,2.21,0.1951,-0.0291,-0.1714,-0.0300,0.2361,-0.1008
15.1630,220.61,-1097.17,67.49,-43.42,73.33,3.64,0.2216,-0.0808,-0.1700,-0.0286,0.2385,-0.1061
15.2047,220.17,-1096.74,67.54,-43.07,71.76,5.52,0.2424,-0.1346,-0.1554,-0.0266,0.2403,-0.1106
15.2464,219.83,-1096.36,67.55,-42.46,70.47,7.05,0.2536,-0.1802,-0.1268,-0.0257,0.2413,-0.1132
15.2878,219.49,-1096.06,67.57,-42.53,69.72,8.32,0.2576,-0.2140,-0.0839,-0.0250,0.2433,-0.1154
15.3297,219.23,-1095.84,67.55,-42.44,69.18,8.52,0.2589,-0.2309,-0.0292,-0.0237,0.2441,-0.1154
15.3716,219.07,-1095.64,67.57,-42.75,69.35,8.43,0.2548,-0.2300,0.0310,-0.0235,0.2443,-0.1141
15.4133,218.95,-1095.53,67.51,-42.54,69.27,7.52,0.2564,-0.2260,0.0882,-0.0233,0.2450,-0.1114
15.4558,218.85,-1095.62,67.51,-43.03,69.12,7.86,0.2515,-0.2038,0.1398,-0.0238,0.2461,-0.1084
15.4968,218.73,-1095.73,67.53,-43.16,69.08,7.95,0.2352,-0.1658,0.1806,-0.0232,0.2461,-0.1055
15.5384,218.60,-1095.99,67.59,-43.18,68.79,8.22,0.2148,-0.1130,0.2002,-0.0213,0.2456,-0.1033
15.5805,218.42,-1096.38,67.61,-43.26,69.11,8.43,0.1999,-0.0603,0.2070,-0.0185,0.2452,-0.1016
15.6225,218.19,-1096.86,67.71,-43.64,69.41,8.29,0.1844,-0.0045,0.1968,-0.0146,0.2441,-0.1013
15.6644,217.98,-1097.28,67.88,-43.82,70.92,8.08,0.1740,0.0472,0.1737,-0.0115,0.2410,-0.1025
15.7060,217.77,-1097.53,68.06,-43.28,72.93,7.15,0.1666,0.0953,0.1431,-0.0104,0.2369,-0.1029
15.7473,217.52,-1097.66,68.21,-42.60,76.42,5.94,0.1578,0.1394,0.1003,-0.0092,0.2317,-0.1029
15.7897,217.27,-1097.78,68.39,-42.33,79.09,4.39,0.1456,0.1732,0.0547,-0.0094,0.2258,-0.1033
15.8310,216.95,-1097.85,68.55,-41.44,82.67,3.10,0.1339,0.1934,0.0137,-0.0109,0.2221,-0.1046
15.8730,216.66,-1097.82,68.77,-40.95,85.83,1.36,0.1242,0.2052,-0.0248,-0.0141,0.2184,-0.1072
15.9149,216.29,-1097.75,69.03,-39.56,89.43,-1.08,0.1174,0.2081,-0.0512,-0.0179,0.2151,-0.1112
15.9564,215.94,-1097.70,69.20,-38.48,93.18,-3.49,0.1151,0.2087,-0.0631,-0.0228,0.2131,-0.1141
15.9985,215.60,-1097.83,69.48,-37.68,97.13,-6.81,0.1130,0.2112,-0.0690,-0.0286,0.2120,-0.1170
16.0398,215.32,-1097.92,69.82,-36.60,102.47,-10.30,0.1138,0.2117,-0.0739,-0.0366,0.2074,-0.1207
16.0818,215.17,-1098.11,70.25,-34.78,108.13,-14.55,0.1153,0.2146,-0.0756,-0.0510,0.1967,-0.1237
16.1236,215.26,-1098.43,70.73,-32.79,114.58,-18.75,0.1134,0.2202,-0.0793,-0.0724,0.1806,-0.1263
16.1657,215.52,-1098.66,71.29,-29.76,120.68,-23.00,0.1108,0.2246,-0.0842,-0.1038,0.1578,-0.1260
16.2069,215.96,-1098.86,71.90,-25.95,126.47,-26.67,0.1078,0.2304,-0.0916,-0.1417,0.1288,-0.1216
16.2487,216.49,-1098.97,72.37,-22.25,131.18,-30.21,0.1049,0.2358,-0.0997,-0.1800,0.0920,-0.1104
16.2904,217.02,-1099.00,72.67,-18.82,135.16,-32.99,0.1020,0.2409,-0.1071,-0.2170,0.0487,-0.0911
16.3320,217.54,-1098.87,72.93,-15.75,138.31,-34.71,0.0998,0.2447,-0.1144,-0.2442,0.0006,-0.0627
16.3733,217.98,-1098.64,73.08,-13.44,139.90,-36.60,0.0981,0.2469,-0.1225,-0.2616,-0.0459,-0.0282
16.4137,218.28,-1098.26,73.19,-11.70,140.81,-38.08,0.0983,0.2469,-0.1303,-0.2659,-0.0896,0.0118
16.4555,218.50,-1097.87,73.16,-10.76,140.62,-38.95,0.0991,0.2471,-0.1366,-0.2598,-0.1226,0.0534
16.4976,218.57,-1097.51,73.06,-10.51,139.77,-39.47,0.1014,0.2473,-0.1417,-0.2463,-0.1415,0.0938
16.5397,218.62,-1097.31,72.88,-11.62,139.14,-39.61,0.1036,0.2478,-0.1444,-0.2304,-0.1481,0.1299
16.5813,218.69,-1097.09,72.68,-12.87,138.40,-38.92,0.1048,0.2467,-0.1456,-0.2113,-0.1396,0.1601
16.6230,218.69,-1096.92,72.50,-14.11,136.98,-38.48,0.1059,0.2457,-0.1455,-0.1917,-0.1182,0.1825
16.6649,218.66,-1096.87,72.43,-15.30,135.10,-37.24,0.1069,0.2442,-0.1442,-0.1717,-0.0871,0.1909
16.7068,218.58,-1096.98,72.31,-16.82,132.88,-36.18,0.1073,0.2430,-0.1412,-0.1564,-0.0436,0.1899
16.7486,218.44,-1097.30,72.21,-18.97,130.67,-34.68,0.1072,0.2426,-0.1379,-0.1473,0.0055,0.1815
16.7907,218.33,-1097.64,72.18,-21.23,128.02,-32.93,0.1076,0.2405,-0.1336,-0.1427,0.0550,0.1636
16.8321,218.27,-1098.06,71.94,-23.88,123.98,-31.01,0.1077,0.2386,-0.1271,-0.1397,0.1044,0.1432
16.8737,218.43,-1098.56,71.44,-28.10,119.00,-28.10,0.1066,0.2352,-0.1181,-0.1362,0.1462,0.1199
16.9157,218.72,-1098.95,71.23,-32.84,114.63,-24.72,0.1045,0.2289,-0.1100,-0.1273,0.1822,0.0956
16.9575,219.01,-1098.67,71.31,-34.31,110.45,-23.00,0.1026,0.2200,-0.1038,-0.1116,0.2029,0.0684
16.9994,219.53,-1098.36,71.53,-35.27,106.46,-20.74,0.1001,0.2150,-0.0990,-0.0924,0.2161,0.0421
17.0413,220.05,-1098.05,71.56,-35.98,103.46,-19.12,0.0960,0.2129,-0.0958,-0.0739,0.2278,0.0186
17.0833,220.62,-1097.65,71.53,-34.63,100.26,-15.83,0.0927,0.2114,-0.0919,-0.0614,0.2315,-0.0020
17.1251,221.03,-1097.26,71.46,-33.50,98.05,-14.62,0.0909,0.2128,-0.0870,-0.0520,0.2314,-0.0222
17.1670,221.61,-1096.74,71.68,-34.55,97.19,-12.49,0.0864,0.2141,-0.0843,-0.0493,0.2321,-0.0378
17.2088,221.84,-1096.20,71.72,-34.19,95.23,-12.34,0.0838,0.2131,-0.0824,-0.0473,0.2344,-0.0490
17.2506,221.99,-1095.76,71.87,-34.40,93.66,-11.11,0.0835,0.2117,-0.0828,-0.0522,0.2359,-0.0548
17.2924,221.97,-1095.26,72.10,-34.26,92.17,-10.47,0.0830,0.2115,-0.0845,-0.0553,0.2383,-0.0615
17.3339,221.83,-1094.90,72.35,-34.44,90.51,-9.80,0.0827,0.2100,-0.0881,-0.0572,0.2392,-0.0674
17.3759,221.56,-1094.61,72.43,-33.74,88.95,-8.48,0.0843,0.2102,-0.0911,-0.0567,0.2399,-0.0715
17.4179,221.25,-1094.44,72.33,-32.99,87.13,-7.30,0.0868,0.2095,-0.0945,-0.0554,0.2432,-0.0720
17.4596,220.94,-1094.20,72.33,-33.54,84.80,-6.31,0.0898,0.2032,-0.1000,-0.0524,0.2453,-0.0740
17.5014,220.67,-1093.96,72.39,-34.12,81.97,-4.31,0.0943,0.1919,-0.1090,-0.0486,0.2458,-0.0772
17.5432,220.44,-1093.77,72.38,-35.04,77.69,-1.19,0.1029,0.1701,-0.1192,-0.0447,0.2476,-0.0799
17.5852,220.13,-1093.53,72.22,-35.37,73.12,2.33,0.1185,0.1359,-0.1302,-0.0399,0.2501,-0.0833
17.6272,219.90,-1093.23,71.98,-35.61,69.11,5.52,0.1414,0.0941,-0.1408,-0.0362,0.2524,-0.0882
17.6687,219.66,-1092.89,71.73,-36.29,65.75,7.88,0.1680,0.0464,-0.1498,-0.0332,0.2542,-0.0946
17.7107,219.64,-1092.42,71.49,-36.57,62.41,9.78,0.1956,-0.0075,-0.1528,-0.0326,0.2561,-0.1022
17.7521,219.64,-1091.83,71.34,-36.85,60.42,11.20,0.2212,-0.0633,-0.1459,-0.0333,0.2575,-0.1096
17.7941,219.82,-1091.20,71.25,-36.51,59.76,12.26,0.2410,-0.1174,-0.1215,-0.0361,0.2590,-0.1163
17.8358,220.05,-1090.60,71.10,-36.36,59.85,12.22,0.2518,-0.1642,-0.0821,-0.0415,0.2605,-0.1214
17.8775,220.35,-1090.31,70.92,-36.62,60.03,12.49,0.2476,-0.1961,-0.0293,-0.0476,0.2633,-0.1256
17.9193,220.53,-1090.30,70.85,-37.60,59.88,12.23,0.2301,-0.2102,0.0242,-0.0522,0.2664,-0.1288
17.9609,220.71,-1090.32,70.91,-37.73,59.18,12.64,0.2101,-0.2076,0.0703,-0.0553,0.2689,-0.1316
18.0023,220.79,-1090.46,71.05,-36.90,59.57,11.99,0.1910,-0.1895,0.1117,-0.0572,0.2713,-0.1331
18.0442,220.78,-1090.81,71.21,-36.47,59.64,11.90,0.1761,-0.1542,0.1447,-0.0575,0.2738,-0.1338
18.0865,220.63,-1091.14,71.39,-36.05,59.65,12.00,0.1621,-0.1129,0.1649,-0.0559,0.2735,-0.1345
18.1283,220.37,-1091.60,71.51,-35.55,59.89,12.66,0.1517,-0.0662,0.1712,-0.0531,0.2728,-0.1354
18.1699,219.98,-1092.00,71.65,-35.32,60.70,12.90,0.1454,-0.0161,0.1624,-0.0491,0.2697,-0.1369
18.2113,219.61,-1092.49,71.77,-35.27,62.59,13.20,0.1425,0.0322,0.1421,-0.0447,0.2673,-0.1394
18.2534,219.18,-1092.90,71.97,-35.24,65.00,12.47,0.1412,0.0828,0.1118,-0.0396,0.2641,-0.1427
18.2951,218.85,-1093.18,72.20,-34.59,68.00,11.18,0.1398,0.1305,0.0719,-0.0351,0.2598,-0.1460
18.3372,218.53,-1093.43,72.44,-34.15,70.96,9.92,0.1382,0.1689,0.0295,-0.0311,0.2552,-0.1485
18.3786,218.24,-1093.45,72.62,-33.33,74.36,8.41,0.1339,0.1936,-0.0100,-0.0276,0.2498,-0.1499
18.4201,218.00,-1093.44,72.95,-32.87,77.81,7.13,0.1283,0.2090,-0.0476,-0.0252,0.2444,-0.1524
18.4621,217.75,-1093.40,73.20,-31.63,82.13,4.89,0.1234,0.2187,-0.0772,-0.0242,0.2384,-0.1546
18.5040,217.53,-1093.39,73.53,-31.34,86.68,2.55,0.1199,0.2238,-0.1058,-0.0256,0.2330,-0.1568
18.5458,217.28,-1093.20,73.75,-29.53,92.06,-0.91,0.1209,0.2247,-0.1222,-0.0298,0.2280,-0.1586
18.5876,217.17,-1093.26,73.92,-29.19,97.45,-3.81,0.1205,0.2286,-0.1356,-0.0379,0.2241,-0.1595
18.6288,217.10,-1093.12,74.07,-28.45,103.31,-7.46,0.1206,0.2295,-0.1417,-0.0489,0.2154,-0.1588
18.6707,217.04,-1092.95,74.24,-26.77,110.39,-11.35,0.1211,0.2323,-0.1451,-0.0648,0.2001,-0.1558
18.7126,217.10,-1092.78,74.30,-24.99,118.31,-15.99,0.1217,0.2350,-0.1453,-0.0890,0.1774,-0.1495
18.7543,217.29,-1092.62,74.43,-22.23,126.71,-20.77,0.1217,0.2379,-0.1464,-0.1207,0.1453,-0.1413
18.7961,217.64,-1092.43,74.54,-19.05,134.27,-26.01,0.1206,0.2415,-0.1483,-0.1574,0.1072,-0.1314
18.8376,218.22,-1091.97,74.59,-15.54,139.78,-30.11,0.1182,0.2437,-0.1507,-0.1967,0.0625,-0.1153
18.8793,218.79,-1091.38,74.49,-12.44,143.33,-33.66,0.1158,0.2446,-0.1520,-0.2310,0.0146,-0.0895
18.9211,219.35,-1090.84,74.28,-10.15,146.87,-36.43,0.1133,0.2446,-0.1528,-0.2556,-0.0346,-0.0539
18.9630,219.79,-1090.25,74.02,-8.61,149.85,-39.20,0.1106,0.2436,-0.1537,-0.2669,-0.0826,-0.0077
19.0049,220.01,-1089.41,73.88,-6.80,150.25,-41.63,0.1097,0.2402,-0.1540,-0.2569,-0.1184,0.0430
19.0469,220.17,-1088.88,73.63,-6.61,149.34,-42.80,0.1085,0.2398,-0.1527,-0.2359,-0.1321,0.0916
19.0882,220.26,-1088.75,73.37,-7.99,149.02,-43.09,0.1057,0.2402,-0.1506,-0.2148,-0.1274,0.1325
19.1303,220.35,-1088.65,73.12,-10.03,148.64,-42.34,0.1019,0.2392,-0.1475,-0.1946,-0.1103,0.1640
19.1721,220.41,-1088.61,72.93,-12.04,147.07,-40.99,0.0985,0.2387,-0.1444,-0.1763,-0.0807,0.1818
19.2139,220.58,-1088.63,72.64,-14.89,144.81,-39.38,0.0956,0.2371,-0.1400,-0.1620,-0.0390,0.1909
19.2561,220.77,-1088.68,72.39,-17.78,141.12,-37.49,0.0931,0.2346,-0.1361,-0.1493,0.0074,0.1879
19.2973,221.01,-1088.83,72.19,-20.52,137.19,-34.46,0.0919,0.2320,-0.1323,-0.1382,0.0551,0.1746
19.3390,221.23,-1089.05,72.03,-22.78,133.16,-33.12,0.0934,0.2279,-0.1285,-0.1283,0.1032,0.1507
19.3809,221.50,-1089.35,72.02,-24.86,129.40,-31.24,0.0964,0.2242,-0.1254,-0.1187,0.1468,0.1181
19.4228,221.77,-1089.61,71.99,-26.64,124.97,-30.10,0.1001,0.2202,-0.1220,-0.1067,0.1838,0.0819
19.4647,221.99,-1089.88,72.00,-28.30,120.35,-27.69,0.1046,0.2159,-0.1195,-0.0928,0.2113,0.0430
19.5071,222.26,-1090.21,72.02,-30.06,115.08,-25.22,0.1100,0.2120,-0.1159,-0.0790,0.2289,0.0058
19.5485,222.41,-1090.54,72.17,-31.33,110.14,-22.14,0.1139,0.2094,-0.1135,-0.0638,0.2404,-0.0327
19.5904,222.61,-1090.86,72.31,-32.19,104.86,-19.33,0.1157,0.2068,-0.1109,-0.0543,0.2459,-0.0670
19.6323,222.73,-1091.10,72.61,-32.25,100.60,-15.86,0.1154,0.2042,-0.1085,-0.0487,0.2491,-0.0973
19.6741,222.82,-1091.25,72.84,-31.22,96.83,-14.19,0.1152,0.2014,-0.1028,-0.0460,0.2493,-0.1163
19.7156,222.84,-1091.57,73.00,-31.33,93.65,-12.13,0.1141,0.2024,-0.0974,-0.0444,0.2523,-0.1261
19.7570,222.80,-1091.81,73.02,-31.76,90.91,-10.23,0.1109,0.2030,-0.0969,-0.0455,0.2550,-0.1287
19.7991,222.73,-1092.05,72.92,-32.78,87.73,-7.68,0.1077,0.2006,-0.1009,-0.0483,0.2567,-0.1271
19.8406,222.58,-1092.18,72.76,-34.05,84.24,-5.18,0.1057,0.1951,-0.1106,-0.0504,0.2578,-0.1235
19.8824,222.37,-1092.25,72.59,-34.97,80.29,-1.60,0.1060,0.1834,-0.1240,-0.0497,0.2579,-0.1202
19.9245,222.00,-1092.27,72.43,-35.84,76.49,1.44,0.1128,0.1636,-0.1378,-0.0487,0.2580,-0.1170
19.9661,221.55,-1092.23,72.25,-36.70,72.66,4.26,0.1253,0.1387,-0.1543,-0.0458,0.2590,-0.1154
20.0082,221.07,-1092.13,72.02,-37.67,69.46,6.81,0.1437,0.1038,-0.1681,-0.0419,0.2598,-0.1156
20.0498,220.57,-1091.88,71.84,-38.42,66.50,9.27,0.1675,0.0608,-0.1769,-0.0382,0.2594,-0.1174
20.0917,220.06,-1091.39,71.67,-38.47,64.74,10.81,0.1931,0.0135,-0.1796,-0.0350,0.2579,-0.1199
20.1337,219.62,-1090.89,71.42,-38.33,62.96,11.91,0.2176,-0.0372,-0.1693,-0.0328,0.2577,-0.1225
20.1753,219.18,-1090.43,71.11,-39.05,61.41,13.61,0.2392,-0.0824,-0.1516,-0.0305,0.2588,-0.1258
20.2169,218.84,-1089.86,70.68,-39.52,59.89,14.91,0.2562,-0.1271,-0.1224,-0.0286,0.2584,-0.1292
20.2589,218.52,-1089.30,70.09,-40.13,58.45,16.30,0.2651,-0.1702,-0.0827,-0.0264,0.2574,-0.1319
20.3015,218.36,-1088.85,69.59,-41.23,57.55,18.89,0.2649,-0.2027,-0.0351,-0.0249,0.2572,-0.1345
20.3431,218.24,-1088.42,69.03,-42.26,56.67,19.51,0.2577,-0.2191,0.0193,-0.0240,0.2561,-0.1352
20.3852,218.17,-1088.24,68.59,-43.25,56.44,20.08,0.2454,-0.2199,0.0721,-0.0232,0.2569,-0.1350
20.4273,218.07,-1088.19,68.17,-44.91,55.90,19.80,0.2315,-0.2056,0.1227,-0.0227,0.2586,-0.1335
20.4694,218.07,-1088.20,67.78,-45.69,55.33,20.11,0.2143,-0.1765,0.1663,-0.0234,0.2585,-0.1296
20.5116,217.98,-1088.34,67.44,-46.40,55.00,20.24,0.1911,-0.1363,0.1962,-0.0227,0.2591,-0.1263
20.5538,217.83,-1088.64,67.18,-47.44,55.37,20.07,0.1695,-0.0907,0.2133,-0.0214,0.2589,-0.1227
20.5962,217.69,-1088.97,67.04,-48.41,55.85,20.00,0.1514,-0.0437,0.2178,-0.0199,0.2572,-0.1183
20.6382,217.54,-1089.31,66.96,-48.74,57.71,19.57,0.1377,0.0043,0.2111,-0.0177,0.2545,-0.1149
20.6806,217.22,-1089.68,67.03,-49.41,59.42,18.45,0.1272,0.0541,0.1939,-0.0156,0.2511,-0.1119
20.7226,216.94,-1089.93,67.18,-49.43,62.43,17.66,0.1186,0.1019,0.1648,-0.0133,0.2476,-0.1095
20.7650,216.56,-1090.02,67.29,-49.05,65.96,15.29,0.1129,0.1402,0.1291,-0.0118,0.2419,-0.1052
20.8066,216.26,-1090.11,67.43,-49.14,69.43,14.00,0.1076,0.1694,0.0924,-0.0095,0.2361,-0.1022
20.8484,215.88,-1090.12,67.57,-49.14,73.04,11.87,0.1033,0.1902,0.0549,-0.0086,0.2285,-0.0997
20.8901,215.60,-1090.04,67.67,-48.69,77.23,10.05,0.0989,0.2010,0.0202,-0.0088,0.2213,-0.0984
20.9320,215.32,-1090.04,67.91,-48.51,81.12,7.29,0.0992,0.2101,-0.0114,-0.0107,0.2151,-0.1005
20.9739,215.06,-1090.03,68.21,-47.90,85.54,4.23,0.1003,0.2147,-0.0393,-0.0164,0.2098,-0.1042
21.0153,214.81,-1089.97,68.69,-46.37,90.37,1.17,0.1029,0.2184,-0.0596,-0.0231,0.2061,-0.1109
21.0556,214.51,-1089.99,69.25,-44.08,96.02,-3.08,0.1039,0.2209,-0.0712,-0.0317,0.2023,-0.1183
21.0964,214.36,-1090.05,69.96,-41.58,101.97,-6.85,0.1022,0.2255,-0.0796,-0.0431,0.1963,-0.1265
21.1376,214.24,-1090.17,70.72,-38.44,108.65,-11.22,0.1040,0.2295,-0.0843,-0.0582,0.1850,-0.1345
21.1779,214.36,-1090.33,71.43,-35.15,114.80,-15.56,0.1062,0.2345,-0.0901,-0.0803,0.1668,-0.1429
21.2189,214.71,-1090.56,71.99,-32.52,120.40,-19.00,0.1070,0.2395,-0.0967,-0.1085,0.1429,-0.1518
21.2605,215.14,-1090.73,72.44,-29.92,125.84,-22.38,0.1067,0.2445,-0.1042,-0.1424,0.1092,-0.1587
21.3015,215.72,-1090.81,72.79,-27.47,131.18,-25.41,0.1051,0.2493,-0.1118,-0.1782,0.0683,-0.1603
21.3433,216.29,-1090.71,73.00,-24.96,135.55,-28.66,0.1037,0.2526,-0.1180,-0.2120,0.0196,-0.1508
21.3853,216.89,-1090.48,73.10,-22.70,138.87,-31.01,0.1010,0.2550,-0.1233,-0.2421,-0.0292,-0.1304
21.4271,217.50,-1090.16,73.02,-21.40,140.82,-33.35,0.0982,0.2558,-0.1278,-0.2637,-0.0783,-0.0952
21.4690,218.00,-1089.80,72.88,-20.83,141.65,-34.88,0.0967,0.2542,-0.1309,-0.2754,-0.1207,-0.0493
21.5105,218.39,-1089.41,72.64,-20.83,141.66,-36.04,0.0959,0.2521,-0.1334,-0.2730,-0.1544,0.0042
21.5523,218.73,-1089.09,72.35,-21.67,140.96,-36.55,0.0953,0.2504,-0.1348,-0.2608,-0.1710,0.0580
21.5940,218.94,-1088.92,72.07,-22.57,140.05,-36.61,0.0948,0.2494,-0.1351,-0.2440,-0.1726,0.1049
21.6360,219.17,-1088.84,71.98,-23.70,138.95,-36.32,0.0935,0.2482,-0.1351,-0.2223,-0.1531,0.1388
21.6780,219.36,-1088.81,71.85,-24.38,137.22,-35.20,0.0928,0.2480,-0.1333,-0.1997,-0.1200,0.1621
21.7199,219.55,-1088.98,71.67,-25.58,135.31,-33.84,0.0928,0.2478,-0.1309,-0.1795,-0.0765,0.1763
21.7611,219.75,-1089.19,71.51,-27.06,133.37,-32.29,0.0916,0.2476,-0.1291,-0.1641,-0.0262,0.1818
21.8033,219.96,-1089.42,71.29,-28.57,130.80,-31.01,0.0924,0.2422,-0.1242,-0.1471,0.0293,0.1733
21.8450,220.15,-1089.68,71.06,-30.37,128.15,-29.96,0.0942,0.2384,-0.1200,-0.1327,0.0829,0.1540
21.8860,220.34,-1089.90,70.84,-31.77,125.19,-28.66,0.0966,0.2333,-0.1163,-0.1202,0.1336,0.1246
21.9281,220.56,-1090.05,70.66,-33.55,122.16,-27.60,0.1000,0.2275,-0.1126,-0.1068,0.1796,0.0856
21.9696,220.80,-1089.92,70.41,-34.63,118.43,-26.24,0.1031,0.2200,-0.1088,-0.0894,0.2111,0.0402
22.0121,221.15,-1089.75,70.15,-36.24,114.01,-24.32,0.1058,0.2112,-0.1046,-0.0734,0.2304,-0.0014
22.0537,221.54,-1089.45,69.91,-37.54,108.68,-21.36,0.1081,0.2029,-0.1002,-0.0581,0.2419,-0.0392
22.0961,222.02,-1089.23,69.71,-38.86,102.39,-17.45,0.1081,0.1965,-0.0969,-0.0489,0.2426,-0.0706
22.1376,222.46,-1089.10,69.62,-40.20,96.24,-13.26,0.1066,0.1916,-0.0945,-0.0413,0.2424,-0.0967
22.1789,222.80,-1089.04,69.58,-40.67,90.65,-9.43,0.1045,0.1886,-0.0936,-0.0380,0.2422,-0.1137
22.2211,223.08,-1088.99,69.57,-41.43,86.03,-6.35,0.1022,0.1870,-0.0945,-0.0365,0.2425,-0.1222
22.2625,223.16,-1088.95,69.43,-41.89,82.90,-4.06,0.1027,0.1845,-0.0970,-0.0358,0.2431,-0.1219
22.3049,223.06,-1088.95,69.15,-43.31,80.24,-2.38,0.1059,0.1791,-0.1017,-0.0343,0.2439,-0.1179
22.3469,222.87,-1088.91,68.76,-45.35,77.62,0.07,0.1115,0.1664,-0.1105,-0.0329,0.2449,-0.1132
22.3884,222.51,-1088.60,68.56,-46.34,74.73,1.76,0.1190,0.1401,-0.1227,-0.0298,0.2443,-0.1114
22.4301,222.13,-1088.19,68.38,-46.34,71.57,4.42,0.1320,0.1001,-0.1359,-0.0261,0.2422,-0.1130
22.4720,221.62,-1087.74,68.26,-46.11,69.24,6.13,0.1537,0.0539,-0.1468,-0.0217,0.2398,-0.1172
22.5140,221.14,-1087.35,68.16,-46.15,67.57,8.14,0.1800,0.0066,-0.1551,-0.0190,0.2388,-0.1221
22.5560,220.67,-1086.84,68.06,-45.92,66.34,8.76,0.2082,-0.0444,-0.1560,-0.0180,0.2383,-0.1267
22.5983,220.34,-1086.44,67.90,-45.72,65.54,9.72,0.2326,-0.0973,-0.1486,-0.0178,0.2394,-0.1305
22.6397,220.00,-1086.06,67.70,-46.32,64.38,10.43,0.2533,-0.1516,-0.1302,-0.0180,0.2394,-0.1333
22.6823,219.84,-1085.58,67.43,-46.46,63.45,11.02,0.2657,-0.2018,-0.0977,-0.0194,0.2391,-0.1347
22.7249,219.76,-1085.37,67.19,-46.90,63.09,11.61,0.2681,-0.2351,-0.0495,-0.0211,0.2410,-0.1341
22.7669,219.72,-1085.33,66.98,-48.26,62.67,11.66,0.2609,-0.2463,0.0042,-0.0215,0.2430,-0.1326
22.8091,219.73,-1085.20,66.76,-48.47,62.68,10.84,0.2484,-0.2411,0.0565,-0.0221,0.2439,-0.1294
22.8512,219.72,-1085.26,66.66,-48.90,62.29,10.31,0.2325,-0.2237,0.1037,-0.0225,0.2455,-0.1263
22.8934,219.70,-1085.38,66.53,-49.08,61.88,10.69,0.2147,-0.1926,0.1407,-0.0226,0.2467,-0.1225
22.9354,219.64,-1085.66,66.42,-49.79,61.38,11.07,0.1993,-0.1536,0.1680,-0.0229,0.2483,-0.1191
22.9772,219.54,-1085.97,66.29,-50.38,60.78,11.81,0.1863,-0.1105,0.1844,-0.0228,0.2497,-0.1156
23.0191,219.42,-1086.32,66.14,-51.26,60.16,12.65,0.1762,-0.0635,0.1900,-0.0224,0.2495,-0.1128
23.0616,219.29,-1086.66,66.01,-51.99,59.90,13.56,0.1710,-0.0185,0.1902,-0.0219,0.2477,-0.1108
23.1029,219.19,-1086.83,65.98,-52.38,60.93,13.90,0.1639,0.0293,0.1797,-0.0220,0.2439,-0.1103
23.1449,219.06,-1086.81,65.99,-52.03,63.05,13.04,0.1573,0.0777,0.1609,-0.0233,0.2387,-0.1094
23.1866,218.91,-1086.69,66.01,-51.43,66.70,11.61,0.1498,0.1213,0.1336,-0.0252,0.2336,-0.1078
23.2290,218.68,-1086.63,66.05,-51.08,70.47,9.38,0.1428,0.1595,0.1026,-0.0266,0.2302,-0.1057
23.2704,218.50,-1086.44,66.16,-50.73,75.02,7.41,0.1340,0.1878,0.0680,-0.0280,0.2258,-0.1037
23.3118,218.24,-1086.23,66.22,-49.60,78.96,4.88,0.1236,0.2065,0.0350,-0.0274,0.2210,-0.1016
23.3541,217.97,-1086.13,66.18,-49.20,82.49,2.95,0.1146,0.2152,0.0011,-0.0262,0.2160,-0.0996
23.3954,217.64,-1086.18,66.14,-49.05,85.83,0.79,0.1087,0.2205,-0.0258,-0.0242,0.2126,-0.0997
23.4376,217.31,-1086.22,66.15,-49.31,89.39,-1.52,0.1055,0.2218,-0.0451,-0.0249,0.2084,-0.1018
23.4794,216.96,-1086.26,66.25,-48.35,93.38,-4.81,0.1056,0.2216,-0.0548,-0.0281,0.2051,-0.1056
23.5202,216.69,-1086.45,66.49,-47.20,97.90,-7.76,0.1070,0.2236,-0.0606,-0.0334,0.2023,-0.1112
23.5611,216.44,-1086.74,66.86,-46.13,103.23,-11.75,0.1086,0.2255,-0.0628,-0.0410,0.1960,-0.1189
23.6016,216.26,-1086.89,67.32,-43.92,109.93,-16.44,0.1093,0.2271,-0.0647,-0.0536,0.1816,-0.1273
23.6425,216.18,-1087.10,67.93,-41.06,117.27,-22.09,0.1098,0.2303,-0.0678,-0.0730,0.1621,-0.1378
23.6834,216.28,-1087.24,68.51,-37.27,124.39,-26.98,0.1103,0.2334,-0.0713,-0.1053,0.1357,-0.1441
23.7244,216.48,-1087.51,69.20,-33.17,131.46,-31.48,0.1110,0.2376,-0.0759,-0.1448,0.1072,-0.1462
23.7658,216.79,-1087.63,69.99,-28.20,138.03,-35.08,0.1105,0.2423,-0.0827,-0.1883,0.0726,-0.1388
23.8075,217.23,-1087.59,70.67,-23.18,142.39,-37.98,0.1090,0.2457,-0.0890,-0.2302,0.0330,-0.1189
23.8494,217.78,-1087.46,71.25,-19.27,145.26,-40.05,0.1060,0.2484,-0.0955,-0.2595,-0.0120,-0.0824
23.8910,218.23,-1087.15,71.67,-15.82,147.03,-41.17,0.1040,0.2487,-0.1003,-0.2734,-0.0581,-0.0378
23.9330,218.64,-1086.90,71.89,-13.68,148.02,-42.29,0.1030,0.2503,-0.1029,-0.2712,-0.0931,0.0143
23.9743,218.95,-1086.54,72.02,-12.69,148.04,-43.34,0.1031,0.2504,-0.1059,-0.2564,-0.1181,0.0665
24.0159,219.16,-1086.20,72.06,-12.43,146.94,-43.96,0.1051,0.2495,-0.1067,-0.2294,-0.1291,0.1135
24.0576,219.43,-1086.12,71.94,-13.41,145.92,-43.68,0.1067,0.2508,-0.1061,-0.2057,-0.1226,0.1528
24.0994,219.71,-1086.02,71.82,-15.05,144.49,-42.64,0.1070,0.2502,-0.1054,-0.1851,-0.1058,0.1808
24.1411,220.02,-1086.00,71.70,-16.86,142.06,-41.58,0.1084,0.2486,-0.1033,-0.1692,-0.0774,0.1987
24.1826,220.34,-1086.07,71.65,-18.52,139.24,-40.29,0.1083,0.2463,-0.1022,-0.1579,-0.0367,0.2035
24.2243,220.74,-1086.31,71.52,-20.49,136.22,-38.56,0.1076,0.2434,-0.1002,-0.1492,0.0093,0.1962
24.2666,221.11,-1086.41,71.44,-22.18,132.35,-37.00,0.1077,0.2393,-0.0981,-0.1402,0.0604,0.1787
24.3083,221.66,-1086.76,71.22,-24.37,128.36,-34.31,0.1073,0.2352,-0.0947,-0.1304,0.1114,0.1461
24.3503,222.10,-1087.02,71.21,-26.35,124.72,-33.50,0.1069,0.2302,-0.0934,-0.1193,0.1578,0.1033
24.3915,222.62,-1087.24,71.08,-28.12,119.52,-30.88,0.1061,0.2251,-0.0920,-0.1076,0.1959,0.0612
24.4330,223.08,-1087.26,70.98,-29.55,114.86,-28.69,0.1063,0.2193,-0.0926,-0.0916,0.2246,0.0158
24.4748,223.65,-1087.26,70.67,-31.65,109.50,-25.71,0.1056,0.2121,-0.0928,-0.0743,0.2389,-0.0296
24.5173,224.12,-1087.18,70.29,-33.93,104.81,-23.14,0.1035,0.2053,-0.0941,-0.0585,0.2440,-0.0684
24.5592,224.67,-1086.99,69.94,-36.48,99.18,-19.85,0.1008,0.1989,-0.0949,-0.0507,0.2431,-0.0989
24.6012,225.03,-1086.88,69.60,-38.02,94.23,-15.72,0.0979,0.1951,-0.0968,-0.0451,0.2422,-0.1216
24.6425,225.37,-1086.73,69.37,-39.61,89.81,-12.33,0.0954,0.1913,-0.0993,-0.0436,0.2382,-0.1333
24.6845,225.56,-1086.68,69.17,-40.30,86.63,-9.00,0.0936,0.1902,-0.1027,-0.0415,0.2367,-0.1373
24.7264,225.64,-1086.72,68.96,-41.78,83.79,-6.54,0.0928,0.1889,-0.1068,-0.0437,0.2361,-0.1338
24.7685,225.60,-1086.78,68.77,-42.92,82.02,-4.01,0.0941,0.1858,-0.1134,-0.0455,0.2368,-0.1286
24.8101,225.34,-1086.78,68.66,-43.73,80.59,-2.73,0.0994,0.1778,-0.1220,-0.0468,0.2373,-0.1231
24.8518,225.00,-1086.80,68.57,-44.48,78.68,-0.42,0.1063,0.1635,-0.1331,-0.0478,0.2389,-0.1184
24.8936,224.41,-1086.72,68.49,-45.03,77.01,1.40,0.1176,0.1387,-0.1456,-0.0465,0.2403,-0.1158
24.9353,223.85,-1086.60,68.38,-45.45,75.26,3.66,0.1341,0.1053,-0.1585,-0.0452,0.2420,-0.1145
24.9773,223.19,-1086.43,68.26,-46.14,73.62,5.17,0.1562,0.0643,-0.1672,-0.0426,0.2435,-0.1150
25.0193,222.55,-1086.15,68.12,-46.63,72.23,6.34,0.1812,0.0168,-0.1679,-0.0400,0.2441,-0.1166
25.0614,221.93,-1085.80,67.94,-46.60,71.43,7.21,0.2091,-0.0307,-0.1569,-0.0378,0.2452,-0.1196
25.1032,221.37,-1085.46,67.85,-47.09,69.89,8.25,0.2353,-0.0776,-0.1336,-0.0369,0.2467,-0.1242
25.1461,220.90,-1085.03,67.78,-46.82,69.20,9.00,0.2539,-0.1235,-0.1012,-0.0365,0.2478,-0.1301
25.1882,220.56,-1084.72,67.78,-46.19,68.64,9.86,0.2629,-0.1644,-0.0594,-0.0372,0.2502,-0.1369
25.2299,220.26,-1084.52,67.87,-46.01,68.46,9.68,0.2566,-0.1916,-0.0083,-0.0387,0.2525,-0.1425
25.2712,220.11,-1084.39,67.93,-45.52,68.16,9.49,0.2377,-0.2008,0.0424,-0.0410,0.2552,-0.1457
25.3121,219.99,-1084.42,67.98,-45.02,67.79,9.53,0.2187,-0.1986,0.0874,-0.0430,0.2583,-0.1467
25.3535,219.89,-1084.55,68.05,-44.93,67.16,9.65,0.2007,-0.1837,0.1268,-0.0450,0.2602,-0.1463
25.3953,219.82,-1084.74,68.15,-44.35,66.27,10.00,0.1841,-0.1548,0.1577,-0.0462,0.2614,-0.1451
25.4371,219.68,-1085.06,68.28,-44.04,65.61,10.35,0.1692,-0.1155,0.1783,-0.0454,0.2615,-0.1433
25.4788,219.51,-1085.42,68.39,-43.82,65.43,10.56,0.1562,-0.0714,0.1866,-0.0429,0.2595,-0.1416
25.5202,219.29,-1085.94,68.52,-43.83,66.55,10.51,0.1492,-0.0254,0.1861,-0.0392,0.2571,-0.1407
25.5618,219.03,-1086.42,68.57,-43.90,67.78,9.25,0.1428,0.0254,0.1753,-0.0364,0.2537,-0.1390
25.6038,218.78,-1086.94,68.75,-44.41,69.98,8.79,0.1367,0.0791,0.1535,-0.0332,0.2502,-0.1391
25.6461,218.55,-1087.19,68.88,-44.36,72.52,7.60,0.1302,0.1280,0.1217,-0.0317,0.2444,-0.1387
25.6877,218.32,-1087.31,69.02,-43.89,75.08,6.64,0.1233,0.1686,0.0795,-0.0310,0.2387,-0.1392
25.7292,217.99,-1087.28,69.12,-43.75,77.78,4.98,0.1168,0.1941,0.0346,-0.0314,0.2317,-0.1403
25.7707,217.70,-1087.25,69.20,-43.57,79.99,3.42,0.1102,0.2074,-0.0082,-0.0328,0.2256,-0.1431
25.8129,217.36,-1087.14,69.31,-42.98,82.79,1.81,0.1052,0.2144,-0.0468,-0.0343,0.2196,-0.1468
25.8547,217.00,-1087.02,69.52,-42.55,85.87,-1.17,0.1052,0.2188,-0.0779,-0.0364,0.2141,-0.1499
25.8967,216.65,-1086.83,69.71,-41.32,89.38,-3.48,0.1089,0.2171,-0.1002,-0.0385,0.2097,-0.1526
25.9384,216.34,-1086.80,69.90,-40.60,93.46,-6.32,0.1140,0.2181,-0.1129,-0.0414,0.2072,-0.1537
25.9796,216.01,-1086.71,70.11,-39.52,98.56,-9.89,0.1177,0.2186,-0.1188,-0.0443,0.2050,-0.1539
26.0215,215.80,-1086.71,70.32,-38.08,104.14,-13.93,0.1181,0.2190,-0.1189,-0.0496,0.2023,-0.1532
26.0633,215.61,-1086.69,70.59,-36.39,110.34,-18.26,0.1171,0.2209,-0.1169,-0.0589,0.1943,-0.1523
26.1049,215.53,-1086.73,70.88,-33.97,117.02,-22.51,0.1163,0.2235,-0.1137,-0.0756,0.1781,-0.1480
26.1468,215.50,-1086.88,71.17,-31.50,123.95,-26.68,0.1157,0.2271,-0.1131,-0.0997,0.1551,-0.1397
26.1883,215.56,-1087.05,71.53,-28.68,130.76,-29.78,0.1147,0.2303,-0.1142,-0.1311,0.1287,-0.1281
26.2299,215.73,-1087.24,71.87,-25.27,136.90,-33.55,0.1126,0.2345,-0.1164,-0.1663,0.1002,-0.1115
26.2716,216.14,-1087.35,72.13,-22.18,141.76,-36.13,0.1086,0.2395,-0.1194,-0.2036,0.0673,-0.0869
26.3132,216.58,-1087.35,72.33,-19.08,145.73,-38.30,0.1043,0.2420,-0.1219,-0.2346,0.0305,-0.0549
26.3551,217.09,-1087.33,72.38,-16.39,148.63,-40.46,0.0988,0.2454,-0.1241,-0.2548,-0.0098,-0.0164
26.3969,217.63,-1087.20,72.39,-14.57,151.17,-42.10,0.0932,0.2459,-0.1263,-0.2612,-0.0507,0.0224
26.4385,218.07,-1086.89,72.37,-13.12,151.86,-43.44,0.0884,0.2433,-0.1277,-0.2502,-0.0848,0.0616
26.4807,218.48,-1086.54,72.28,-12.37,150.73,-44.13,0.0845,0.2410,-0.1283,-0.2298,-0.1022,0.0977
26.5227,218.87,-1086.39,72.10,-12.59,149.19,-44.53,0.0812,0.2413,-0.1272,-0.2070,-0.1041,0.1305
26.5647,219.27,-1086.41,71.94,-13.35,148.45,-43.82,0.0788,0.2427,-0.1243,-0.1852,-0.0946,0.1600
26.6064,219.60,-1086.40,71.76,-14.10,146.74,-44.45,0.0775,0.2429,-0.1206,-0.1638,-0.0741,0.1842
26.6478,220.02,-1086.40,71.51,-15.53,144.57,-43.57,0.0769,0.2412,-0.1171,-0.1438,-0.0455,0.1997
26.6894,220.45,-1086.35,71.25,-17.05,141.59,-43.27,0.0782,0.2369,-0.1140,-0.1274,-0.0065,0.2043
26.7312,220.85,-1086.33,70.94,-19.27,138.27,-42.30,0.0810,0.2320,-0.1118,-0.1157,0.0353,0.1943
26.7731,221.24,-1086.34,70.63,-21.45,134.53,-40.89,0.0856,0.2260,-0.1104,-0.1080,0.0800,0.1719
26.8149,221.65,-1086.43,70.30,-24.37,130.75,-39.30,0.0907,0.2204,-0.1093,-0.1011,0.1285,0.1357
26.8562,222.08,-1086.50,70.00,-27.30,126.45,-36.93,0.0962,0.2156,-0.1083,-0.0950,0.1700,0.0904
26.8977,222.52,-1086.56,69.78,-30.43,121.27,-33.75,0.1026,0.2101,-0.1082,-0.0873,0.2035,0.0433
26.9397,222.87,-1086.38,69.70,-32.23,115.68,-30.60,0.1102,0.2024,-0.1080,-0.0740,0.2215,-0.0030
26.9815,223.25,-1086.23,69.58,-33.78,109.29,-26.64,0.1165,0.1946,-0.1064,-0.0576,0.2252,-0.0450
27.0239,223.50,-1086.22,69.43,-35.70,103.79,-23.23,0.1217,0.1883,-0.1047,-0.0434,0.2295,-0.0775
27.0650,223.77,-1086.29,69.32,-37.55,97.66,-18.07,0.1249,0.1838,-0.1038,-0.0358,0.2326,-0.1032
27.1067,223.95,-1086.36,69.30,-39.18,92.48,-13.71,0.1270,0.1803,-0.1033,-0.0302,0.2331,-0.1253
27.1481,224.12,-1086.44,69.29,-39.59,87.78,-8.16,0.1268,0.1793,-0.1046,-0.0298,0.2337,-0.1361
27.1901,224.17,-1086.54,69.34,-39.90,85.11,-5.52,0.1261,0.1791,-0.1062,-0.0288,0.2339,-0.1404
27.2323,224.29,-1086.64,69.32,-39.99,82.69,-2.77,0.1235,0.1802,-0.1097,-0.0302,0.2342,-0.1390
27.2743,224.25,-1086.77,69.22,-40.38,81.29,-1.22,0.1204,0.1784,-0.1162,-0.0299,0.2361,-0.1349
27.3159,224.14,-1086.91,69.02,-41.34,79.74,0.57,0.1172,0.1710,-0.1263,-0.0296,0.2377,-0.1304
27.3577,223.87,-1087.05,68.86,-42.50,78.35,2.68,0.1153,0.1578,-0.1420,-0.0294,0.2395,-0.1279
27.3998,223.48,-1086.98,68.73,-43.24,76.54,4.36,0.1181,0.1330,-0.1598,-0.0289,0.2399,-0.1269
27.4416,223.04,-1086.77,68.54,-43.51,74.48,6.88,0.1277,0.0972,-0.1769,-0.0279,0.2387,-0.1272
27.4832,222.47,-1086.46,68.29,-43.70,72.82,8.76,0.1431,0.0538,-0.1902,-0.0256,0.2371,-0.1288
27.5249,221.86,-1086.13,68.06,-44.22,71.04,10.75,0.1652,0.0062,-0.1977,-0.0246,0.2368,-0.1312
27.5668,221.23,-1085.73,67.84,-44.54,70.33,12.29,0.1930,-0.0413,-0.1979,-0.0244,0.2372,-0.1346
27.6087,220.69,-1085.26,67.66,-44.74,69.98,13.07,0.2213,-0.0904,-0.1879,-0.0252,0.2369,-0.1386
27.6506,220.25,-1084.90,67.50,-44.51,70.49,13.21,0.2493,-0.1337,-0.1630,-0.0267,0.2384,-0.1418
27.6927,219.97,-1084.64,67.47,-44.57,71.05,12.48,0.2698,-0.1683,-0.1242,-0.0289,0.2399,-0.1444
27.7343,219.81,-1084.54,67.41,-44.21,71.54,11.83,0.2816,-0.1865,-0.0703,-0.0309,0.2420,-0.1446
27.7761,219.74,-1084.58,67.45,-44.29,72.03,10.73,0.2847,-0.1909,-0.0102,-0.0328,0.2443,-0.1437
27.8176,219.67,-1084.63,67.47,-44.01,71.80,9.96,0.2754,-0.1826,0.0505,-0.0343,0.2465,-0.1414
27.8594,219.71,-1085.10,67.61,-44.46,71.83,9.26,0.2592,-0.1615,0.1040,-0.0355,0.2497,-0.1402
27.9014,219.72,-1085.44,67.74,-44.58,71.33,8.83,0.2365,-0.1315,0.1457,-0.0376,0.2507,-0.1367
27.9433,219.68,-1085.80,67.93,-44.35,71.02,8.33,0.2099,-0.0955,0.1705,-0.0372,0.2517,-0.1339
27.9844,219.61,-1086.25,68.11,-43.94,71.00,8.44,0.1853,-0.0541,0.1809,-0.0358,0.2517,-0.1314
28.0263,219.41,-1086.68,68.35,-44.06,71.14,8.19,0.1653,-0.0118,0.1782,-0.0336,0.2510,-0.1303
28.0683,219.18,-1086.99,68.55,-43.38,71.59,7.97,0.1510,0.0328,0.1629,-0.0318,0.2492,-0.1300
28.1100,218.87,-1087.20,68.78,-42.81,73.17,7.73,0.1422,0.0768,0.1387,-0.0307,0.2457,-0.1307
28.1518,218.49,-1087.30,68.99,-42.18,75.47,6.69,0.1388,0.1181,0.1051,-0.0303,0.2411,-0.1320
28.1936,218.08,-1087.36,69.22,-41.63,78.61,5.15,0.1361,0.1560,0.0637,-0.0307,0.2366,-0.1344
28.2351,217.63,-1087.37,69.46,-40.75,82.39,2.49,0.1335,0.1817,0.0165,-0.0326,0.2316,-0.1375
28.2770,217.21,-1087.32,69.75,-39.44,86.49,0.54,0.1310,0.1988,-0.0288,-0.0351,0.2270,-0.1414
28.3188,216.79,-1087.25,70.08,-38.06,90.56,-2.28,0.1279,0.2081,-0.0682,-0.0386,0.2212,-0.1453
28.3608,216.34,-1087.10,70.45,-35.68,95.40,-4.76,0.1250,0.2098,-0.0971,-0.0433,0.2151,-0.1483
28.4023,215.94,-1087.26,70.89,-33.82,100.26,-8.39,0.1194,0.2137,-0.1184,-0.0483,0.2116,-0.1512
28.4435,215.64,-1087.37,71.36,-31.82,104.83,-11.24,0.1150,0.2160,-0.1310,-0.0559,0.2055,-0.1528
28.4855,215.44,-1087.61,71.87,-29.87,109.63,-14.05,0.1112,0.2198,-0.1384,-0.0675,0.1956,-0.1528
28.5275,215.40,-1087.96,72.36,-27.76,114.75,-16.95,0.1081,0.2249,-0.1435,-0.0840,0.1808,-0.1516
28.5691,215.55,-1088.33,72.88,-25.84,120.06,-19.40,0.1068,0.2302,-0.1475,-0.1079,0.1559,-0.1482
28.6105,215.78,-1088.51,73.47,-22.52,125.05,-21.85,0.1073,0.2345,-0.1516,-0.1391,0.1230,-0.1408
28.6522,216.23,-1088.85,73.97,-19.88,129.48,-23.81,0.1070,0.2397,-0.1551,-0.1745,0.0857,-0.1276
28.6936,216.79,-1089.01,74.35,-17.15,133.44,-24.88,0.1062,0.2437,-0.1574,-0.2091,0.0454,-0.1072
28.7356,217.43,-1089.11,74.65,-14.74,136.41,-26.39,0.1059,0.2475,-0.1599,-0.2377,0.0039,-0.0781
28.7774,218.08,-1089.08,74.83,-12.51,138.63,-28.23,0.1066,0.2508,-0.1625,-0.2566,-0.0379,-0.0400
28.8191,218.70,-1088.95,74.85,-10.89,140.45,-29.74,0.1079,0.2527,-0.1645,-0.2590,-0.0747,0.0053
28.8607,219.22,-1088.62,74.84,-9.61,141.17,-31.70,0.1104,0.2521,-0.1664,-0.2505,-0.1035,0.0507
28.9025,219.66,-1088.26,74.68,-9.21,140.70,-33.57,0.1135,0.2521,-0.1679,-0.2347,-0.1183,0.0913
28.9444,220.02,-1087.96,74.34,-10.02,140.39,-34.56,0.1186,0.2510,-0.1673,-0.2203,-0.1186,0.1270
28.9862,220.30,-1087.62,73.99,-10.96,139.91,-36.00,0.1233,0.2480,-0.1663,-0.2031,-0.1071,0.1553
29.0279,220.56,-1087.26,73.48,-12.49,138.78,-36.79,0.1258,0.2436,-0.1630,-0.1846,-0.0799,0.1709
29.0699,220.85,-1086.98,72.90,-14.80,137.40,-37.55,0.1272,0.2396,-0.1584,-0.1694,-0.0446,0.1783
29.1110,221.22,-1086.68,72.31,-17.43,135.48,-37.44,0.1273,0.2345,-0.1532,-0.1570,0.0006,0.1747
29.1530,221.57,-1086.41,71.67,-20.21,132.55,-37.51,0.1259,0.2282,-0.1481,-0.1441,0.0509,0.1621
29.1954,221.96,-1086.17,71.01,-23.39,129.34,-36.51,0.1247,0.2207,-0.1421,-0.1310,0.1031,0.1355
29.2370,222.30,-1085.86,70.31,-26.16,125.71,-35.18,0.1242,0.2139,-0.1359,-0.1158,0.1483,0.1012
29.2793,222.66,-1085.55,69.50,-29.47,121.35,-33.31,0.1243,0.2068,-0.1296,-0.0993,0.1852,0.0635
29.3206,222.97,-1085.19,68.67,-32.85,116.91,-31.22,0.1262,0.1989,-0.1235,-0.0818,0.2141,0.0245
29.3628,223.35,-1084.85,67.89,-36.79,111.94,-28.18,0.1280,0.1910,-0.1169,-0.0668,0.2283,-0.0143
29.4045,223.69,-1084.51,67.08,-39.88,106.43,-24.55,0.1301,0.1837,-0.1098,-0.0537,0.2320,-0.0490
29.4465,224.11,-1084.38,66.36,-43.58,100.81,-19.81,0.1319,0.1781,-0.1020,-0.0439,0.2333,-0.0785
29.4884,224.46,-1084.36,65.81,-46.48,94.96,-15.10,0.1328,0.1754,-0.0962,-0.0392,0.2317,-0.1025
29.5300,224.75,-1084.29,65.54,-47.99,90.26,-10.71,0.1328,0.1732,-0.0915,-0.0388,0.2275,-0.1172
29.5720,225.01,-1084.39,65.42,-48.55,85.87,-6.91,0.1277,0.1737,-0.0903,-0.0371,0.2256,-0.1245
29.6146,225.05,-1084.51,65.43,-49.07,83.67,-4.25,0.1209,0.1746,-0.0919,-0.0350,0.2239,-0.1255
29.6569,225.00,-1084.66,65.44,-49.11,82.41,-2.98,0.1138,0.1741,-0.0959,-0.0345,0.2246,-0.1236
29.6998,224.88,-1084.79,65.36,-49.31,81.86,-1.70,0.1085,0.1714,-0.1031,-0.0364,0.2270,-0.1194
29.7418,224.72,-1084.95,65.27,-49.91,81.89,-1.06,0.1060,0.1668,-0.1125,-0.0387,0.2290,-0.1151
29.7838,224.47,-1085.00,65.16,-50.85,81.42,-0.59,0.1087,0.1577,-0.1238,-0.0406,0.2301,-0.1113
29.8260,224.09,-1084.91,64.99,-51.29,80.99,-0.30,0.1158,0.1385,-0.1349,-0.0418,0.2308,-0.1081
29.8686,223.57,-1084.72,64.93,-52.00,80.03,0.79,0.1276,0.1088,-0.1459,-0.0413,0.2318,-0.1081
29.9103,222.94,-1084.35,64.83,-52.13,78.81,2.00,0.1466,0.0678,-0.1543,-0.0409,0.2316,-0.1097
29.9522,222.30,-1083.92,64.74,-52.24,78.15,3.10,0.1721,0.0234,-0.1583,-0.0409,0.2316,-0.1125
29.9938,221.66,-1083.45,64.56,-52.25,77.37,3.50,0.2056,-0.0203,-0.1549,-0.0414,0.2323,-0.1153
30.0356,221.15,-1083.14,64.43,-52.93,75.92,5.14,0.2383,-0.0631,-0.1456,-0.0421,0.2338,-0.1183
30.0776,220.70,-1082.79,64.32,-53.23,73.84,7.08,0.2649,-0.1106,-0.1278,-0.0427,0.2348,-0.1210
30.1195,220.32,-1082.51,64.31,-53.14,72.12,8.75,0.2775,-0.1568,-0.0994,-0.0435,0.2363,-0.1228
30.1611,220.03,-1082.27,64.32,-52.96,71.75,9.29,0.2748,-0.1895,-0.0575,-0.0444,0.2371,-0.1231
30.2031,219.83,-1082.27,64.34,-52.66,72.18,8.86,0.2638,-0.2019,-0.0105,-0.0450,0.2392,-0.1222
30.2443,219.74,-1082.42,64.44,-52.96,72.54,8.04,0.2474,-0.1965,0.0396,-0.0457,0.2417,-0.1205
30.2864,219.70,-1082.63,64.60,-52.49,72.50,7.03,0.2320,-0.1821,0.0829,-0.0454,0.2436,-0.1186
30.3284,219.68,-1082.98,64.80,-51.79,72.61,6.26,0.2133,-0.1540,0.1186,-0.0440,0.2446,-0.1169
30.3705,219.61,-1083.42,65.02,-51.43,72.45,5.59,0.1963,-0.1192,0.1466,-0.0418,0.2448,-0.1152
30.4118,219.57,-1083.98,65.18,-51.05,72.66,5.33,0.1817,-0.0754,0.1640,-0.0389,0.2450,-0.1136
30.4534,219.48,-1084.62,65.35,-51.19,72.88,4.86,0.1692,-0.0259,0.1696,-0.0352,0.2445,-0.1130
30.4956,219.41,-1085.23,65.56,-51.04,73.23,5.23,0.1578,0.0280,0.1651,-0.0324,0.2429,-0.1132
30.5374,219.26,-1085.69,65.77,-50.93,73.54,5.36,0.1480,0.0787,0.1503,-0.0299,0.2407,-0.1140
30.5791,219.09,-1085.90,65.97,-50.04,74.82,5.61,0.1380,0.1222,0.1225,-0.0281,0.2368,-0.1157
30.6210,218.82,-1085.95,66.18,-49.34,76.47,5.13,0.1250,0.1559,0.0836,-0.0268,0.2324,-0.1180
30.6626,218.49,-1085.88,66.36,-47.77,79.28,3.78,0.1146,0.1812,0.0399,-0.0258,0.2274,-0.1216
30.7043,218.12,-1085.76,66.57,-47.07,82.54,1.46,0.1066,0.1972,-0.0056,-0.0257,0.2203,-0.1271
30.7446,217.75,-1085.53,66.75,-45.83,86.43,-1.23,0.1013,0.2059,-0.0514,-0.0267,0.2126,-0.1350
30.7860,217.30,-1085.33,67.00,-44.48,90.74,-4.73,0.0996,0.2083,-0.0905,-0.0302,0.2048,-0.1432
30.8265,216.89,-1085.06,67.23,-43.01,95.63,-7.84,0.0987,0.2091,-0.1227,-0.0364,0.1973,-0.1503
30.8668,216.34,-1084.75,67.59,-40.64,101.49,-11.95,0.1018,0.2071,-0.1449,-0.0434,0.1904,-0.1565
30.9078,215.99,-1084.58,67.98,-38.26,107.53,-15.63,0.1055,0.2083,-0.1567,-0.0539,0.1866,-0.1595
30.9496,215.58,-1084.47,68.49,-35.29,113.97,-19.88,0.1074,0.2109,-0.1652,-0.0649,0.1821,-0.1627
30.9911,215.45,-1084.46,69.03,-32.26,119.84,-23.95,0.1064,0.2141,-0.1714,-0.0818,0.1743,-0.1634
31.0325,215.44,-1084.51,69.63,-28.61,126.14,-28.03,0.1057,0.2184,-0.1750,-0.1017,0.1591,-0.1612
31.0743,215.75,-1084.68,70.32,-24.57,132.65,-31.07,0.1030,0.2237,-0.1791,-0.1279,0.1346,-0.1546
31.1157,216.23,-1084.85,71.00,-20.16,138.28,-34.68,0.0998,0.2289,-0.1835,-0.1575,0.1056,-0.1456
31.1575,216.87,-1084.82,71.67,-15.55,142.54,-37.17,0.0973,0.2330,-0.1878,-0.1913,0.0695,-0.1296
31.1994,217.61,-1084.79,72.12,-11.42,145.93,-39.38,0.0954,0.2381,-0.1904,-0.2211,0.0293,-0.1044
31.2411,218.28,-1084.79,72.35,-8.46,149.11,-41.22,0.0941,0.2425,-0.1910,-0.2458,-0.0112,-0.0707
31.2825,218.95,-1084.58,72.35,-6.81,151.69,-42.58,0.0934,0.2455,-0.1902,-0.2606,-0.0555,-0.0313
31.3239,219.43,-1084.12,72.33,-5.57,152.49,-43.54,0.0938,0.2470,-0.1891,-0.2642,-0.0956,0.0126
31.3660,219.80,-1083.65,72.22,-4.96,152.07,-44.18,0.0946,0.2477,-0.1885,-0.2513,-0.1238,0.0588
31.4079,220.03,-1083.25,72.03,-5.10,151.38,-44.47,0.0966,0.2460,-0.1864,-0.2279,-0.1411,0.1034
31.4496,220.26,-1083.05,71.75,-5.80,150.92,-44.90,0.0977,0.2463,-0.1840,-0.2058,-0.1426,0.1411
31.4914,220.56,-1082.89,71.47,-6.95,150.74,-45.03,0.0975,0.2451,-0.1814,-0.1859,-0.1323,0.1680
31.5328,220.95,-1082.69,71.23,-8.01,149.33,-45.27,0.0963,0.2432,-0.1790,-0.1726,-0.1090,0.1876
31.5749,221.44,-1082.58,70.88,-9.27,147.33,-45.17,0.0950,0.2421,-0.1756,-0.1656,-0.0725,0.1990
31.6167,221.97,-1082.59,70.59,-10.59,145.32,-45.05,0.0928,0.2386,-0.1722,-0.1628,-0.0277,0.1996
31.6586,222.57,-1082.65,70.23,-12.33,142.88,-44.41,0.0900,0.2348,-0.1685,-0.1616,0.0225,0.1913
31.7007,223.15,-1082.70,69.85,-14.26,140.19,-44.64,0.0886,0.2292,-0.1644,-0.1589,0.0730,0.1641
31.7426,223.77,-1082.82,69.29,-17.61,136.84,-43.83,0.0871,0.2228,-0.1594,-0.1535,0.1205,0.1308
31.7839,224.40,-1082.87,68.60,-22.30,132.67,-42.35,0.0875,0.2163,-0.1540,-0.1427,0.1631,0.0894
31.8264,225.05,-1082.76,67.80,-27.87,126.59,-39.20,0.0905,0.2090,-0.1475,-0.1280,0.1951,0.0424
31.8677,225.72,-1082.63,67.03,-33.68,118.86,-35.27,0.0942,0.2003,-0.1407,-0.1100,0.2190,-0.0046
31.9097,226.50,-1082.42,66.12,-39.36,108.23,-28.49,0.0980,0.1908,-0.1335,-0.0915,0.2292,-0.0504
31.9514,227.12,-1082.42,65.44,-44.33,97.87,-20.86,0.1029,0.1829,-0.1270,-0.0737,0.2325,-0.0919
31.9930,227.62,-1082.40,64.83,-47.67,87.38,-12.70,0.1054,0.1760,-0.1207,-0.0616,0.2322,-0.1254
32.0352,227.93,-1082.45,64.42,-49.84,79.39,-5.63,0.1066,0.1713,-0.1136,-0.0549,0.2290,-0.1518
32.0782,228.18,-1082.54,64.08,-50.79,74.43,-0.75,0.1041,0.1712,-0.1093,-0.0510,0.2237,-0.1719
32.1208,228.19,-1082.34,63.85,-50.76,73.57,0.36,0.1014,0.1695,-0.1079,-0.0508,0.2169,-0.1797
32.1630,228.14,-1082.35,63.62,-50.63,73.96,-0.09,0.0975,0.1685,-0.1105,-0.0518,0.2161,-0.1796
32.2052,227.93,-1082.52,63.40,-51.85,74.74,-0.66,0.0953,0.1662,-0.1179,-0.0528,0.2174,-0.1745
32.2472,227.59,-1082.68,63.26,-52.64,75.03,-0.28,0.0948,0.1596,-0.1318,-0.0520,0.2192,-0.1669
32.2891,227.10,-1082.80,63.24,-53.39,74.48,0.66,0.0966,0.1476,-0.1525,-0.0496,0.2211,-0.1599
32.3314,226.51,-1082.88,63.28,-53.55,73.67,2.49,0.1042,0.1265,-0.1774,-0.0461,0.2230,-0.1534
32.3737,225.83,-1082.82,63.35,-53.70,72.45,4.27,0.1202,0.0968,-0.1990,-0.0426,0.2241,-0.1477
32.4151,225.13,-1082.66,63.38,-53.35,71.09,5.92,0.1402,0.0599,-0.2174,-0.0392,0.2244,-0.1428
32.4567,224.39,-1082.44,63.38,-53.48,70.12,7.67,0.1649,0.0159,-0.2255,-0.0365,0.2241,-0.1394
32.4987,223.67,-1082.17,63.30,-53.64,69.45,8.84,0.1922,-0.0307,-0.2220,-0.0349,0.2236,-0.1379
32.5407,223.03,-1081.84,63.25,-54.25,69.65,9.95,0.2176,-0.0777,-0.2067,-0.0350,0.2226,-0.1379
32.5829,222.39,-1081.48,63.11,-54.08,70.10,9.95,0.2415,-0.1200,-0.1804,-0.0359,0.2221,-0.1380
32.6247,221.87,-1081.23,63.05,-54.45,70.27,10.50,0.2627,-0.1550,-0.1460,-0.0366,0.2247,-0.1397
32.6661,221.39,-1081.01,62.94,-54.79,69.92,10.72,0.2748,-0.1837,-0.1031,-0.0373,0.2272,-0.1406
32.7080,221.04,-1080.82,62.86,-55.09,69.41,11.32,0.2788,-0.2012,-0.0555,-0.0376,0.2290,-0.1408
32.7501,220.73,-1080.62,62.76,-55.04,69.15,11.27,0.2756,-0.2046,-0.0078,-0.0373,0.2297,-0.1397
32.7920,220.44,-1080.53,62.74,-54.89,69.32,10.54,0.2677,-0.1958,0.0372,-0.0368,0.2306,-0.1386
32.8338,220.23,-1080.57,62.76,-54.79,69.43,9.70,0.2596,-0.1788,0.0801,-0.0368,0.2323,-0.1369
32.8754,220.10,-1080.74,62.86,-54.95,69.03,9.54,0.2491,-0.1511,0.1169,-0.0376,0.2342,-0.1354
32.9171,220.01,-1080.95,62.97,-54.89,68.64,9.59,0.2374,-0.1153,0.1461,-0.0377,0.2350,-0.1340
32.9590,219.94,-1081.17,63.15,-54.86,68.77,9.61,0.2251,-0.0714,0.1648,-0.0382,0.2349,-0.1317
33.0012,219.82,-1081.42,63.32,-54.22,69.38,8.49,0.2105,-0.0243,0.1698,-0.0373,0.2342,-0.1299
33.0427,219.69,-1081.70,63.61,-54.09,70.21,8.41,0.1945,0.0215,0.1598,-0.0362,0.2325,-0.1293
33.0844,219.49,-1081.84,63.80,-53.32,71.39,7.56,0.1786,0.0651,0.1372,-0.0349,0.2292,-0.1286
33.1262,219.19,-1082.01,63.95,-52.77,72.93,6.90,0.1644,0.1053,0.1044,-0.0336,0.2260,-0.1281
33.1680,218.80,-1082.10,64.08,-52.79,75.92,5.44,0.1510,0.1387,0.0657,-0.0324,0.2220,-0.1276
33.2097,218.39,-1082.08,64.18,-52.45,79.24,3.40,0.1396,0.1643,0.0282,-0.0311,0.2186,-0.1269
33.2522,217.94,-1082.03,64.27,-52.03,83.09,1.20,0.1303,0.1825,-0.0084,-0.0308,0.2124,-0.1258
33.2934,217.53,-1081.93,64.43,-51.59,87.28,-1.42,0.1217,0.1919,-0.0400,-0.0310,0.2070,-0.1260
33.3351,217.07,-1081.77,64.58,-50.49,92.59,-5.51,0.1149,0.1963,-0.0695,-0.0320,0.2008,-0.1265
33.3769,216.54,-1081.67,64.83,-49.01,99.43,-12.07,0.1093,0.1972,-0.0956,-0.0338,0.1949,-0.1285
33.4180,216.20,-1081.61,65.16,-47.26,105.33,-17.19,0.1060,0.1962,-0.1192,-0.0385,0.1892,-0.1325
33.4590,215.89,-1081.59,65.61,-44.99,110.75,-21.21,0.1062,0.1941,-0.1344,-0.0466,0.1850,-0.1367
33.4998,215.67,-1081.65,66.22,-42.09,116.25,-25.18,0.1067,0.1936,-0.1470,-0.0584,0.1804,-0.1395
33.5404,215.59,-1081.75,67.02,-38.40,121.74,-28.59,0.1078,0.1968,-0.1536,-0.0744,0.1710,-0.1380
33.5812,215.81,-1082.07,67.93,-34.64,126.80,-32.03,0.1086,0.2040,-0.1591,-0.0955,0.1573,-0.1331
33.6227,216.19,-1082.51,68.98,-30.98,132.08,-34.59,0.1099,0.2090,-0.1633,-0.1238,0.1366,-0.1273
33.6641,216.70,-1082.88,70.04,-26.10,136.61,-36.30,0.1115,0.2153,-0.1707,-0.1590,0.1067,-0.1208
33.7058,217.38,-1083.47,70.99,-21.41,141.17,-38.10,0.1124,0.2216,-0.1742,-0.1952,0.0743,-0.1118
33.7471,218.11,-1083.83,71.76,-17.29,144.80,-39.39,0.1101,0.2280,-0.1756,-0.2295,0.0353,-0.0951
33.7885,218.72,-1084.10,72.28,-13.49,148.09,-40.34,0.1079,0.2345,-0.1740,-0.2552,-0.0089,-0.0676
33.8302,219.17,-1084.15,72.66,-10.46,151.03,-41.19,0.1078,0.2382,-0.1720,-0.2656,-0.0540,-0.0319
33.8722,219.45,-1084.01,72.82,-8.35,152.73,-42.46,0.1087,0.2401,-0.1711,-0.2628,-0.0961,0.0100
33.9139,219.60,-1083.77,72.80,-7.33,153.72,-43.13,0.1107,0.2399,-0.1700,-0.2445,-0.1300,0.0532
33.9555,219.60,-1083.43,72.74,-7.17,153.29,-43.67,0.1123,0.2394,-0.1708,-0.2173,-0.1490,0.0923
33.9971,219.58,-1083.23,72.50,-7.92,152.58,-44.33,0.1148,0.2378,-0.1687,-0.1907,-0.1533,0.1266
34.0393,219.68,-1083.22,72.19,-9.47,152.71,-43.91,0.1151,0.2389,-0.1666,-0.1684,-0.1435,0.1556
34.0804,219.85,-1083.18,71.91,-10.55,152.30,-44.54,0.1143,0.2389,-0.1637,-0.1509,-0.1211,0.1753
34.1227,220.18,-1083.16,71.71,-11.19,151.36,-44.51,0.1117,0.2378,-0.1618,-0.1404,-0.0877,0.1833
34.1646,220.55,-1083.15,71.45,-11.96,149.39,-45.06,0.1090,0.2362,-0.1604,-0.1353,-0.0455,0.1837
34.2060,220.99,-1083.28,71.20,-13.15,147.26,-45.54,0.1062,0.2337,-0.1589,-0.1346,0.0029,0.1787
34.2478,221.49,-1083.44,70.88,-14.77,144.73,-45.42,0.1031,0.2297,-0.1569,-0.1362,0.0543,0.1665
34.2898,221.94,-1083.66,70.52,-17.23,141.76,-46.52,0.1007,0.2245,-0.1548,-0.1364,0.1079,0.1454
34.3315,222.39,-1083.95,70.06,-20.16,138.78,-45.79,0.1000,0.2188,-0.1518,-0.1330,0.1542,0.1150
34.3733,222.70,-1083.89,69.69,-23.00,134.93,-45.33,0.1024,0.2100,-0.1495,-0.1200,0.1914,0.0749
34.4152,223.10,-1083.70,69.12,-26.05,129.84,-42.95,0.1058,0.1994,-0.1456,-0.1007,0.2171,0.0306
34.4570,223.47,-1083.30,68.49,-29.74,123.39,-41.13,0.1111,0.1857,-0.1411,-0.0807,0.2277,-0.0133
34.4985,223.95,-1083.10,67.72,-34.16,115.86,-36.95,0.1153,0.1747,-0.1358,-0.0646,0.2378,-0.0535
34.5409,224.30,-1082.87,67.01,-38.84,108.00,-33.05,0.1201,0.1643,-0.1297,-0.0534,0.2384,-0.0895
34.5828,224.72,-1082.94,66.33,-42.81,100.32,-26.20,0.1214,0.1592,-0.1225,-0.0455,0.2406,-0.1194
34.6247,225.03,-1082.93,65.85,-46.60,94.00,-22.27,0.1204,0.1564,-0.1164,-0.0384,0.2350,-0.1393
34.6661,225.30,-1083.00,65.43,-48.52,87.72,-16.86,0.1161,0.1577,-0.1128,-0.0321,0.2291,-0.1507
34.7082,225.35,-1083.05,65.09,-50.40,83.84,-13.65,0.1127,0.1592,-0.1120,-0.0294,0.2272,-0.1529
34.7501,225.43,-1083.13,64.76,-51.42,79.73,-9.65,0.1089,0.1605,-0.1142,-0.0316,0.2256,-0.1490
34.7929,225.26,-1083.24,64.54,-53.04,76.64,-6.14,0.1078,0.1577,-0.1190,-0.0330,0.2257,-0.1433
34.8358,225.05,-1083.24,64.35,-53.72,73.13,-2.32,0.1072,0.1480,-0.1253,-0.0357,0.2273,-0.1374
34.8777,224.60,-1083.14,64.25,-54.06,71.15,0.64,0.1114,0.1311,-0.1341,-0.0372,0.2288,-0.1337
34.9196,224.06,-1082.99,64.13,-54.08,68.91,2.87,0.1206,0.1085,-0.1423,-0.0386,0.2292,-0.1314
34.9620,223.33,-1082.85,64.02,-54.68,68.28,5.07,0.1382,0.0808,-0.1514,-0.0380,0.2303,-0.1313
35.0038,222.60,-1082.57,63.84,-55.05,67.66,5.97,0.1590,0.0465,-0.1555,-0.0368,0.2304,-0.1317
35.0460,221.87,-1082.16,63.73,-55.41,66.73,7.48,0.1819,0.0066,-0.1539,-0.0353,0.2283,-0.1333
35.0878,221.12,-1081.66,63.56,-55.44,66.38,8.47,0.2059,-0.0365,-0.1454,-0.0334,0.2253,-0.1354
35.1296,220.36,-1081.06,63.39,-55.72,67.05,9.14,0.2279,-0.0827,-0.1263,-0.0324,0.2221,-0.1371
35.1716,219.65,-1080.52,63.23,-55.88,68.26,8.64,0.2408,-0.1263,-0.0964,-0.0325,0.2203,-0.1379
35.2137,219.08,-1080.18,63.17,-56.15,69.27,8.48,0.2506,-0.1598,-0.0604,-0.0335,0.2211,-0.1387
35.2558,218.57,-1079.88,63.22,-56.25,70.26,7.29,0.2548,-0.1849,-0.0170,-0.0347,0.2222,-0.1392
35.2976,218.18,-1079.69,63.32,-55.96,71.08,6.39,0.2515,-0.1944,0.0313,-0.0360,0.2228,-0.1389
35.3391,217.91,-1079.52,63.39,-55.52,70.40,6.02,0.2435,-0.1899,0.0768,-0.0377,0.2227,-0.1380
35.3814,217.78,-1079.48,63.50,-54.94,68.72,7.95,0.2317,-0.1730,0.1163,-0.0393,0.2236,-0.1374
35.4230,217.59,-1079.51,63.55,-54.69,66.82,9.48,0.2203,-0.1486,0.1485,-0.0396,0.2248,-0.1373
35.4649,217.43,-1079.66,63.61,-54.55,66.19,10.71,0.2089,-0.1118,0.1715,-0.0386,0.2250,-0.1380
35.5065,217.29,-1079.82,63.69,-54.73,66.53,10.57,0.1966,-0.0685,0.1810,-0.0368,0.2246,-0.1380
35.5481,217.18,-1080.12,63.71,-54.74,67.48,9.83,0.1859,-0.0223,0.1792,-0.0340,0.2243,-0.1366
35.5898,217.09,-1080.46,63.80,-54.99,67.96,9.64,0.1797,0.0235,0.1694,-0.0301,0.2225,-0.1355
35.6319,216.99,-1080.77,63.82,-54.92,68.63,9.38,0.1718,0.0689,0.1459,-0.0261,0.2194,-0.1344
35.6736,216.89,-1080.97,63.90,-54.96,69.32,9.88,0.1635,0.1094,0.1077,-0.0228,0.2150,-0.1337
35.7158,216.73,-1081.02,63.86,-54.60,70.82,9.33,0.1564,0.1393,0.0679,-0.0199,0.2091,-0.1324
35.7574,216.51,-1081.17,63.87,-54.45,72.36,8.53,0.1490,0.1625,0.0259,-0.0178,0.2050,-0.1312
35.7988,216.26,-1081.19,63.87,-54.40,75.36,7.11,0.1430,0.1749,-0.0158,-0.0163,0.2007,-0.1305
35.8406,215.95,-1081.32,64.00,-54.16,78.09,4.88,0.1387,0.1833,-0.0492,-0.0157,0.1957,-0.1320
35.8831,215.65,-1081.40,64.22,-53.53,82.08,2.53,0.1358,0.1875,-0.0786,-0.0170,0.1907,-0.1355
35.9245,215.32,-1081.44,64.55,-52.04,85.98,-0.54,0.1315,0.1873,-0.0973,-0.0222,0.1870,-0.1386
35.9665,215.01,-1081.65,65.05,-51.00,90.69,-3.40,0.1281,0.1935,-0.1195,-0.0296,0.1843,-0.1436
36.0081,214.62,-1081.79,65.66,-48.64,97.15,-7.81,0.1323,0.1942,-0.1331,-0.0418,0.1792,-0.1483
36.0499,214.34,-1082.04,66.37,-46.03,104.05,-12.52,0.1353,0.1965,-0.1419,-0.0585,0.1715,-0.1511
36.0900,214.17,-1082.37,67.25,-43.04,111.14,-17.28,0.1339,0.2015,-0.1509,-0.0787,0.1593,-0.1533
36.1302,214.14,-1082.77,68.16,-39.47,118.07,-21.28,0.1304,0.2068,-0.1563,-0.1047,0.1428,-0.1539
36.1708,214.16,-1083.17,69.18,-35.07,124.11,-24.97,0.1269,0.2119,-0.1620,-0.1352,0.1200,-0.1532
36.2133,214.22,-1083.67,70.29,-30.37,130.02,-27.37,0.1236,0.2168,-0.1670,-0.1697,0.0926,-0.1503
36.2532,214.43,-1084.20,71.29,-25.35,135.09,-29.99,0.1193,0.2236,-0.1720,-0.2049,0.0621,-0.1422
36.2947,214.82,-1084.68,72.12,-21.54,139.19,-32.17,0.1129,0.2307,-0.1761,-0.2402,0.0267,-0.1281
36.3359,215.17,-1085.08,72.83,-18.06,142.81,-33.54,0.1073,0.2368,-0.1790,-0.2686,-0.0124,-0.1066
36.3776,215.49,-1085.30,73.26,-15.01,145.61,-35.21,0.1026,0.2419,-0.1792,-0.2889,-0.0563,-0.0767
36.4193,215.83,-1085.30,73.49,-13.03,147.72,-36.46,0.0976,0.2442,-0.1784,-0.2953,-0.1019,-0.0404
36.4606,216.00,-1085.16,73.59,-11.43,149.14,-38.15,0.0953,0.2444,-0.1769,-0.2906,-0.1416,0.0015
36.5028,216.10,-1084.87,73.48,-10.35,150.05,-39.95,0.0943,0.2435,-0.1750,-0.2729,-0.1701,0.0473
36.5442,216.21,-1084.62,73.18,-10.12,150.75,-41.77,0.0944,0.2422,-0.1721,-0.2516,-0.1834,0.0921
36.5863,216.31,-1084.35,72.74,-10.42,151.11,-42.93,0.0947,0.2409,-0.1690,-0.2267,-0.1819,0.1310
36.6277,216.46,-1084.11,72.26,-11.21,150.91,-44.65,0.0939,0.2400,-0.1661,-0.2060,-0.1669,0.1620
36.6690,216.74,-1083.93,71.72,-12.40,150.57,-45.73,0.0925,0.2390,-0.1640,-0.1891,-0.1393,0.1828
36.7115,217.09,-1083.70,71.29,-13.86,149.51,-46.41,0.0915,0.2359,-0.1627,-0.1764,-0.0998,0.1880
36.7529,217.52,-1083.45,70.83,-15.02,147.29,-46.54,0.0901,0.2325,-0.1613,-0.1677,-0.0571,0.1854
36.7945,217.97,-1083.30,70.43,-16.75,145.07,-46.32,0.0902,0.2275,-0.1599,-0.1634,-0.0103,0.1757
36.8362,218.45,-1083.24,69.96,-18.72,142.74,-45.86,0.0913,0.2227,-0.1564,-0.1609,0.0400,0.1582
36.8776,218.91,-1083.20,69.58,-21.37,140.44,-45.63,0.0929,0.2182,-0.1536,-0.1566,0.0872,0.1317
36.9193,219.37,-1083.00,69.12,-24.54,136.54,-43.92,0.0970,0.2123,-0.1497,-0.1471,0.1311,0.1032
36.9615,219.83,-1082.76,68.63,-28.64,131.19,-41.49,0.1023,0.2062,-0.1460,-0.1328,0.1692,0.0678
37.0040,220.41,-1082.37,67.99,-33.18,124.11,-36.70,0.1086,0.1988,-0.1389,-0.1158,0.1958,0.0334
37.0457,221.03,-1082.03,67.30,-38.24,115.17,-31.13,0.1137,0.1921,-0.1307,-0.0950,0.2128,-0.0034
37.0871,221.66,-1081.67,66.69,-42.24,105.71,-24.09,0.1181,0.1852,-0.1210,-0.0774,0.2206,-0.0352
37.1285,222.23,-1081.44,66.00,-45.62,96.17,-16.92,0.1218,0.1807,-0.1106,-0.0614,0.2247,-0.0622
37.1709,222.77,-1081.20,65.31,-48.33,88.14,-10.00,0.1236,0.1780,-0.1003,-0.0515,0.2202,-0.0836
37.2125,223.30,-1080.83,64.59,-49.77,81.12,-4.40,0.1226,0.1750,-0.0927,-0.0460,0.2154,-0.0976
37.2556,223.70,-1080.72,64.01,-51.12,77.14,-0.78,0.1182,0.1750,-0.0912,-0.0430,0.2150,-0.1061
37.2982,223.95,-1080.62,63.53,-52.48,74.38,1.13,0.1118,0.1725,-0.0946,-0.0430,0.2147,-0.1080
37.3403,224.12,-1080.61,63.18,-53.73,72.71,2.88,0.1057,0.1664,-0.1033,-0.0424,0.2165,-0.1098
37.3829,224.09,-1080.52,62.93,-54.60,71.11,4.42,0.1053,0.1524,-0.1152,-0.0428,0.2182,-0.1098
37.4250,223.92,-1080.41,62.76,-55.07,68.65,6.77,0.1127,0.1286,-0.1287,-0.0422,0.2208,-0.1097
37.4667,223.59,-1080.18,62.67,-55.46,66.35,9.40,0.1286,0.0956,-0.1407,-0.0407,0.2229,-0.1104
37.5089,223.17,-1079.89,62.64,-55.75,64.57,11.27,0.1515,0.0569,-0.1532,-0.0396,0.2242,-0.1114
37.5504,222.77,-1079.43,62.64,-55.67,63.41,12.72,0.1787,0.0093,-0.1611,-0.0387,0.2252,-0.1138
37.5921,222.37,-1078.97,62.61,-55.01,62.49,12.84,0.2064,-0.0410,-0.1631,-0.0379,0.2263,-0.1154
37.6339,222.09,-1078.56,62.65,-55.05,61.23,14.78,0.2300,-0.0927,-0.1551,-0.0370,0.2274,-0.1181
37.6764,221.79,-1078.10,62.54,-54.64,61.04,14.63,0.2474,-0.1411,-0.1318,-0.0371,0.2271,-0.1193
37.7182,221.58,-1077.80,62.50,-54.75,61.19,15.00,0.2578,-0.1794,-0.0951,-0.0380,0.2283,-0.1212
37.7598,221.31,-1077.60,62.37,-55.07,61.10,14.70,0.2639,-0.2051,-0.0468,-0.0389,0.2302,-0.1215
37.8015,221.15,-1077.57,62.31,-55.53,60.03,15.28,0.2650,-0.2185,0.0068,-0.0400,0.2321,-0.1220
37.8437,220.99,-1077.56,62.29,-55.86,58.73,16.21,0.2594,-0.2194,0.0619,-0.0407,0.2326,-0.1225
37.8855,220.83,-1077.68,62.29,-55.79,57.56,16.32,0.2488,-0.2101,0.1115,-0.0415,0.2334,-0.1221
37.9275,220.66,-1077.84,62.26,-56.30,56.70,16.62,0.2372,-0.1899,0.1557,-0.0411,0.2333,-0.1212
37.9691,220.55,-1078.07,62.19,-56.29,56.71,16.53,0.2234,-0.1572,0.1919,-0.0418,0.2324,-0.1183
38.0109,220.39,-1078.43,62.17,-56.80,56.04,17.34,0.2076,-0.1126,0.2156,-0.0407,0.2319,-0.1153
38.0527,220.17,-1078.93,62.14,-56.99,56.68,16.70,0.1913,-0.0601,0.2269,-0.0391,0.2310,-0.1111
38.0949,219.89,-1079.42,62.27,-57.27,57.06,17.30,0.1751,-0.0066,0.2264,-0.0364,0.2295,-0.1081
38.1368,219.54,-1080.02,62.39,-57.30,58.61,16.98,0.1628,0.0426,0.2152,-0.0333,0.2275,-0.1058
38.1788,219.09,-1080.51,62.47,-57.21,60.35,16.42,0.1507,0.0904,0.1898,-0.0308,0.2242,-0.1031
38.2201,218.61,-1080.89,62.62,-57.74,63.82,15.51,0.1420,0.1315,0.1517,-0.0284,0.2199,-0.1008
38.2623,218.16,-1081.13,62.71,-57.15,67.87,13.60,0.1338,0.1627,0.1055,-0.0281,0.2147,-0.0984
38.3039,217.67,-1081.46,62.88,-57.26,71.38,11.69,0.1253,0.1921,0.0582,-0.0276,0.2103,-0.0990
38.3457,217.21,-1081.69,63.09,-56.96,75.26,9.57,0.1179,0.2027,0.0065,-0.0302,0.2050,-0.1009
38.3876,216.71,-1081.88,63.29,-56.48,78.49,7.38,0.1138,0.2068,-0.0357,-0.0321,0.2011,-0.1044
38.4292,216.20,-1081.86,63.56,-55.75,82.32,5.74,0.1146,0.2034,-0.0712,-0.0358,0.1968,-0.1100
38.4704,215.63,-1081.92,63.85,-54.32,86.86,2.39,0.1187,0.1985,-0.0978,-0.0386,0.1925,-0.1169
38.5126,215.18,-1082.02,64.23,-53.94,91.94,-0.95,0.1212,0.1955,-0.1172,-0.0409,0.1895,-0.1247
38.5544,214.76,-1082.07,64.63,-52.27,97.39,-5.22,0.1228,0.1959,-0.1270,-0.0448,0.1863,-0.1304
38.5965,214.42,-1082.08,65.14,-50.50,104.07,-9.90,0.1227,0.1968,-0.1320,-0.0504,0.1813,-0.1367
38.6382,214.15,-1082.08,65.74,-47.60,111.40,-15.24,0.1211,0.1985,-0.1337,-0.0632,0.1712,-0.1404
38.6793,213.92,-1082.17,66.49,-43.42,120.47,-22.29,0.1203,0.2026,-0.1351,-0.0830,0.1562,-0.1438
38.7199,214.06,-1082.38,67.28,-39.17,128.41,-28.15,0.1178,0.2079,-0.1358,-0.1120,0.1365,-0.1443
38.7604,214.39,-1082.49,68.03,-34.33,134.87,-32.87,0.1136,0.2123,-0.1374,-0.1485,0.1080,-0.1398
38.8015,214.92,-1082.62,68.61,-30.47,139.13,-36.20,0.1088,0.2158,-0.1381,-0.1864,0.0767,-0.1275
38.8423,215.52,-1082.67,69.04,-27.51,142.84,-38.85,0.1045,0.2183,-0.1378,-0.2239,0.0397,-0.1057
38.8833,216.02,-1082.62,69.39,-24.79,145.36,-40.85,0.1023,0.2200,-0.1366,-0.2546,-0.0016,-0.0748
38.9246,216.53,-1082.53,69.48,-23.09,146.99,-42.47,0.1008,0.2222,-0.1339,-0.2744,-0.0425,-0.0353
38.9669,216.99,-1082.44,69.58,-22.26,148.14,-44.32,0.1003,0.2243,-0.1310,-0.2814,-0.0831,0.0090
39.0088,217.33,-1082.22,69.54,-21.41,148.65,-44.82,0.1002,0.2251,-0.1282,-0.2742,-0.1110,0.0577
39.0509,217.66,-1082.01,69.50,-20.93,147.86,-45.35,0.0996,0.2247,-0.1262,-0.2582,-0.1235,0.1024
39.0922,217.92,-1081.89,69.42,-21.22,146.25,-45.26,0.0996,0.2238,-0.1242,-0.2371,-0.1163,0.1379
39.1335,218.14,-1082.01,69.37,-21.56,144.49,-44.33,0.0996,0.2242,-0.1238,-0.2186,-0.0920,0.1637
39.1754,218.39,-1082.28,69.40,-22.71,143.48,-43.34,0.1006,0.2231,-0.1242,-0.1992,-0.0552,0.1755
39.2176,218.71,-1082.52,69.29,-24.11,141.20,-41.37,0.1019,0.2214,-0.1238,-0.1822,-0.0120,0.1780
39.2590,219.00,-1082.77,69.28,-25.79,138.35,-40.48,0.1052,0.2180,-0.1243,-0.1660,0.0356,0.1655
39.3008,219.33,-1082.98,69.18,-27.49,134.83,-38.44,0.1096,0.2136,-0.1237,-0.1519,0.0804,0.1425
39.3418,219.69,-1083.25,69.06,-29.23,131.07,-37.36,0.1148,0.2097,-0.1225,-0.1399,0.1267,0.1122
39.3842,220.10,-1083.50,68.91,-31.47,127.18,-35.34,0.1206,0.2058,-0.1197,-0.1257,0.1693,0.0730
39.4258,220.57,-1083.49,68.70,-33.78,122.15,-33.72,0.1256,0.2002,-0.1161,-0.1091,0.2025,0.0333
39.4676,221.14,-1083.31,68.36,-36.00,115.90,-30.53,0.1301,0.1929,-0.1113,-0.0899,0.2256,-0.0042
39.5097,221.71,-1083.02,67.93,-38.61,108.42,-27.10,0.1339,0.1847,-0.1068,-0.0704,0.2363,-0.0401
39.5513,222.33,-1082.68,67.35,-41.18,100.25,-22.44,0.1366,0.1759,-0.1021,-0.0537,0.2400,-0.0699
39.5928,222.77,-1082.44,66.76,-44.21,92.92,-17.51,0.1390,0.1706,-0.0981,-0.0385,0.2386,-0.0945
39.6345,223.23,-1082.18,65.98,-46.48,85.70,-11.79,0.1392,0.1662,-0.0940,-0.0270,0.2355,-0.1095
39.6755,223.41,-1082.06,65.26,-49.53,80.54,-7.05,0.1394,0.1628,-0.0914,-0.0170,0.2311,-0.1184
39.7182,223.65,-1082.07,64.49,-51.71,76.28,-3.40,0.1365,0.1616,-0.0928,-0.0137,0.2290,-0.1220
39.7614,223.73,-1081.97,64.06,-53.73,73.81,-0.86,0.1353,0.1561,-0.0984,-0.0133,0.2273,-0.1241
39.8038,223.81,-1081.80,63.72,-53.76,71.82,0.47,0.1351,0.1475,-0.1063,-0.0139,0.2259,-0.1242
39.8459,223.70,-1081.73,63.54,-54.37,70.66,2.42,0.1367,0.1312,-0.1161,-0.0138,0.2257,-0.1239
39.8885,223.54,-1081.52,63.31,-54.38,69.50,3.47,0.1405,0.1058,-0.1266,-0.0142,0.2250,-0.1216
39.9300,223.25,-1081.37,63.12,-54.44,67.72,5.48,0.1518,0.0733,-0.1365,-0.0139,0.2253,-0.1209
39.9718,222.86,-1081.27,62.98,-55.25,65.92,7.48,0.1689,0.0363,-0.1455,-0.0128,0.2265,-0.1211
40.0129,222.47,-1081.06,62.82,-55.56,64.51,9.43,0.1879,-0.0073,-0.1502,-0.0115,0.2279,-0.1221
40.0551,222.10,-1080.71,62.79,-55.99,63.43,10.50,0.2063,-0.0553,-0.1505,-0.0104,0.2283,-0.1250
40.0969,221.84,-1080.34,62.64,-55.63,62.33,11.70,0.2200,-0.1066,-0.1440,-0.0105,0.2292,-0.1273
40.1391,221.64,-1080.01,62.59,-55.98,60.81,13.26,0.2294,-0.1555,-0.1268,-0.0111,0.2311,-0.1303
40.1811,221.49,-1079.65,62.44,-55.63,60.01,14.03,0.2331,-0.1997,-0.1004,-0.0115,0.2317,-0.1317
40.2227,221.33,-1079.46,62.40,-55.96,59.52,14.43,0.2346,-0.2336,-0.0663,-0.0119,0.2349,-0.1358
40.2638,221.11,-1079.34,62.35,-56.38,59.51,14.30,0.2348,-0.2560,-0.0218,-0.0120,0.2366,-0.1385
40.3062,220.78,-1079.20,62.29,-56.93,60.65,12.57,0.2366,-0.2652,0.0289,-0.0106,0.2374,-0.1408
40.3482,220.59,-1079.15,62.21,-57.16,61.53,11.54,0.2331,-0.2631,0.0780,-0.0108,0.2377,-0.1420
40.3900,220.38,-1079.21,62.15,-57.63,61.18,11.57,0.2275,-0.2509,0.1223,-0.0110,0.2378,-0.1415
40.4318,220.21,-1079.34,62.10,-57.75,60.93,11.66,0.2243,-0.2292,0.1616,-0.0119,0.2384,-0.1406
40.4733,220.00,-1079.54,62.16,-58.27,61.12,11.65,0.2168,-0.1958,0.1917,-0.0135,0.2385,-0.1388
40.5150,219.80,-1079.67,62.20,-57.75,61.51,10.91,0.2113,-0.1526,0.2086,-0.0158,0.2379,-0.1350
40.5571,219.49,-1079.92,62.35,-57.85,61.94,10.89,0.2071,-0.1087,0.2130,-0.0162,0.2371,-0.1322
40.5991,219.15,-1080.12,62.45,-57.41,63.33,10.09,0.2047,-0.0649,0.2038,-0.0157,0.2344,-0.1294
40.6408,218.77,-1080.45,62.63,-57.48,64.78,9.72,0.2050,-0.0160,0.1854,-0.0151,0.2323,-0.1279
40.6827,218.37,-1080.69,62.78,-57.41,66.63,9.03,0.2026,0.0289,0.1559,-0.0150,0.2297,-0.1269
40.7245,218.02,-1080.91,62.93,-57.08,69.49,8.28,0.1972,0.0730,0.1231,-0.0156,0.2263,-0.1260
40.7664,217.64,-1081.08,63.14,-56.46,73.18,6.74,0.1888,0.1116,0.0885,-0.0163,0.2227,-0.1252
40.8080,217.30,-1081.26,63.31,-56.40,77.86,4.65,0.1771,0.1457,0.0550,-0.0175,0.2202,-0.1232
40.8500,216.98,-1081.32,63.43,-55.84,82.14,2.04,0.1653,0.1716,0.0241,-0.0187,0.2161,-0.1218
40.8918,216.72,-1081.37,63.51,-55.05,86.44,0.11,0.1542,0.1868,-0.0070,-0.0219,0.2119,-0.1206
40.9335,216.40,-1081.37,63.68,-54.50,90.86,-2.61,0.1461,0.1951,-0.0374,-0.0250,0.2069,-0.1220
40.9754,216.05,-1081.49,64.02,-53.31,95.25,-6.17,0.1413,0.1976,-0.0641,-0.0299,0.2029,-0.1258
41.0173,215.67,-1081.66,64.68,-51.11,100.84,-9.68,0.1380,0.1997,-0.0888,-0.0352,0.2000,-0.1330
41.0595,215.37,-1081.87,65.62,-48.02,104.67,-13.17,0.1350,0.2009,-0.1069,-0.0411,0.1960,-0.1407
41.1004,215.15,-1082.13,66.64,-44.01,108.19,-15.03,0.1305,0.2027,-0.1178,-0.0468,0.1918,-0.1473
41.1404,215.04,-1082.56,67.62,-40.50,111.71,-17.21,0.1251,0.2069,-0.1237,-0.0540,0.1879,-0.1501
41.1811,214.98,-1083.09,68.46,-37.40,116.03,-19.52,0.1201,0.2103,-0.1273,-0.0625,0.1812,-0.1502
41.2219,215.03,-1083.51,69.23,-34.42,121.16,-22.45,0.1176,0.2131,-0.1286,-0.0778,0.1673,-0.1480
41.2635,215.07,-1083.86,69.89,-30.50,126.49,-25.67,0.1159,0.2171,-0.1301,-0.1000,0.1466,-0.1440
41.3047,215.21,-1084.45,70.59,-26.94,133.46,-29.25,0.1138,0.2241,-0.1321,-0.1252,0.1216,-0.1401
41.3460,215.38,-1084.83,71.23,-22.39,139.72,-32.63,0.1124,0.2303,-0.1355,-0.1566,0.0891,-0.1326
41.3875,215.70,-1085.10,71.77,-17.57,145.24,-35.24,0.1118,0.2358,-0.1389,-0.1924,0.0553,-0.1197
41.4295,216.07,-1085.22,72.12,-13.30,149.70,-37.14,0.1111,0.2418,-0.1422,-0.2234,0.0151,-0.0999
41.4713,216.52,-1085.27,72.31,-9.88,153.33,-38.78,0.1095,0.2467,-0.1452,-0.2461,-0.0309,-0.0748
41.5131,216.91,-1085.07,72.39,-6.82,155.94,-39.52,0.1084,0.2499,-0.1477,-0.2576,-0.0765,-0.0438
41.5545,217.28,-1084.81,72.38,-4.61,157.24,-40.17,0.1085,0.2515,-0.1476,-0.2566,-0.1181,-0.0066
41.5964,217.62,-1084.53,72.21,-3.10,157.70,-41.12,0.1078,0.2527,-0.1470,-0.2480,-0.1474,0.0371
41.6386,218.08,-1084.31,71.84,-2.38,158.64,-41.59,0.1063,0.2530,-0.1457,-0.2351,-0.1643,0.0833
41.6808,218.62,-1084.13,71.39,-2.50,159.10,-43.08,0.1051,0.2529,-0.1441,-0.2199,-0.1652,0.1241
41.7229,219.18,-1083.86,70.90,-3.06,158.68,-44.92,0.1031,0.2506,-0.1434,-0.2054,-0.1515,0.1561
41.7645,219.77,-1083.52,70.43,-3.91,156.66,-46.05,0.1014,0.2455,-0.1428,-0.1950,-0.1242,0.1811
41.8055,220.45,-1083.24,69.94,-5.78,153.58,-46.23,0.0992,0.2402,-0.1426,-0.1858,-0.0845,0.1955
41.8471,221.06,-1082.99,69.53,-7.77,149.78,-46.50,0.0993,0.2335,-0.1421,-0.1772,-0.0348,0.1964
41.8891,221.80,-1082.95,69.01,-10.75,145.86,-45.80,0.0997,0.2270,-0.1398,-0.1705,0.0198,0.1838
41.9313,222.57,-1082.97,68.47,-14.99,141.61,-45.70,0.1013,0.2199,-0.1365,-0.1643,0.0719,0.1588
41.9733,223.40,-1082.93,67.88,-20.23,135.80,-44.21,0.1042,0.2126,-0.1315,-0.1587,0.1196,0.1259
42.0150,224.38,-1082.93,67.18,-26.49,127.52,-41.21,0.1069,0.2052,-0.1248,-0.1511,0.1630,0.0851
42.0566,225.31,-1083.18,66.62,-32.97,119.53,-35.78,0.1101,0.1994,-0.1187,-0.1372,0.1993,0.0367
42.0984,226.17,-1083.12,66.13,-37.98,109.07,-29.77,0.1130,0.1902,-0.1137,-0.1204,0.2203,-0.0084
42.1405,226.96,-1083.24,65.62,-42.54,98.65,-23.34,0.1154,0.1827,-0.1090,-0.1019,0.2305,-0.0490
42.1824,227.84,-1083.54,65.30,-46.39,87.42,-14.29,0.1143,0.1782,-0.1069,-0.0873,0.2339,-0.0827
42.2237,228.49,-1083.61,65.09,-47.64,77.03,-7.05,0.1110,0.1733,-0.1075,-0.0751,0.2322,-0.1087
42.2661,228.95,-1083.63,65.05,-47.79,69.07,-0.45,0.1082,0.1688,-0.1094,-0.0665,0.2290,-0.1280
42.3084,229.00,-1083.51,65.01,-46.79,66.83,0.96,0.1066,0.1656,-0.1132,-0.0576,0.2260,-0.1388
42.3504,228.91,-1083.55,64.87,-47.17,65.83,1.94,0.1053,0.1615,-0.1176,-0.0518,0.2248,-0.1380
42.3927,228.63,-1083.53,64.77,-48.02,65.78,2.47,0.1055,0.1538,-0.1246,-0.0444,0.2245,-0.1353
42.4352,228.27,-1083.32,64.61,-48.37,65.54,2.94,0.1097,0.1390,-0.1337,-0.0406,0.2256,-0.1304
42.4774,227.69,-1083.21,64.51,-49.14,64.40,4.71,0.1200,0.1162,-0.1432,-0.0368,0.2284,-0.1271
42.5197,227.03,-1082.88,64.36,-49.91,62.84,7.36,0.1353,0.0858,-0.1537,-0.0335,0.2289,-0.1252
42.5620,226.23,-1082.51,64.19,-50.36,61.41,9.88,0.1566,0.0474,-0.1627,-0.0310,0.2304,-0.1250
42.6039,225.40,-1082.08,64.02,-51.32,59.35,13.08,0.1803,0.0019,-0.1677,-0.0293,0.2310,-0.1257
42.6457,224.61,-1081.57,63.88,-51.51,58.06,15.79,0.2028,-0.0489,-0.1684,-0.0280,0.2302,-0.1269
42.6874,223.92,-1081.00,63.73,-51.50,56.98,17.82,0.2236,-0.1029,-0.1626,-0.0293,0.2291,-0.1278
42.7293,223.23,-1080.49,63.66,-51.33,56.31,19.11,0.2399,-0.1568,-0.1501,-0.0312,0.2287,-0.1285
42.7718,222.71,-1080.09,63.60,-50.91,55.49,20.79,0.2485,-0.2058,-0.1261,-0.0339,0.2292,-0.1286
42.8137,222.19,-1079.84,63.56,-50.92,54.84,21.69,0.2507,-0.2425,-0.0888,-0.0376,0.2308,-0.1279
42.8557,221.79,-1079.78,63.47,-50.99,53.61,22.57,0.2493,-0.2638,-0.0446,-0.0416,0.2337,-0.1259
42.8973,221.41,-1079.83,63.40,-51.15,51.75,23.77,0.2469,-0.2689,0.0052,-0.0439,0.2364,-0.1236
42.9391,221.07,-1079.93,63.35,-50.99,49.91,24.63,0.2433,-0.2628,0.0545,-0.0450,0.2385,-0.1211
42.9809,220.76,-1080.05,63.37,-50.62,48.48,25.66,0.2387,-0.2427,0.1026,-0.0443,0.2393,-0.1196
43.0231,220.41,-1080.24,63.38,-50.41,47.92,25.52,0.2334,-0.2092,0.1450,-0.0420,0.2386,-0.1183
43.0649,220.10,-1080.47,63.42,-50.69,48.11,25.43,0.2263,-0.1672,0.1794,-0.0388,0.2368,-0.1178
43.1070,219.77,-1080.63,63.39,-50.85,49.07,24.19,0.2165,-0.1163,0.2014,-0.0351,0.2338,-0.1164
43.1481,219.40,-1080.95,63.43,-50.98,50.79,23.40,0.2031,-0.0635,0.2056,-0.0294,0.2318,-0.1162
43.1900,218.96,-1081.28,63.52,-51.64,51.91,22.58,0.1877,-0.0083,0.1941,-0.0236,0.2293,-0.1161
43.2320,218.47,-1081.51,63.69,-51.70,53.73,21.66,0.1723,0.0405,0.1650,-0.0172,0.2272,-0.1167
43.2738,217.98,-1081.60,63.96,-51.62,56.60,20.66,0.1595,0.0836,0.1291,-0.0116,0.2231,-0.1177
43.3157,217.48,-1081.56,64.24,-50.88,60.01,18.74,0.1507,0.1205,0.0885,-0.0071,0.2191,-0.1183
43.3574,216.94,-1081.41,64.54,-50.21,65.10,16.26,0.1451,0.1494,0.0478,-0.0037,0.2154,-0.1194
43.3990,216.43,-1081.14,64.82,-49.36,70.35,12.52,0.1395,0.1707,0.0104,-0.0031,0.2109,-0.1204
43.4410,215.87,-1080.81,65.10,-48.27,76.27,8.68,0.1349,0.1817,-0.0251,-0.0038,0.2080,-0.1235
43.4829,215.31,-1080.59,65.36,-47.23,82.22,4.38,0.1338,0.1884,-0.0554,-0.0061,0.2054,-0.1296
43.5237,214.79,-1080.40,65.69,-46.26,87.62,0.36,0.1333,0.1897,-0.0799,-0.0110,0.2026,-0.1370
43.5641,214.29,-1080.18,66.02,-44.52,93.09,-3.87,0.1346,0.1879,-0.0972,-0.0157,0.1983,-0.1462
43.6047,213.89,-1080.22,66.44,-43.25,97.84,-7.77,0.1359,0.1893,-0.1097,-0.0238,0.1944,-0.1555
43.6453,213.56,-1080.26,66.86,-41.65,102.91,-10.73,0.1377,0.1901,-0.1143,-0.0352,0.1876,-0.1649
43.6866,213.40,-1080.41,67.44,-39.76,108.10,-14.20,0.1388,0.1941,-0.1160,-0.0531,0.1750,-0.1725
43.7286,213.39,-1080.58,68.06,-37.41,114.16,-17.37,0.1381,0.1991,-0.1178,-0.0758,0.1554,-0.1768
43.7694,213.58,-1080.82,68.65,-35.10,120.34,-20.95,0.1356,0.2046,-0.1189,-0.1056,0.1273,-0.1759
43.8106,213.83,-1081.02,69.13,-32.67,126.08,-24.21,0.1320,0.2101,-0.1197,-0.1393,0.0929,-0.1694
43.8523,214.09,-1081.29,69.56,-30.29,132.31,-26.68,0.1271,0.2154,-0.1213,-0.1732,0.0548,-0.1582
43.8944,214.29,-1081.48,69.98,-27.40,138.34,-29.33,0.1220,0.2203,-0.1244,-0.2053,0.0143,-0.1413
43.9365,214.56,-1081.70,70.32,-23.78,144.18,-32.25,0.1161,0.2255,-0.1290,-0.2334,-0.0261,-0.1148
43.9779,214.86,-1081.84,70.70,-20.41,149.20,-35.19,0.1107,0.2305,-0.1350,-0.2545,-0.0649,-0.0816
44.0195,215.16,-1081.86,70.99,-16.65,153.36,-37.27,0.1052,0.2351,-0.1412,-0.2625,-0.1009,-0.0408
44.0618,215.42,-1081.83,71.16,-12.94,156.80,-39.64,0.1002,0.2395,-0.1472,-0.2582,-0.1283,0.0053
44.1038,215.68,-1081.76,71.16,-9.81,159.87,-41.39,0.0959,0.2433,-0.1520,-0.2396,-0.1419,0.0525
44.1458,215.92,-1081.75,71.09,-7.20,162.83,-43.40,0.0920,0.2471,-0.1565,-0.2154,-0.1431,0.0936
44.2158,216.05,-1081.71,71.00,-6.16,164.11,-44.57,0.0884,0.2492,-0.1644,-0.1806,-0.1197,0.1427
44.2582,216.46,-1081.52,70.72,-3.14,166.77,-47.16,0.0849,0.2479,-0.1677,-0.1664,-0.0910,0.1610
44.2991,216.60,-1081.38,70.54,-3.06,165.84,-47.55,0.0858,0.2449,-0.1707,-0.1548,-0.0519,0.1704
44.3409,216.81,-1081.23,70.20,-4.82,163.89,-47.45,0.0875,0.2405,-0.1717,-0.1464,-0.0084,0.1701
44.3825,217.02,-1081.08,69.76,-7.78,161.27,-47.07,0.0914,0.2345,-0.1712,-0.1404,0.0383,0.1586
44.4248,217.33,-1080.96,69.25,-11.67,157.89,-46.74,0.0979,0.2280,-0.1688,-0.1348,0.0863,0.1354
44.4666,217.63,-1080.88,68.73,-15.79,153.91,-45.47,0.1070,0.2223,-0.1641,-0.1256,0.1317,0.1027
44.5081,217.91,-1080.69,68.30,-19.26,149.59,-44.99,0.1176,0.2147,-0.1581,-0.1078,0.1712,0.0667
44.5493,218.27,-1080.28,67.63,-23.11,144.57,-42.82,0.1298,0.2054,-0.1488,-0.0825,0.2001,0.0321
44.5910,218.80,-1079.74,66.81,-27.37,138.12,-41.67,0.1421,0.1946,-0.1380,-0.0587,0.2178,0.0025
44.6329,219.56,-1079.27,65.83,-32.76,131.01,-38.55,0.1531,0.1834,-0.1276,-0.0414,0.2303,-0.0228
44.6744,220.39,-1078.79,64.78,-37.84,122.74,-35.00,0.1638,0.1705,-0.1172,-0.0291,0.2339,-0.0473
44.7160,221.46,-1078.67,63.79,-43.35,113.75,-29.58,0.1705,0.1606,-0.1074,-0.0211,0.2347,-0.0721
44.7576,222.52,-1078.57,62.86,-47.75,103.58,-22.95,0.1735,0.1509,-0.0985,-0.0182,0.2314,-0.0919
44.7999,223.53,-1078.80,62.34,-51.26,94.15,-16.01,0.1707,0.1442,-0.0940,-0.0144,0.2282,-0.1086
44.8432,224.39,-1079.04,61.91,-53.11,85.66,-9.64,0.1657,0.1379,-0.0911,-0.0125,0.2247,-0.1170
44.8857,225.07,-1079.44,61.80,-54.21,78.86,-4.64,0.1594,0.1336,-0.0930,-0.0107,0.2237,-0.1232
44.9280,225.59,-1079.83,61.71,-54.67,73.30,-0.97,0.1534,0.1273,-0.0977,-0.0099,0.2233,-0.1274
44.9692,225.89,-1080.21,61.68,-54.64,68.99,2.25,0.1509,0.1159,-0.1043,-0.0106,0.2254,-0.1296
45.0115,225.93,-1080.52,61.62,-54.91,66.11,4.25,0.1508,0.0962,-0.1116,-0.0094,0.2289,-0.1311
45.0535,225.83,-1080.84,61.71,-55.53,63.30,6.88,0.1530,0.0669,-0.1231,-0.0083,0.2319,-0.1333
45.0956,225.52,-1080.92,61.83,-55.61,61.09,8.41,0.1603,0.0274,-0.1351,-0.0070,0.2331,-0.1363
45.1375,225.11,-1080.88,61.94,-55.22,59.16,10.12,0.1716,-0.0185,-0.1461,-0.0067,0.2342,-0.1404
45.1792,224.63,-1080.71,62.02,-55.14,57.85,11.49,0.1850,-0.0722,-0.1543,-0.0074,0.2347,-0.1455
45.2210,224.20,-1080.45,62.12,-55.21,56.44,13.22,0.1998,-0.1288,-0.1578,-0.0097,0.2346,-0.1510
45.2628,223.78,-1080.09,62.19,-55.00,55.96,13.93,0.2106,-0.1867,-0.1528,-0.0129,0.2350,-0.1565
45.3050,223.45,-1079.72,62.22,-54.73,55.07,14.63,0.2166,-0.2395,-0.1341,-0.0175,0.2357,-0.1605
45.3471,223.13,-1079.37,62.22,-54.49,53.70,16.37,0.2154,-0.2803,-0.0992,-0.0216,0.2369,-0.1632
45.3890,222.80,-1079.13,62.16,-54.59,53.08,17.04,0.2114,-0.3008,-0.0518,-0.0248,0.2380,-0.1648
45.4307,222.53,-1078.92,62.13,-54.79,52.75,17.69,0.2072,-0.3007,0.0035,-0.0286,0.2393,-0.1661
45.4728,222.15,-1078.83,62.11,-54.85,52.18,16.89,0.2062,-0.2862,0.0632,-0.0306,0.2416,-0.1672
45.5150,221.80,-1078.82,62.20,-54.96,51.81,16.96,0.2049,-0.2581,0.1192,-0.0317,0.2428,-0.1684
45.5570,221.37,-1078.84,62.26,-55.06,51.68,16.67,0.2024,-0.2173,0.1667,-0.0309,0.2425,-0.1685
45.5986,220.94,-1078.90,62.38,-54.81,52.77,15.98,0.2001,-0.1675,0.2018,-0.0294,0.2411,-0.1677
45.6401,220.42,-1079.12,62.53,-54.88,54.22,15.02,0.1948,-0.1101,0.2214,-0.0266,0.2392,-0.1648
45.6822,219.85,-1079.44,62.75,-54.86,56.13,14.02,0.1881,-0.0487,0.2196,-0.0203,0.2361,-0.1602
45.7240,219.30,-1079.78,63.01,-54.98,58.60,12.59,0.1805,0.0115,0.2045,-0.0134,0.2329,-0.1542
45.7664,218.81,-1080.08,63.33,-54.70,61.17,11.71,0.1718,0.0653,0.1747,-0.0074,0.2304,-0.1486
45.8079,218.25,-1080.25,63.66,-54.22,64.56,10.28,0.1636,0.1138,0.1345,-0.0018,0.2266,-0.1427
45.8488,217.80,-1080.29,63.99,-53.42,68.14,8.77,0.1539,0.1490,0.0855,0.0028,0.2214,-0.1365
45.8909,217.30,-1080.33,64.33,-52.17,72.70,6.54,0.1441,0.1761,0.0344,0.0068,0.2160,-0.1308
45.9326,216.78,-1080.28,64.79,-51.11,77.47,3.16,0.1336,0.1859,-0.0119,0.0075,0.2108,-0.1278
45.9743,216.28,-1080.18,65.46,-48.61,82.74,-0.18,0.1251,0.1893,-0.0490,0.0062,0.2061,-0.1296
46.0155,215.79,-1080.06,66.31,-45.54,87.30,-3.68,0.1218,0.1889,-0.0717,0.0014,0.2008,-0.1344
46.0563,215.45,-1080.13,67.19,-42.10,91.93,-6.04,0.1235,0.1907,-0.0886,-0.0047,0.1976,-0.1424
46.0966,215.15,-1080.37,67.94,-39.40,96.12,-8.90,0.1261,0.1918,-0.0974,-0.0155,0.1959,-0.1499
46.1371,214.97,-1080.69,68.62,-37.11,101.52,-12.28,0.1266,0.1932,-0.1053,-0.0293,0.1924,-0.1566
46.1780,214.91,-1081.05,69.16,-35.07,107.77,-16.35,0.1260,0.1954,-0.1087,-0.0489,0.1829,-0.1590
46.2196,214.90,-1081.44,69.70,-32.53,115.61,-20.75,0.1256,0.2005,-0.1112,-0.0756,0.1675,-0.1570
46.2613,214.97,-1081.86,70.33,-28.95,123.82,-25.77,0.1254,0.2067,-0.1160,-0.1105,0.1457,-0.1509
46.3023,215.12,-1082.18,70.85,-24.25,130.90,-30.51,0.1251,0.2116,-0.1211,-0.1486,0.1181,-0.1386
46.3443,215.50,-1082.39,71.30,-20.12,136.96,-33.73,0.1229,0.2151,-0.1269,-0.1902,0.0838,-0.1192
46.3860,215.96,-1082.51,71.51,-17.04,141.18,-37.23,0.1197,0.2179,-0.1318,-0.2283,0.0454,-0.0884
46.4281,216.44,-1082.46,71.60,-14.49,144.01,-39.54,0.1168,0.2213,-0.1367,-0.2563,0.0052,-0.0504
46.4694,216.90,-1082.45,71.56,-12.93,145.99,-41.14,0.1151,0.2246,-0.1401,-0.2681,-0.0350,-0.0058
46.5109,217.31,-1082.25,71.54,-12.09,146.56,-42.47,0.1130,0.2262,-0.1445,-0.2653,-0.0632,0.0372
46.5529,217.56,-1082.06,71.39,-11.78,145.52,-43.61,0.1115,0.2259,-0.1473,-0.2510,-0.0790,0.0764
46.5951,217.78,-1082.01,71.08,-12.55,144.71,-43.41,0.1101,0.2262,-0.1485,-0.2348,-0.0764,0.1082
46.6370,217.93,-1081.82,70.74,-14.37,142.86,-43.20,0.1090,0.2249,-0.1491,-0.2158,-0.0587,0.1351
46.6789,218.14,-1081.74,70.20,-17.12,140.16,-41.17,0.1087,0.2220,-0.1475,-0.1940,-0.0290,0.1528
46.7201,218.40,-1081.72,69.57,-21.05,137.30,-39.28,0.1093,0.2172,-0.1442,-0.1718,0.0116,0.1593
46.7622,218.60,-1081.56,68.99,-24.47,133.53,-37.71,0.1117,0.2106,-0.1394,-0.1499,0.0558,0.1522
46.8036,218.92,-1081.56,68.26,-28.75,129.20,-35.51,0.1148,0.2046,-0.1327,-0.1296,0.1009,0.1323
46.8457,219.29,-1081.57,67.49,-33.45,124.71,-33.41,0.1192,0.1982,-0.1256,-0.1099,0.1459,0.1025
46.8876,219.81,-1081.66,66.75,-38.40,119.37,-29.68,0.1241,0.1923,-0.1190,-0.0929,0.1864,0.0633
46.9297,220.46,-1081.46,66.03,-42.33,112.39,-26.11,0.1286,0.1839,-0.1126,-0.0743,0.2180,0.0196
46.9712,221.43,-1081.37,65.26,-46.22,103.36,-21.18,0.1311,0.1758,-0.1052,-0.0559,0.2360,-0.0240
47.0136,222.39,-1081.10,64.55,-48.97,93.19,-15.74,0.1342,0.1641,-0.0974,-0.0395,0.2399,-0.0591
47.0558,223.31,-1080.86,64.02,-50.33,84.44,-10.32,0.1371,0.1531,-0.0914,-0.0257,0.2376,-0.0882
47.0979,224.14,-1080.79,63.53,-50.83,76.72,-6.19,0.1396,0.1458,-0.0871,-0.0170,0.2323,-0.1090
47.1405,224.87,-1080.87,63.27,-51.90,71.12,-1.71,0.1403,0.1418,-0.0875,-0.0120,0.2294,-0.1219
47.1828,225.40,-1080.98,63.08,-52.04,66.95,0.80,0.1398,0.1389,-0.0907,-0.0065,0.2255,-0.1285
47.2251,225.75,-1081.18,62.98,-52.55,64.60,3.01,0.1389,0.1362,-0.0977,-0.0034,0.2229,-0.1295
47.2673,226.00,-1081.27,62.93,-52.11,63.21,3.62,0.1385,0.1308,-0.1068,-0.0015,0.2220,-0.1256
47.3090,226.01,-1081.53,62.94,-52.57,62.58,4.51,0.1401,0.1232,-0.1167,0.0010,0.2222,-0.1212
47.3511,225.87,-1081.72,62.96,-52.83,61.77,5.06,0.1439,0.1105,-0.1284,0.0014,0.2237,-0.1170
47.3929,225.58,-1081.83,63.08,-53.09,60.23,6.90,0.1515,0.0877,-0.1416,0.0018,0.2261,-0.1149
47.4348,225.11,-1081.78,63.21,-52.95,58.80,8.74,0.1633,0.0522,-0.1542,0.0034,0.2261,-0.1143
47.4768,224.51,-1081.66,63.36,-53.06,57.33,10.61,0.1797,0.0081,-0.1671,0.0065,0.2265,-0.1154
47.5190,223.86,-1081.32,63.48,-52.89,56.20,12.12,0.2002,-0.0455,-0.1728,0.0095,0.2274,-0.1171
47.5607,223.31,-1080.94,63.59,-52.30,54.67,14.23,0.2154,-0.1029,-0.1703,0.0111,0.2269,-0.1198
47.6027,222.78,-1080.50,63.68,-51.59,53.90,15.53,0.2245,-0.1615,-0.1557,0.0121,0.2258,-0.1229
47.6444,222.40,-1080.13,63.73,-51.08,53.83,16.57,0.2276,-0.2107,-0.1236,0.0118,0.2261,-0.1257
47.6865,222.04,-1079.95,63.72,-50.77,53.78,16.73,0.2288,-0.2440,-0.0815,0.0111,0.2275,-0.1279
47.7282,221.80,-1079.95,63.69,-50.97,51.91,18.08,0.2324,-0.2594,-0.0265,0.0107,0.2297,-0.1304
47.7704,221.60,-1079.96,63.66,-50.84,50.26,19.74,0.2315,-0.2620,0.0342,0.0091,0.2309,-0.1315
47.8122,221.42,-1080.07,63.65,-50.54,48.65,20.74,0.2286,-0.2505,0.0905,0.0078,0.2322,-0.1318
47.8538,221.21,-1080.11,63.69,-50.27,48.47,21.04,0.2225,-0.2265,0.1385,0.0080,0.2322,-0.1318
47.8957,221.02,-1080.31,63.76,-49.94,49.47,20.41,0.2130,-0.1895,0.1767,0.0084,0.2321,-0.1317
47.9374,220.78,-1080.61,63.91,-50.39,50.53,19.29,0.2040,-0.1400,0.1959,0.0096,0.2325,-0.1323
47.9795,220.54,-1081.02,64.07,-50.26,51.93,17.68,0.1924,-0.0851,0.1991,0.0107,0.2315,-0.1328
48.0215,220.25,-1081.56,64.30,-50.62,53.16,16.06,0.1806,-0.0267,0.1884,0.0115,0.2319,-0.1325
48.0624,220.02,-1082.08,64.63,-50.74,54.15,14.96,0.1692,0.0274,0.1638,0.0116,0.2319,-0.1319
48.1040,219.83,-1082.31,65.00,-49.87,56.68,13.82,0.1579,0.0757,0.1333,0.0094,0.2286,-0.1306
48.1463,219.61,-1082.46,65.29,-49.10,59.41,12.23,0.1470,0.1175,0.0972,0.0058,0.2252,-0.1289
48.1882,219.34,-1082.51,65.49,-48.82,62.61,11.10,0.1361,0.1485,0.0534,0.0009,0.2208,-0.1281
48.2300,218.96,-1082.41,65.67,-48.54,65.55,9.43,0.1289,0.1667,0.0136,-0.0048,0.2167,-0.1291
48.2717,218.61,-1082.16,65.75,-47.48,68.25,7.99,0.1246,0.1761,-0.0176,-0.0128,0.2124,-0.1311
48.3131,218.17,-1081.87,65.74,-46.46,70.96,6.92,0.1231,0.1805,-0.0440,-0.0218,0.2074,-0.1343
48.3542,217.54,-1081.64,65.78,-45.78,74.52,5.05,0.1247,0.1830,-0.0660,-0.0291,0.2018,-0.1384
48.3950,216.96,-1081.53,65.87,-45.38,78.45,2.98,0.1261,0.1815,-0.0824,-0.0353,0.1967,-0.1418
48.4359,216.25,-1081.58,66.02,-44.89,83.22,0.05,0.1294,0.1832,-0.0911,-0.0388,0.1936,-0.1444
48.4766,215.59,-1081.74,66.18,-44.69,88.51,-3.49,0.1312,0.1865,-0.0975,-0.0420,0.1909,-0.1464
48.5176,214.90,-1081.92,66.48,-43.92,95.19,-8.04,0.1322,0.1883,-0.0999,-0.0458,0.1848,-0.1505
48.5590,214.32,-1082.24,66.86,-42.75,102.88,-13.58,0.1322,0.1932,-0.1020,-0.0560,0.1725,-0.1527
48.6007,213.91,-1082.65,67.38,-41.36,111.11,-19.24,0.1319,0.1984,-0.1045,-0.0690,0.1547,-0.1546
48.6423,213.67,-1082.87,67.98,-38.37,119.04,-24.30,0.1316,0.2017,-0.1069,-0.0910,0.1280,-0.1529
48.6840,213.66,-1083.17,68.55,-34.63,125.48,-28.20,0.1307,0.2072,-0.1093,-0.1192,0.0994,-0.1480
48.7253,213.94,-1083.54,68.97,-32.08,131.08,-31.80,0.1276,0.2142,-0.1126,-0.1540,0.0681,-0.1374
48.7672,214.28,-1083.63,69.31,-29.63,135.67,-33.94,0.1243,0.2182,-0.1169,-0.1892,0.0340,-0.1202
48.8091,214.64,-1083.55,69.61,-27.21,138.20,-36.15,0.1223,0.2208,-0.1222,-0.2222,-0.0038,-0.0967
48.8509,215.02,-1083.46,69.75,-25.49,140.05,-37.14,0.1199,0.2239,-0.1265,-0.2481,-0.0435,-0.0667
48.8929,215.42,-1083.21,69.79,-24.44,140.98,-38.00,0.1174,0.2250,-0.1294,-0.2620,-0.0806,-0.0327
48.9342,215.79,-1082.97,69.64,-23.83,141.00,-38.97,0.1149,0.2260,-0.1306,-0.2669,-0.1109,0.0049
48.9760,216.22,-1082.84,69.33,-24.18,141.37,-39.81,0.1117,0.2265,-0.1298,-0.2626,-0.1238,0.0446
49.0178,216.65,-1082.64,68.97,-24.71,141.36,-40.56,0.1089,0.2263,-0.1287,-0.2560,-0.1213,0.0848
49.0599,217.14,-1082.48,68.53,-25.51,141.45,-41.47,0.1064,0.2242,-0.1271,-0.2421,-0.1060,0.1189
49.1018,217.66,-1082.22,68.10,-25.95,140.60,-41.56,0.1042,0.2215,-0.1254,-0.2284,-0.0813,0.1434
49.1440,218.20,-1082.12,67.70,-26.80,139.32,-41.85,0.1031,0.2196,-0.1233,-0.2175,-0.0432,0.1570
49.1852,218.76,-1082.05,67.23,-28.19,137.84,-41.85,0.1008,0.2181,-0.1199,-0.2061,0.0040,0.1600
49.2271,219.30,-1082.04,66.79,-29.89,135.70,-41.59,0.1030,0.2133,-0.1160,-0.1909,0.0551,0.1522
49.2688,219.82,-1081.97,66.34,-32.05,132.79,-41.33,0.1046,0.2093,-0.1122,-0.1696,0.1046,0.1392
49.3107,220.21,-1081.87,66.05,-34.15,129.31,-40.28,0.1088,0.2050,-0.1102,-0.1417,0.1480,0.1143
49.3526,220.56,-1081.69,65.73,-36.52,124.96,-38.85,0.1144,0.1988,-0.1078,-0.1155,0.1870,0.0863
49.3946,220.80,-1081.31,65.36,-38.59,119.58,-36.69,0.1231,0.1905,-0.1045,-0.0909,0.2136,0.0539
49.4361,221.18,-1081.06,65.00,-41.06,113.98,-33.66,0.1323,0.1836,-0.0999,-0.0729,0.2327,0.0191
49.4778,221.50,-1080.85,64.61,-43.56,108.30,-29.75,0.1409,0.1765,-0.0931,-0.0575,0.2418,-0.0180
49.5201,221.84,-1080.73,64.36,-46.12,102.42,-25.67,0.1461,0.1702,-0.0880,-0.0455,0.2430,-0.0551
49.5621,222.21,-1080.59,64.20,-47.78,96.33,-20.66,0.1484,0.1649,-0.0850,-0.0336,0.2407,-0.0887
49.6035,222.47,-1080.48,64.07,-48.69,90.60,-15.89,0.1488,0.1602,-0.0828,-0.0220,0.2306,-0.1180
49.6451,222.77,-1080.46,64.14,-49.25,85.82,-11.34,0.1476,0.1594,-0.0832,-0.0152,0.2227,-0.1355
49.6870,222.90,-1080.45,64.11,-49.39,82.18,-7.87,0.1475,0.1577,-0.0838,-0.0135,0.2224,-0.1390
49.7294,223.01,-1080.50,64.08,-49.76,78.39,-4.65,0.1459,0.1553,-0.0877,-0.0133,0.2222,-0.1392
49.7722,223.01,-1080.70,64.03,-50.80,75.07,-0.73,0.1464,0.1483,-0.0951,-0.0136,0.2214,-0.1372
49.8151,222.93,-1080.73,64.02,-51.16,71.75,2.43,0.1497,0.1376,-0.1043,-0.0149,0.2219,-0.1344
49.8568,222.69,-1080.80,63.99,-51.25,68.90,5.42,0.1562,0.1194,-0.1154,-0.0148,0.2236,-0.1314
49.8986,222.36,-1080.92,63.95,-51.75,66.14,8.11,0.1682,0.0946,-0.1278,-0.0135,0.2240,-0.1292
49.9409,221.95,-1081.01,63.90,-52.36,62.87,11.65,0.1823,0.0606,-0.1405,-0.0123,0.2261,-0.1281
49.9830,221.52,-1081.01,63.81,-52.40,59.61,14.36,0.1983,0.0170,-0.1499,-0.0118,0.2289,-0.1281
50.0249,221.07,-1080.99,63.76,-52.67,56.81,17.48,0.2159,-0.0318,-0.1541,-0.0109,0.2303,-0.1294
50.0668,220.73,-1080.74,63.65,-52.23,54.75,19.22,0.2299,-0.0875,-0.1506,-0.0111,0.2305,-0.1312
50.1087,220.42,-1080.63,63.51,-51.93,52.89,21.41,0.2402,-0.1416,-0.1378,-0.0121,0.2324,-0.1327
50.1507,220.18,-1080.54,63.33,-52.25,51.55,22.51,0.2429,-0.1929,-0.1165,-0.0132,0.2348,-0.1347
50.1932,220.06,-1080.56,63.20,-52.72,50.10,23.80,0.2396,-0.2355,-0.0859,-0.0152,0.2372,-0.1371
50.2348,220.03,-1080.43,63.05,-52.90,49.02,23.95,0.2298,-0.2637,-0.0447,-0.0179,0.2369,-0.1381
50.2767,220.11,-1080.42,62.90,-52.56,47.94,25.07,0.2204,-0.2757,0.0022,-0.0207,0.2358,-0.1384
50.3196,220.09,-1080.56,62.75,-52.87,46.08,25.54,0.2145,-0.2774,0.0492,-0.0233,0.2351,-0.1378
50.3609,220.19,-1080.72,62.66,-52.81,42.87,28.08,0.2045,-0.2662,0.0970,-0.0265,0.2349,-0.1369
50.4022,220.08,-1080.85,62.60,-52.57,40.84,29.16,0.1998,-0.2520,0.1388,-0.0290,0.2350,-0.1349
50.4440,219.87,-1081.00,62.57,-52.36,39.98,29.59,0.1961,-0.2295,0.1756,-0.0301,0.2357,-0.1319
50.4854,219.52,-1081.18,62.62,-52.48,40.06,29.36,0.1861,-0.1866,0.2022,-0.0298,0.2362,-0.1278
50.5271,219.07,-1081.40,62.76,-52.16,40.94,28.78,0.1753,-0.1339,0.2154,-0.0281,0.2361,-0.1238
50.5684,218.48,-1081.64,62.97,-52.15,42.39,28.01,0.1579,-0.0706,0.2099,-0.0253,0.2345,-0.1201
50.6105,217.89,-1081.88,63.26,-51.71,45.13,26.90,0.1483,-0.0172,0.1986,-0.0220,0.2317,-0.1177
50.6523,217.19,-1082.08,63.62,-51.75,48.12,25.51,0.1424,0.0342,0.1767,-0.0185,0.2282,-0.1165
50.6942,216.53,-1082.03,63.94,-50.82,53.14,23.37,0.1366,0.0819,0.1472,-0.0163,0.2232,-0.1159
50.7360,215.76,-1082.00,64.41,-50.37,58.45,20.53,0.1300,0.1217,0.1093,-0.0146,0.2196,-0.1173
50.7775,215.15,-1081.79,64.86,-49.17,65.43,16.28,0.1238,0.1534,0.0685,-0.0148,0.2149,-0.1215
50.8192,214.51,-1081.65,65.37,-47.85,72.78,11.39,0.1186,0.1765,0.0283,-0.0161,0.2099,-0.1281
50.8612,213.98,-1081.60,65.81,-46.55,80.89,6.11,0.1122,0.1940,-0.0105,-0.0177,0.2054,-0.1364
50.9021,213.47,-1081.54,66.38,-45.07,88.90,0.83,0.1081,0.2056,-0.0518,-0.0232,0.1989,-0.1445
50.9426,213.04,-1081.53,66.88,-42.83,96.25,-4.68,0.1060,0.2078,-0.0837,-0.0289,0.1935,-0.1509
50.9833,212.73,-1081.72,67.57,-41.00,103.51,-8.68,0.1070,0.2117,-0.1117,-0.0364,0.1873,-0.1577
51.0240,212.47,-1081.91,68.21,-38.32,109.39,-13.23,0.1083,0.2147,-0.1302,-0.0471,0.1811,-0.1630
51.0650,212.40,-1082.25,68.91,-35.93,115.46,-16.61,0.1075,0.2187,-0.1450,-0.0601,0.1759,-0.1674
51.1061,212.38,-1082.55,69.47,-33.16,120.45,-20.01,0.1066,0.2216,-0.1538,-0.0769,0.1678,-0.1675
51.1475,212.47,-1082.86,69.99,-30.57,125.18,-22.89,0.1056,0.2247,-0.1594,-0.0959,0.1585,-0.1636
51.1889,212.63,-1083.22,70.34,-28.70,129.91,-26.17,0.1037,0.2290,-0.1609,-0.1160,0.1435,-0.1561
51.2308,212.84,-1083.45,70.54,-26.87,135.00,-28.88,0.1009,0.2324,-0.1614,-0.1403,0.1191,-0.1448
51.2729,212.95,-1083.67,70.64,-24.60,140.26,-32.96,0.0988,0.2356,-0.1630,-0.1653,0.0887,-0.1329
51.3143,213.18,-1083.92,70.68,-22.81,145.77,-36.81,0.0970,0.2395,-0.1647,-0.1914,0.0523,-0.1185
51.3561,213.53,-1083.85,70.75,-20.30,149.68,-38.53,0.0941,0.2417,-0.1683,-0.2160,0.0105,-0.1007
51.3977,213.80,-1083.68,70.94,-17.80,152.02,-40.55,0.0934,0.2427,-0.1726,-0.2383,-0.0327,-0.0767
51.4400,214.16,-1083.42,70.95,-16.13,153.59,-41.44,0.0924,0.2433,-0.1756,-0.2531,-0.0747,-0.0433
51.4821,214.38,-1083.08,70.99,-14.52,154.59,-42.26,0.0933,0.2423,-0.1780,-0.2537,-0.1115,-0.0031
51.5240,214.68,-1082.70,70.98,-13.73,154.64,-42.92,0.0947,0.2401,-0.1784,-0.2406,-0.1392,0.0410
51.5659,214.92,-1082.32,70.83,-13.27,154.10,-43.90,0.0963,0.2382,-0.1774,-0.2129,-0.1466,0.0830
51.6073,215.30,-1082.10,70.62,-13.51,153.25,-44.36,0.0971,0.2368,-0.1752,-0.1876,-0.1409,0.1188
51.6487,215.82,-1082.03,70.37,-14.90,152.34,-44.33,0.0970,0.2369,-0.1734,-0.1709,-0.1219,0.1480
51.6905,216.35,-1081.90,70.18,-15.78,150.73,-44.37,0.0982,0.2357,-0.1715,-0.1594,-0.0921,0.1677
51.7330,216.96,-1081.77,69.92,-17.10,148.22,-43.71,0.0993,0.2328,-0.1687,-0.1525,-0.0510,0.1770
51.7740,217.58,-1081.66,69.61,-19.24,144.72,-43.84,0.1012,0.2283,-0.1655,-0.1463,-0.0047,0.1765
51.8159,218.23,-1081.58,69.14,-22.33,140.60,-42.24,0.1054,0.2219,-0.1606,-0.1397,0.0477,0.1619
51.8577,218.96,-1081.42,68.45,-26.89,135.14,-40.97,0.1099,0.2148,-0.1536,-0.1325,0.0989,0.1365
51.8993,219.89,-1081.40,67.45,-33.21,128.41,-37.92,0.1135,0.2086,-0.1445,-0.1243,0.1484,0.1008
51.9413,220.72,-1081.27,66.81,-38.71,121.96,-33.58,0.1190,0.2017,-0.1380,-0.1085,0.1911,0.0514
51.9835,221.65,-1080.79,66.02,-42.58,112.78,-28.07,0.1243,0.1921,-0.1292,-0.0907,0.2116,0.0015
52.0254,222.37,-1080.27,65.35,-44.80,104.89,-23.21,0.1295,0.1823,-0.1216,-0.0675,0.2233,-0.0434
52.0669,223.13,-1079.87,64.51,-47.21,96.89,-18.88,0.1331,0.1733,-0.1134,-0.0503,0.2277,-0.0797
52.1087,223.80,-1079.63,63.76,-49.54,90.75,-14.26,0.1355,0.1662,-0.1076,-0.0371,0.2291,-0.1077
52.1510,224.42,-1079.27,63.02,-51.48,85.09,-10.76,0.1361,0.1590,-0.1019,-0.0295,0.2231,-0.1253
52.1934,224.93,-1079.03,62.42,-52.07,81.51,-7.07,0.1339,0.1550,-0.0988,-0.0260,0.2171,-0.1333
52.2365,225.32,-1079.04,61.94,-53.26,79.53,-5.98,0.1319,0.1542,-0.0965,-0.0273,0.2149,-0.1326
52.2785,225.68,-1079.16,61.70,-54.12,77.60,-3.80,0.1288,0.1541,-0.0988,-0.0288,0.2148,-0.1302
52.3202,225.86,-1079.24,61.57,-54.52,76.74,-3.45,0.1283,0.1494,-0.1034,-0.0302,0.2151,-0.1262
52.3622,225.93,-1079.39,61.63,-54.52,74.96,-1.92,0.1309,0.1394,-0.1106,-0.0316,0.2177,-0.1222
52.4044,225.82,-1079.56,61.81,-55.17,73.09,-0.03,0.1391,0.1201,-0.1199,-0.0309,0.2207,-0.1198
52.4464,225.59,-1079.55,62.04,-54.89,70.19,2.33,0.1547,0.0902,-0.1273,-0.0301,0.2226,-0.1181
52.4885,225.21,-1079.52,62.26,-54.45,67.97,4.67,0.1759,0.0523,-0.1342,-0.0278,0.2255,-0.1186
52.5303,224.79,-1079.46,62.47,-54.58,65.65,6.97,0.1982,0.0069,-0.1388,-0.0264,0.2277,-0.1210
52.5721,224.35,-1079.25,62.61,-54.41,63.91,9.21,0.2198,-0.0468,-0.1353,-0.0258,0.2285,-0.1239
52.6143,224.00,-1078.98,62.74,-53.72,62.36,11.69,0.2355,-0.1027,-0.1232,-0.0257,0.2287,-0.1279
52.6565,223.67,-1078.69,62.87,-52.82,61.33,13.80,0.2441,-0.1561,-0.1034,-0.0275,0.2289,-0.1324
52.6983,223.49,-1078.47,62.97,-51.94,60.20,15.16,0.2467,-0.2014,-0.0745,-0.0310,0.2281,-0.1368
52.7397,223.29,-1078.44,63.05,-51.55,58.79,16.71,0.2427,-0.2367,-0.0366,-0.0360,0.2286,-0.1400
52.7812,223.08,-1078.53,63.11,-51.73,57.02,17.77,0.2345,-0.2569,0.0076,-0.0406,0.2307,-0.1415
52.8231,222.82,-1078.65,63.14,-51.93,56.31,17.88,0.2243,-0.2653,0.0563,-0.0437,0.2330,-0.1411
52.8653,222.50,-1078.84,63.17,-51.97,55.50,17.44,0.2138,-0.2600,0.1033,-0.0450,0.2354,-0.1396
52.9074,222.14,-1079.03,63.26,-52.19,55.20,17.26,0.2020,-0.2414,0.1437,-0.0455,0.2368,-0.1373
52.9490,221.77,-1079.19,63.31,-51.67,55.57,16.98,0.1889,-0.2113,0.1763,-0.0439,0.2367,-0.1338
52.9905,221.26,-1079.54,63.40,-51.87,56.05,16.69,0.1782,-0.1663,0.2003,-0.0402,0.2367,-0.1298
53.0324,220.74,-1079.80,63.49,-51.97,57.14,16.03,0.1671,-0.1181,0.2126,-0.0357,0.2357,-0.1251
53.0745,220.21,-1080.08,63.59,-51.34,58.42,15.32,0.1590,-0.0663,0.2125,-0.0305,0.2344,-0.1211
53.1162,219.66,-1080.37,63.72,-51.41,59.95,15.29,0.1547,-0.0127,0.2033,-0.0251,0.2326,-0.1186
53.1581,219.13,-1080.57,63.74,-51.27,60.79,15.43,0.1512,0.0381,0.1828,-0.0201,0.2301,-0.1177
53.1995,218.61,-1080.62,63.70,-51.44,62.31,15.85,0.1483,0.0870,0.1492,-0.0161,0.2271,-0.1185
53.2414,218.15,-1080.58,63.56,-51.68,64.27,16.18,0.1463,0.1253,0.1094,-0.0121,0.2201,-0.1198
53.2830,217.62,-1080.57,63.44,-52.58,67.19,15.28,0.1464,0.1605,0.0668,-0.0086,0.2139,-0.1232
53.3268,217.18,-1080.39,63.37,-52.81,70.59,13.83,0.1467,0.1825,0.0221,-0.0076,0.2074,-0.1278
53.3668,216.63,-1080.27,63.44,-52.56,74.79,10.66,0.1439,0.1934,-0.0156,-0.0073,0.2017,-0.1337
53.4084,216.18,-1080.13,63.62,-52.46,79.54,7.93,0.1411,0.1987,-0.0513,-0.0084,0.1961,-0.1400
53.4500,215.67,-1079.95,63.90,-50.90,83.86,4.36,0.1376,0.1961,-0.0823,-0.0097,0.1892,-0.1453
53.4929,215.14,-1079.82,64.26,-49.63,88.30,1.39,0.1374,0.1912,-0.1028,-0.0123,0.1831,-0.1496
53.5338,214.66,-1079.94,64.76,-48.55,92.58,-1.73,0.1348,0.1904,-0.1162,-0.0167,0.1797,-0.1540
53.5760,214.26,-1080.06,65.27,-47.33,97.66,-5.27,0.1311,0.1904,-0.1207,-0.0240,0.1763,-0.1576
53.6167,213.92,-1080.25,65.88,-45.51,103.18,-9.45,0.1286,0.1931,-0.1209,-0.0361,0.1717,-0.1591
53.6567,213.72,-1080.43,66.57,-43.11,109.91,-14.17,0.1258,0.1965,-0.1201,-0.0530,0.1621,-0.1579
53.6970,213.66,-1080.66,67.27,-40.28,116.09,-18.36,0.1229,0.2003,-0.1187,-0.0765,0.1470,-0.1534
53.7380,213.68,-1080.87,67.97,-37.38,121.96,-21.75,0.1201,0.2046,-0.1173,-0.1051,0.1266,-0.1454
53.7793,213.81,-1081.04,68.52,-34.27,127.87,-24.55,0.1163,0.2078,-0.1169,-0.1392,0.1021,-0.1346
53.8208,214.04,-1081.19,69.00,-31.13,133.29,-27.84,0.1125,0.2096,-0.1185,-0.1770,0.0750,-0.1205
53.8621,214.36,-1081.27,69.42,-28.24,138.36,-30.97,0.1088,0.2114,-0.1217,-0.2127,0.0416,-0.1010
53.9039,214.70,-1081.24,69.79,-25.10,142.23,-34.17,0.1057,0.2136,-0.1261,-0.2402,0.0029,-0.0736
53.9460,215.05,-1081.18,70.03,-21.91,145.16,-36.65,0.1024,0.2156,-0.1309,-0.2593,-0.0356,-0.0395
53.9881,215.40,-1081.01,70.25,-19.40,147.03,-38.57,0.0987,0.2168,-0.1357,-0.2657,-0.0723,0.0002
54.0296,215.75,-1080.80,70.36,-17.48,147.85,-40.30,0.0947,0.2177,-0.1402,-0.2574,-0.1029,0.0410
54.0710,216.10,-1080.66,70.39,-16.47,148.43,-41.01,0.0910,0.2177,-0.1447,-0.2388,-0.1207,0.0768
54.1124,216.42,-1080.43,70.34,-16.02,148.08,-41.67,0.0891,0.2168,-0.1485,-0.2164,-0.1243,0.1068
54.1546,216.84,-1080.31,70.09,-16.61,146.97,-41.95,0.0871,0.2174,-0.1509,-0.1970,-0.1116,0.1298
54.1966,217.28,-1080.23,69.83,-17.98,145.43,-42.09,0.0861,0.2172,-0.1525,-0.1826,-0.0871,0.1442
54.2384,217.80,-1080.19,69.44,-19.63,143.42,-41.87,0.0867,0.2162,-0.1510,-0.1749,-0.0517,0.1537
54.2801,218.28,-1080.13,69.12,-21.28,141.05,-41.42,0.0892,0.2147,-0.1487,-0.1684,-0.0089,0.1574
54.3216,218.83,-1080.05,68.63,-23.19,137.98,-41.47,0.0926,0.2111,-0.1444,-0.1614,0.0387,0.1515
54.3774,219.19,-1080.04,68.33,-24.72,135.76,-41.57,0.1017,0.2056,-0.1419,-0.1454,0.1065,0.1211
54.4200,220.23,-1080.12,67.50,-28.94,130.62,-40.36,0.1043,0.2017,-0.1367,-0.1354,0.1507,0.0892
54.4618,220.80,-1079.91,67.08,-30.98,126.53,-39.72,0.1103,0.1948,-0.1347,-0.1184,0.1835,0.0516
54.5034,221.43,-1079.71,66.65,-32.95,121.95,-37.28,0.1155,0.1869,-0.1330,-0.0958,0.2065,0.0100
54.5448,222.14,-1079.32,66.36,-34.55,116.31,-35.50,0.1207,0.1771,-0.1322,-0.0726,0.2163,-0.0320
54.5868,223.00,-1078.92,66.08,-35.50,109.30,-31.31,0.1248,0.1673,-0.1314,-0.0529,0.2208,-0.0709
54.6285,223.79,-1078.60,65.72,-37.01,101.84,-26.85,0.1281,0.1589,-0.1299,-0.0392,0.2197,-0.1043
54.6706,224.50,-1078.49,65.34,-39.20,95.13,-21.37,0.1299,0.1525,-0.1284,-0.0328,0.2190,-0.1306
54.7123,225.06,-1078.35,64.88,-41.59,89.53,-16.69,0.1318,0.1482,-0.1267,-0.0311,0.2171,-0.1463
54.7539,225.52,-1078.39,64.29,-43.98,84.54,-11.91,0.1321,0.1463,-0.1256,-0.0311,0.2137,-0.1518
54.7952,225.79,-1078.63,63.72,-47.52,80.24,-6.93,0.1319,0.1450,-0.1267,-0.0314,0.2134,-0.1507
54.8375,225.91,-1078.88,63.14,-50.60,75.44,-2.37,0.1312,0.1401,-0.1291,-0.0332,0.2150,-0.1439
54.8806,225.80,-1079.03,62.68,-53.20,71.52,2.49,0.1320,0.1294,-0.1345,-0.0327,0.2161,-0.1370
54.9234,225.50,-1079.17,62.33,-55.03,67.35,7.17,0.1360,0.1105,-0.1410,-0.0313,0.2179,-0.1313
54.9658,225.05,-1079.05,62.10,-55.89,64.37,11.14,0.1453,0.0834,-0.1519,-0.0299,0.2187,-0.1265
55.0077,224.45,-1078.96,61.85,-55.67,62.25,13.61,0.1620,0.0487,-0.1612,-0.0278,0.2198,-0.1229
55.0495,223.80,-1078.75,61.70,-56.49,60.87,15.94,0.1815,0.0056,-0.1675,-0.0267,0.2199,-0.1209
55.0915,223.14,-1078.31,61.50,-56.06,60.17,16.96,0.2003,-0.0450,-0.1671,-0.0268,0.2186,-0.1202
55.1336,222.47,-1077.93,61.32,-56.16,59.68,18.25,0.2177,-0.0983,-0.1612,-0.0283,0.2173,-0.1206
55.1755,221.85,-1077.48,61.09,-56.03,59.80,18.75,0.2308,-0.1524,-0.1397,-0.0304,0.2161,-0.1218
55.2175,221.26,-1077.13,60.89,-56.43,60.39,18.69,0.2449,-0.1975,-0.1117,-0.0337,0.2152,-0.1230
55.2591,220.75,-1076.90,60.74,-56.80,61.03,17.92,0.2635,-0.2335,-0.0758,-0.0372,0.2151,-0.1240
55.3011,220.39,-1076.69,60.66,-57.24,61.76,17.35,0.2724,-0.2546,-0.0309,-0.0403,0.2155,-0.1240
55.3432,220.16,-1076.50,60.55,-57.15,62.21,15.80,0.2703,-0.2629,0.0227,-0.0438,0.2142,-0.1223
55.3853,220.05,-1076.47,60.47,-56.93,62.53,15.65,0.2632,-0.2581,0.0746,-0.0472,0.2140,-0.1185
55.4271,219.88,-1076.62,60.38,-57.36,62.21,14.80,0.2546,-0.2413,0.1219,-0.0480,0.2154,-0.1135
55.4683,219.75,-1076.86,60.35,-57.97,61.69,14.80,0.2413,-0.2136,0.1620,-0.0481,0.2163,-0.1079
55.5104,219.56,-1077.17,60.35,-58.47,61.32,14.16,0.2219,-0.1753,0.1889,-0.0465,0.2168,-0.1023
55.5528,219.37,-1077.47,60.50,-58.42,61.63,13.65,0.2022,-0.1292,0.1983,-0.0440,0.2166,-0.0982
55.5944,219.10,-1077.91,60.66,-58.37,62.33,12.72,0.1871,-0.0801,0.1991,-0.0410,0.2165,-0.0946
55.6363,218.83,-1078.42,60.91,-58.25,62.79,12.18,0.1727,-0.0274,0.1880,-0.0379,0.2166,-0.0926
55.6776,218.61,-1078.86,61.25,-57.99,63.63,12.19,0.1584,0.0275,0.1659,-0.0351,0.2148,-0.0923
55.7199,218.37,-1079.25,61.60,-57.08,65.04,11.18,0.1468,0.0758,0.1409,-0.0337,0.2127,-0.0927
55.7620,218.04,-1079.67,61.93,-56.71,67.42,10.49,0.1363,0.1205,0.1096,-0.0322,0.2120,-0.0940
55.8039,217.72,-1079.98,62.28,-56.78,69.84,9.48,0.1268,0.1563,0.0718,-0.0322,0.2098,-0.0964
55.8454,217.30,-1080.16,62.51,-55.85,73.18,7.64,0.1236,0.1783,0.0386,-0.0322,0.2062,-0.0999
55.8871,216.93,-1080.28,62.77,-55.08,75.57,5.73,0.1216,0.1901,0.0067,-0.0355,0.2021,-0.1041
55.9286,216.46,-1080.32,63.02,-53.88,78.86,3.78,0.1169,0.1952,-0.0278,-0.0399,0.1980,-0.1098
55.9706,215.94,-1080.18,63.38,-52.33,81.01,2.01,0.1148,0.1913,-0.0608,-0.0458,0.1923,-0.1160
56.0124,215.27,-1080.07,63.84,-49.80,84.74,-0.70,0.1199,0.1865,-0.0817,-0.0491,0.1888,-0.1229
56.0541,214.63,-1080.23,64.35,-48.27,88.80,-3.29,0.1246,0.1844,-0.0981,-0.0525,0.1853,-0.1290
56.0948,213.98,-1080.40,64.93,-46.82,93.78,-6.94,0.1278,0.1836,-0.1061,-0.0559,0.1803,-0.1351
56.1354,213.48,-1080.65,65.53,-44.83,99.39,-10.92,0.1299,0.1888,-0.1106,-0.0623,0.1729,-0.1403
56.1759,213.10,-1081.03,66.10,-43.44,105.87,-15.58,0.1312,0.1956,-0.1121,-0.0746,0.1618,-0.1449
56.2169,212.91,-1081.49,66.59,-42.40,113.95,-21.00,0.1305,0.2022,-0.1117,-0.0953,0.1453,-0.1474
56.2581,212.88,-1081.91,67.10,-40.82,122.54,-26.66,0.1260,0.2079,-0.1124,-0.1255,0.1225,-0.1468
56.2994,213.06,-1082.17,67.69,-37.85,128.85,-30.86,0.1198,0.2115,-0.1142,-0.1599,0.0932,-0.1429
56.3404,213.40,-1082.37,68.36,-34.52,133.94,-34.70,0.1136,0.2152,-0.1167,-0.1961,0.0592,-0.1330
56.3823,213.92,-1082.36,68.92,-31.05,137.20,-36.97,0.1069,0.2180,-0.1190,-0.2306,0.0203,-0.1161
56.4245,214.57,-1082.34,69.33,-27.87,139.59,-39.19,0.0996,0.2197,-0.1203,-0.2614,-0.0241,-0.0887
56.4660,215.26,-1082.14,69.57,-25.65,140.72,-41.82,0.0914,0.2200,-0.1223,-0.2843,-0.0671,-0.0490
56.5068,215.92,-1081.91,69.72,-23.89,140.57,-43.30,0.0849,0.2194,-0.1241,-0.2930,-0.1029,-0.0010
56.5479,216.48,-1081.59,69.77,-22.92,139.65,-43.87,0.0804,0.2177,-0.1260,-0.2827,-0.1270,0.0504
56.5900,216.99,-1081.28,69.68,-22.67,137.31,-44.15,0.0769,0.2158,-0.1285,-0.2583,-0.1322,0.0973
56.6323,217.48,-1081.18,69.43,-23.83,134.80,-43.70,0.0748,0.2149,-0.1305,-0.2313,-0.1186,0.1361
56.6744,217.95,-1081.05,69.11,-25.50,131.65,-42.66,0.0733,0.2149,-0.1316,-0.2059,-0.0979,0.1680
56.7165,218.46,-1081.11,68.76,-27.80,127.99,-39.97,0.0735,0.2156,-0.1320,-0.1856,-0.0626,0.1897
56.7581,218.85,-1081.33,68.42,-30.05,125.31,-38.22,0.0766,0.2131,-0.1309,-0.1681,-0.0163,0.1940
56.7993,219.33,-1081.45,68.04,-32.45,121.73,-35.92,0.0805,0.2087,-0.1287,-0.1560,0.0317,0.1874
56.8415,219.74,-1081.56,67.66,-34.45,117.78,-34.26,0.0870,0.2044,-0.1257,-0.1443,0.0849,0.1682
56.8836,220.30,-1081.86,67.13,-37.57,114.30,-32.21,0.0930,0.2014,-0.1226,-0.1320,0.1372,0.1365
56.9258,220.84,-1081.94,66.61,-40.88,110.08,-29.78,0.0997,0.1980,-0.1209,-0.1160,0.1808,0.0919
56.9672,221.33,-1081.57,66.27,-41.74,105.58,-27.12,0.1064,0.1919,-0.1212,-0.0974,0.2050,0.0409
57.0086,221.80,-1081.28,65.80,-42.44,101.20,-25.19,0.1120,0.1840,-0.1199,-0.0798,0.2202,-0.0057
57.0507,222.21,-1080.95,65.20,-44.26,97.85,-22.91,0.1157,0.1758,-0.1165,-0.0643,0.2249,-0.0483
57.0924,222.65,-1080.55,64.58,-46.17,93.43,-19.83,0.1176,0.1695,-0.1125,-0.0550,0.2242,-0.0817
57.1347,223.03,-1080.22,63.99,-48.42,89.82,-16.54,0.1179,0.1649,-0.1086,-0.0491,0.2249,-0.1079
57.1763,223.36,-1079.80,63.44,-49.76,85.82,-12.96,0.1168,0.1628,-0.1069,-0.0461,0.2213,-0.1267
57.2180,223.50,-1079.45,63.01,-51.20,83.59,-10.66,0.1160,0.1625,-0.1065,-0.0432,0.2194,-0.1395
57.2609,223.61,-1079.10,62.57,-51.84,81.76,-8.66,0.1129,0.1644,-0.1074,-0.0421,0.2174,-0.1434
57.3038,223.57,-1078.81,62.21,-53.21,80.84,-7.01,0.1091,0.1634,-0.1097,-0.0417,0.2140,-0.1417
57.3462,223.43,-1078.49,61.89,-53.66,79.59,-5.33,0.1075,0.1580,-0.1129,-0.0404,0.2119,-0.1376
57.3881,223.15,-1078.30,61.68,-54.72,78.69,-3.61,0.1099,0.1488,-0.1187,-0.0400,0.2116,-0.1329
57.4299,222.77,-1078.01,61.54,-55.30,76.69,-1.54,0.1165,0.1302,-0.1269,-0.0400,0.2119,-0.1294
57.4711,222.26,-1077.74,61.58,-55.56,74.69,0.76,0.1273,0.1023,-0.1376,-0.0386,0.2128,-0.1284
57.5133,221.72,-1077.38,61.61,-55.14,72.78,2.92,0.1430,0.0645,-0.1493,-0.0370,0.2129,-0.1284
57.5555,221.16,-1077.05,61.66,-54.88,71.29,4.79,0.1624,0.0218,-0.1595,-0.0353,0.2127,-0.1301
57.5978,220.60,-1076.64,61.68,-54.48,69.12,6.48,0.1868,-0.0275,-0.1634,-0.0344,0.2118,-0.1326
57.6397,220.12,-1076.24,61.73,-54.17,67.55,8.86,0.2120,-0.0768,-0.1608,-0.0338,0.2117,-0.1355
57.6811,219.66,-1075.86,61.76,-53.74,66.38,10.24,0.2369,-0.1270,-0.1449,-0.0335,0.2129,-0.1383
57.7231,219.27,-1075.59,61.82,-53.07,65.01,11.76,0.2542,-0.1708,-0.1156,-0.0337,0.2161,-0.1404
57.7652,218.96,-1075.48,61.94,-52.89,63.81,12.75,0.2684,-0.2046,-0.0770,-0.0330,0.2195,-0.1416
57.8071,218.72,-1075.47,62.14,-52.74,62.51,13.54,0.2719,-0.2254,-0.0272,-0.0321,0.2215,-0.1420
57.8490,218.50,-1075.55,62.37,-52.00,62.18,13.15,0.2666,-0.2314,0.0273,-0.0320,0.2228,-0.1413
57.8905,218.30,-1075.71,62.62,-51.57,61.87,12.61,0.2568,-0.2241,0.0760,-0.0315,0.2238,-0.1403
57.9325,218.15,-1076.08,62.88,-51.12,61.99,12.65,0.2418,-0.2061,0.1199,-0.0318,0.2253,-0.1382
57.9745,217.97,-1076.50,63.14,-51.34,62.05,12.08,0.2248,-0.1777,0.1543,-0.0321,0.2263,-0.1362
58.0166,217.82,-1076.95,63.46,-50.86,62.64,11.93,0.2081,-0.1414,0.1749,-0.0325,0.2268,-0.1345
58.0586,217.58,-1077.53,63.73,-50.54,63.64,10.93,0.1941,-0.0991,0.1847,-0.0317,0.2276,-0.1325
58.1002,217.38,-1078.21,64.10,-50.62,64.68,10.19,0.1823,-0.0508,0.1828,-0.0308,0.2282,-0.1315
58.1416,217.13,-1079.00,64.39,-50.47,66.07,9.11,0.1716,-0.0010,0.1698,-0.0295,0.2283,-0.1306
58.1841,216.92,-1079.77,64.74,-50.82,68.19,8.03,0.1612,0.0512,0.1496,-0.0288,0.2276,-0.1305
58.2258,216.72,-1080.35,65.09,-50.34,71.22,6.42,0.1533,0.1014,0.1252,-0.0285,0.2245,-0.1304
58.2673,216.46,-1080.73,65.49,-49.61,74.75,4.34,0.1438,0.1422,0.0909,-0.0273,0.2196,-0.1321
58.3092,216.07,-1081.08,65.99,-48.23,79.06,1.41,0.1348,0.1747,0.0513,-0.0268,0.2163,-0.1357
58.3505,215.76,-1081.29,66.51,-46.56,84.16,-0.66,0.1264,0.1948,0.0057,-0.0274,0.2127,-0.1400
58.3906,215.36,-1081.45,66.96,-44.21,88.64,-4.05,0.1186,0.2024,-0.0360,-0.0278,0.2087,-0.1444
58.4312,214.93,-1081.65,67.37,-43.03,92.63,-6.38,0.1151,0.2060,-0.0693,-0.0292,0.2048,-0.1488
58.4721,214.47,-1081.93,67.68,-41.75,97.33,-9.59,0.1152,0.2075,-0.0927,-0.0311,0.2006,-0.1543
58.5131,214.08,-1082.12,68.08,-40.50,102.21,-12.30,0.1151,0.2089,-0.1103,-0.0383,0.1934,-0.1610
58.5539,213.68,-1082.45,68.57,-38.74,107.92,-16.02,0.1145,0.2094,-0.1243,-0.0513,0.1844,-0.1671
58.5954,213.50,-1082.68,69.09,-36.31,113.87,-19.30,0.1130,0.2118,-0.1337,-0.0706,0.1686,-0.1711
58.6375,213.45,-1083.02,69.63,-33.82,119.91,-23.17,0.1107,0.2159,-0.1421,-0.0962,0.1475,-0.1749
58.6791,213.54,-1083.13,70.17,-30.97,125.38,-26.02,0.1086,0.2174,-0.1487,-0.1297,0.1205,-0.1758
58.7209,213.65,-1083.10,70.56,-27.02,130.25,-29.33,0.1069,0.2198,-0.1544,-0.1679,0.0854,-0.1705
58.7625,213.84,-1082.99,70.74,-24.18,134.66,-31.62,0.1062,0.2226,-0.1592,-0.2074,0.0448,-0.1572
58.8036,213.97,-1082.69,70.72,-21.70,139.21,-33.67,0.1067,0.2238,-0.1632,-0.2450,-0.0011,-0.1324
58.8459,213.92,-1082.19,70.56,-19.13,142.95,-35.97,0.1091,0.2232,-0.1666,-0.2724,-0.0497,-0.0959
58.8882,213.86,-1081.73,70.30,-17.66,145.62,-38.19,0.1116,0.2235,-0.1694,-0.2873,-0.0944,-0.0491
58.9301,213.80,-1081.35,69.89,-17.16,147.71,-39.92,0.1127,0.2242,-0.1717,-0.2862,-0.1287,0.0048
58.9716,213.78,-1080.90,69.50,-17.26,148.99,-41.07,0.1127,0.2229,-0.1735,-0.2721,-0.1448,0.0603
59.0126,213.82,-1080.55,69.08,-17.68,148.62,-42.26,0.1112,0.2218,-0.1753,-0.2480,-0.1361,0.1089
59.0548,213.96,-1080.47,68.68,-19.37,148.31,-43.00,0.1089,0.2219,-0.1764,-0.2227,-0.1129,0.1450
59.0970,214.12,-1080.39,68.41,-20.51,147.28,-42.84,0.1066,0.2197,-0.1761,-0.1997,-0.0776,0.1664
59.1385,214.36,-1080.46,68.12,-22.06,145.33,-43.01,0.1034,0.2184,-0.1740,-0.1802,-0.0339,0.1773
59.1804,214.82,-1080.65,67.92,-23.69,143.71,-41.96,0.1015,0.2167,-0.1719,-0.1651,0.0173,0.1743
59.2221,215.35,-1080.87,67.62,-25.67,141.14,-41.36,0.1028,0.2140,-0.1664,-0.1532,0.0672,0.1600
59.2640,215.91,-1081.12,67.39,-27.66,138.48,-41.44,0.1039,0.2109,-0.1618,-0.1432,0.1172,0.1320
59.3061,216.59,-1081.40,67.04,-30.68,134.55,-40.70,0.1071,0.2071,-0.1554,-0.1334,0.1647,0.0938
59.3481,217.29,-1081.61,66.54,-34.45,130.15,-40.11,0.1121,0.2027,-0.1473,-0.1206,0.1983,0.0482
59.3899,218.18,-1081.68,65.85,-38.99,123.23,-36.83,0.1180,0.1957,-0.1367,-0.1046,0.2219,0.0071
59.4312,219.22,-1081.89,65.01,-44.43,113.80,-32.88,0.1244,0.1894,-0.1245,-0.0870,0.2339,-0.0290
59.4729,220.42,-1082.08,64.41,-49.28,103.79,-24.76,0.1300,0.1827,-0.1151,-0.0726,0.2400,-0.0628
59.5150,221.45,-1082.01,63.98,-51.04,92.22,-18.06,0.1359,0.1756,-0.1074,-0.0608,0.2357,-0.0890
59.5575,222.36,-1082.29,63.68,-52.21,83.05,-10.99,0.1383,0.1718,-0.1019,-0.0503,0.2332,-0.1024
59.6006,223.12,-1082.59,63.48,-52.82,77.21,-7.51,0.1367,0.1685,-0.0986,-0.0419,0.2283,-0.1075
59.6432,223.75,-1082.93,63.33,-53.16,72.47,-4.49,0.1315,0.1651,-0.0991,-0.0382,0.2257,-0.1082
59.6847,224.26,-1083.36,63.26,-53.41,69.20,-2.55,0.1265,0.1610,-0.1027,-0.0381,0.2265,-0.1068
59.7268,224.66,-1083.77,63.28,-53.60,66.61,-0.20,0.1225,0.1556,-0.1106,-0.0407,0.2287,-0.1042
59.7688,224.90,-1084.20,63.33,-53.54,64.68,1.32,0.1200,0.1488,-0.1213,-0.0414,0.2311,-0.1022
59.8112,225.02,-1084.59,63.44,-53.74,62.97,3.05,0.1200,0.1379,-0.1346,-0.0422,0.2336,-0.1008
59.8531,224.97,-1084.84,63.52,-53.53,61.23,4.71,0.1213,0.1203,-0.1498,-0.0410,0.2358,-0.0990
59.8949,224.78,-1084.89,63.59,-53.30,59.26,6.81,0.1267,0.0918,-0.1669,-0.0397,0.2376,-0.0993
59.9365,224.45,-1084.73,63.61,-53.00,57.46,8.82,0.1381,0.0534,-0.1831,-0.0382,0.2388,-0.1008
59.9786,224.02,-1084.38,63.58,-52.65,56.28,10.42,0.1563,0.0084,-0.1972,-0.0377,0.2403,-0.1032
60.0204,223.53,-1083.88,63.49,-52.44,55.55,11.92,0.1771,-0.0426,-0.2044,-0.0374,0.2415,-0.1068
60.0629,223.04,-1083.29,63.40,-52.48,55.47,12.69,0.1960,-0.0972,-0.2022,-0.0381,0.2412,-0.1109
60.1042,222.60,-1082.59,63.30,-52.28,55.91,13.21,0.2123,-0.1506,-0.1834,-0.0397,0.2404,-0.1144
60.1461,222.24,-1081.91,63.22,-51.82,57.02,13.46,0.2212,-0.1949,-0.1508,-0.0412,0.2390,-0.1178
60.1881,221.87,-1081.41,63.16,-51.79,58.12,12.90,0.2294,-0.2234,-0.1028,-0.0422,0.2377,-0.1211
60.2300,221.59,-1081.14,63.17,-51.87,59.24,11.97,0.2409,-0.2363,-0.0473,-0.0425,0.2382,-0.1254
60.2719,221.25,-1081.13,63.33,-52.14,59.52,11.04,0.2464,-0.2333,0.0085,-0.0429,0.2410,-0.1298
60.3137,220.87,-1081.20,63.60,-51.90,58.56,10.92,0.2464,-0.2166,0.0564,-0.0407,0.2438,-0.1341
60.3554,220.56,-1081.31,63.96,-51.04,58.75,11.53,0.2434,-0.1897,0.0975,-0.0374,0.2445,-0.1374
60.3974,220.19,-1081.47,64.24,-50.08,59.40,11.25,0.2360,-0.1495,0.1286,-0.0330,0.2429,-0.1389
60.4393,219.83,-1081.81,64.49,-49.99,60.34,10.87,0.2237,-0.0980,0.1443,-0.0284,0.2413,-0.1394
60.4810,219.57,-1082.20,64.67,-49.53,61.23,10.62,0.2107,-0.0462,0.1499,-0.0247,0.2395,-0.1390
60.5226,219.29,-1082.69,64.90,-49.65,61.64,10.57,0.1968,0.0060,0.1413,-0.0209,0.2377,-0.1385
60.5640,219.08,-1083.05,65.10,-49.37,62.64,10.65,0.1811,0.0542,0.1217,-0.0185,0.2338,-0.1381
60.6059,218.87,-1083.35,65.28,-48.83,64.10,10.08,0.1639,0.0970,0.0915,-0.0173,0.2294,-0.1375
60.6477,218.69,-1083.62,65.56,-48.63,66.51,9.15,0.1472,0.1320,0.0543,-0.0169,0.2250,-0.1389
60.6898,218.53,-1083.66,65.86,-47.63,68.80,6.53,0.1306,0.1540,0.0192,-0.0177,0.2181,-0.1426
60.7316,218.35,-1083.73,66.16,-46.04,71.82,4.06,0.1156,0.1730,-0.0184,-0.0184,0.2108,-0.1493
60.7719,218.08,-1083.78,66.43,-44.90,74.80,1.13,0.1041,0.1860,-0.0547,-0.0203,0.2031,-0.1561
60.8123,217.75,-1083.83,66.63,-44.07,77.96,-0.75,0.0952,0.1912,-0.0864,-0.0234,0.1968,-0.1614
60.8529,217.37,-1083.80,66.77,-43.17,80.94,-2.78,0.0912,0.1933,-0.1092,-0.0279,0.1913,-0.1658
60.8939,217.06,-1083.83,66.92,-42.35,82.76,-3.25,0.0892,0.1940,-0.1241,-0.0354,0.1878,-0.1687
60.9353,216.73,-1083.87,67.09,-41.59,84.56,-3.01,0.0906,0.1955,-0.1417,-0.0435,0.1858,-0.1712
60.9770,216.41,-1083.97,67.33,-41.13,87.01,-3.97,0.0943,0.1932,-0.1500,-0.0547,0.1840,-0.1708
61.0182,216.06,-1084.01,67.61,-40.04,91.13,-6.46,0.0953,0.1935,-0.1525,-0.0669,0.1815,-0.1677
61.0606,215.88,-1084.18,67.93,-39.26,95.84,-9.71,0.0926,0.1954,-0.1529,-0.0828,0.1749,-0.1618
61.1020,215.76,-1084.27,68.31,-37.86,101.46,-13.15,0.0908,0.1965,-0.1503,-0.1036,0.1616,-0.1547
61.1440,215.75,-1084.49,68.70,-36.57,107.30,-17.28,0.0897,0.1998,-0.1500,-0.1300,0.1424,-0.1473
61.1852,215.85,-1084.64,69.06,-35.11,113.22,-20.57,0.0889,0.2031,-0.1507,-0.1617,0.1167,-0.1374
61.2267,215.88,-1084.72,69.54,-32.59,118.93,-23.64,0.0881,0.2058,-0.1544,-0.1936,0.0861,-0.1249
61.2684,216.10,-1084.78,69.86,-30.31,124.37,-26.53,0.0859,0.2091,-0.1597,-0.2269,0.0499,-0.1060
61.3103,216.32,-1084.69,70.14,-28.03,128.77,-29.38,0.0853,0.2106,-0.1660,-0.2537,0.0072,-0.0809
61.3528,216.67,-1084.59,70.28,-26.13,132.03,-31.52,0.0846,0.2118,-0.1734,-0.2702,-0.0387,-0.0504
61.3949,216.96,-1084.39,70.37,-24.34,134.51,-33.51,0.0853,0.2116,-0.1811,-0.2759,-0.0825,-0.0158
61.4361,217.34,-1084.20,70.41,-22.81,136.15,-35.51,0.0852,0.2119,-0.1889,-0.2696,-0.1199,0.0244
61.4772,217.74,-1083.98,70.36,-21.72,137.17,-36.89,0.0845,0.2122,-0.1959,-0.2547,-0.1434,0.0645
61.5189,218.18,-1083.85,70.23,-21.00,137.48,-38.29,0.0832,0.2131,-0.2014,-0.2386,-0.1469,0.1011
61.5607,218.67,-1083.79,69.97,-21.26,137.68,-39.13,0.0812,0.2130,-0.2050,-0.2252,-0.1371,0.1318
61.6026,219.16,-1083.72,69.66,-21.72,137.22,-39.76,0.0789,0.2119,-0.2065,-0.2139,-0.1116,0.1547
61.6451,219.63,-1083.72,69.32,-22.64,136.11,-40.59,0.0764,0.2106,-0.2066,-0.2049,-0.0708,0.1681
61.6863,220.06,-1083.72,68.88,-23.87,134.91,-40.94,0.0763,0.2081,-0.2032,-0.1963,-0.0256,0.1717
61.7283,220.45,-1083.79,68.39,-25.74,133.54,-41.15,0.0770,0.2064,-0.1974,-0.1877,0.0248,0.1646
61.7701,220.80,-1083.95,67.82,-27.93,132.18,-41.64,0.0778,0.2050,-0.1903,-0.1783,0.0789,0.1444
61.8125,221.14,-1084.11,67.29,-30.72,130.45,-41.16,0.0798,0.2036,-0.1828,-0.1675,0.1291,0.1093
61.8542,221.40,-1084.15,66.85,-33.01,127.86,-40.97,0.0819,0.2021,-0.1766,-0.1536,0.1733,0.0686
61.8957,221.60,-1084.19,66.40,-35.66,124.59,-39.07,0.0850,0.1999,-0.1688,-0.1353,0.2063,0.0263
61.9373,221.71,-1084.06,65.89,-38.42,120.71,-37.44,0.0889,0.1963,-0.1593,-0.1128,0.2250,-0.0104
61.9793,221.82,-1084.00,65.27,-41.98,116.85,-34.35,0.0924,0.1925,-0.1481,-0.0909,0.2324,-0.0365
62.0212,221.99,-1083.90,64.65,-45.95,112.52,-30.88,0.0969,0.1893,-0.1338,-0.0732,0.2328,-0.0563
62.0633,222.08,-1083.75,64.24,-48.17,107.15,-26.16,0.1002,0.1890,-0.1216,-0.0589,0.2303,-0.0737
62.1052,222.30,-1083.82,64.04,-50.57,102.26,-21.64,0.0991,0.1898,-0.1127,-0.0545,0.2299,-0.0853
62.1478,222.43,-1083.87,63.96,-51.16,98.06,-17.50,0.0977,0.1901,-0.1082,-0.0492,0.2304,-0.0909
62.1905,222.62,-1084.01,64.01,-52.21,94.85,-14.56,0.0958,0.1896,-0.1067,-0.0449,0.2261,-0.0914
62.2327,222.72,-1084.09,64.04,-52.18,91.75,-11.95,0.0927,0.1865,-0.1106,-0.0422,0.2248,-0.0912
62.2751,222.80,-1084.28,64.07,-52.49,88.34,-9.35,0.0909,0.1788,-0.1178,-0.0436,0.2258,-0.0900
62.3171,222.82,-1084.40,64.21,-53.08,84.97,-5.68,0.0916,0.1658,-0.1294,-0.0447,0.2273,-0.0905
62.3585,222.75,-1084.31,64.35,-52.66,80.73,-2.49,0.0967,0.1413,-0.1448,-0.0444,0.2300,-0.0909
62.4004,222.62,-1084.22,64.38,-52.38,75.77,2.01,0.1066,0.1092,-0.1641,-0.0416,0.2330,-0.0917
62.4425,222.39,-1084.05,64.39,-52.23,70.89,6.23,0.1246,0.0672,-0.1845,-0.0371,0.2342,-0.0942
62.4846,222.16,-1083.75,64.38,-52.21,66.36,11.11,0.1476,0.0200,-0.2058,-0.0333,0.2350,-0.0981
62.5266,221.86,-1083.25,64.34,-51.14,62.82,14.13,0.1767,-0.0344,-0.2190,-0.0303,0.2353,-0.1026
62.5686,221.58,-1082.86,64.25,-50.69,59.50,17.54,0.2041,-0.0899,-0.2223,-0.0276,0.2367,-0.1077
62.6100,221.28,-1082.37,64.09,-50.23,56.56,20.51,0.2270,-0.1482,-0.2080,-0.0252,0.2375,-0.1128
62.6522,220.96,-1081.98,63.92,-49.88,54.27,23.15,0.2477,-0.1974,-0.1785,-0.0232,0.2386,-0.1178
62.6943,220.69,-1081.58,63.82,-49.29,51.86,25.28,0.2556,-0.2351,-0.1292,-0.0225,0.2399,-0.1228
62.7364,220.37,-1081.28,63.70,-48.15,49.25,27.61,0.2619,-0.2566,-0.0767,-0.0219,0.2410,-0.1270
62.7774,219.91,-1081.23,63.62,-47.64,47.75,29.61,0.2655,-0.2607,-0.0203,-0.0197,0.2422,-0.1318
62.8189,219.43,-1081.19,63.63,-47.46,47.00,30.37,0.2639,-0.2474,0.0343,-0.0179,0.2416,-0.1369
62.8601,219.02,-1081.22,63.68,-46.94,47.71,29.94,0.2591,-0.2183,0.0821,-0.0163,0.2403,-0.1418
62.9014,218.63,-1081.39,63.82,-46.91,49.02,29.36,0.2484,-0.1757,0.1220,-0.0159,0.2384,-0.1454
62.9432,218.28,-1081.65,63.97,-46.77,51.11,27.84,0.2328,-0.1243,0.1507,-0.0159,0.2368,-0.1463
62.9844,217.93,-1082.06,64.15,-46.95,52.39,26.64,0.2140,-0.0688,0.1634,-0.0151,0.2356,-0.1456
63.0262,217.58,-1082.52,64.33,-47.03,54.45,25.13,0.1948,-0.0150,0.1602,-0.0130,0.2341,-0.1443
63.0675,217.21,-1083.06,64.54,-47.63,56.38,23.67,0.1788,0.0377,0.1450,-0.0114,0.2325,-0.1431
63.1093,216.93,-1083.43,64.80,-47.62,58.83,22.54,0.1633,0.0873,0.1206,-0.0101,0.2297,-0.1424
63.1513,216.60,-1083.68,65.06,-47.94,62.13,20.66,0.1494,0.1287,0.0876,-0.0087,0.2254,-0.1421
63.1933,216.33,-1083.65,65.23,-47.40,66.17,17.79,0.1354,0.1617,0.0485,-0.0078,0.2199,-0.1425
63.2354,216.04,-1083.59,65.39,-47.24,70.73,15.21,0.1245,0.1832,0.0040,-0.0083,0.2148,-0.1448
63.2774,215.73,-1083.52,65.45,-47.26,75.02,11.62,0.1160,0.1934,-0.0419,-0.0096,0.2108,-0.1494
63.3189,215.52,-1083.34,65.44,-47.38,80.50,8.40,0.1096,0.1940,-0.0809,-0.0128,0.2049,-0.1552
63.3604,215.19,-1083.06,65.44,-46.84,86.09,2.53,0.1032,0.1919,-0.1072,-0.0145,0.1980,-0.1622
63.4015,214.95,-1082.84,65.58,-45.87,92.11,-2.51,0.1014,0.1899,-0.1278,-0.0190,0.1929,-0.1693
63.4426,214.77,-1082.85,65.73,-44.68,97.94,-7.59,0.1022,0.1899,-0.1422,-0.0266,0.1901,-0.1734
63.4837,214.71,-1082.89,66.04,-43.70,103.38,-12.32,0.1009,0.1883,-0.1503,-0.0385,0.1853,-0.1759
63.5254,214.78,-1083.03,66.43,-42.00,107.99,-16.77,0.0968,0.1882,-0.1563,-0.0563,0.1791,-0.1753
63.5672,214.94,-1083.25,66.97,-40.16,112.53,-20.19,0.0929,0.1897,-0.1614,-0.0773,0.1718,-0.1736
63.6085,215.25,-1083.49,67.53,-37.99,116.22,-23.22,0.0903,0.1922,-0.1652,-0.1037,0.1597,-0.1697
63.6504,215.61,-1083.62,68.04,-35.59,119.48,-25.63,0.0887,0.1946,-0.1687,-0.1325,0.1403,-0.1638
63.6920,216.03,-1083.72,68.42,-33.55,122.10,-27.59,0.0868,0.1973,-0.1726,-0.1633,0.1145,-0.1560
63.7337,216.46,-1083.64,68.61,-31.94,124.56,-29.20,0.0855,0.1989,-0.1760,-0.1966,0.0821,-0.1462
63.7752,216.90,-1083.44,68.65,-30.65,127.21,-30.93,0.0850,0.1995,-0.1793,-0.2309,0.0454,-0.1352
63.8170,217.34,-1083.14,68.61,-29.42,130.07,-33.39,0.0860,0.2009,-0.1820,-0.2640,0.0011,-0.1193
63.8588,217.80,-1082.68,68.47,-28.13,132.61,-35.48,0.0872,0.2026,-0.1838,-0.2915,-0.0459,-0.0965
63.9003,218.22,-1082.23,68.31,-26.65,134.49,-37.87,0.0887,0.2049,-0.1851,-0.3024,-0.0905,-0.0625
63.9423,218.60,-1081.77,68.14,-25.15,136.36,-40.50,0.0895,0.2070,-0.1862,-0.2964,-0.1265,-0.0173
63.9843,218.92,-1081.42,68.03,-23.51,138.02,-42.93,0.0890,0.2087,-0.1880,-0.2815,-0.1466,0.0342
64.0263,219.25,-1081.18,67.93,-22.43,139.28,-45.43,0.0866,0.2098,-0.1893,-0.2608,-0.1472,0.0849
64.0680,219.51,-1080.98,67.87,-21.58,139.52,-46.62,0.0829,0.2092,-0.1909,-0.2366,-0.1311,0.1245
64.1093,219.70,-1080.78,67.79,-21.40,138.61,-46.88,0.0799,0.2075,-0.1919,-0.2154,-0.1022,0.1536
64.1511,219.87,-1080.74,67.67,-21.96,136.90,-46.45,0.0780,0.2055,-0.1915,-0.1971,-0.0597,0.1703
64.1930,220.07,-1080.93,67.49,-23.82,135.52,-45.43,0.0770,0.2036,-0.1900,-0.1791,-0.0072,0.1728
64.2349,220.30,-1081.15,67.34,-25.80,133.59,-44.09,0.0776,0.2014,-0.1862,-0.1609,0.0489,0.1589
64.2771,220.52,-1081.43,67.26,-27.63,131.52,-43.18,0.0798,0.2003,-0.1806,-0.1428,0.1047,0.1305
64.3189,220.78,-1081.75,67.17,-29.50,129.21,-41.60,0.0824,0.2005,-0.1745,-0.1227,0.1576,0.0900
64.3606,221.04,-1081.94,67.11,-31.45,126.56,-40.72,0.0854,0.1994,-0.1681,-0.1024,0.1941,0.0453
64.4023,221.42,-1081.93,66.87,-33.33,123.58,-37.60,0.0880,0.1971,-0.1589,-0.0845,0.2176,0.0088
64.4443,221.90,-1081.76,66.57,-35.44,119.86,-35.53,0.0906,0.1932,-0.1483,-0.0661,0.2261,-0.0272
64.4863,222.49,-1081.72,66.23,-37.82,115.14,-32.38,0.0924,0.1924,-0.1358,-0.0532,0.2316,-0.0601
64.5278,223.10,-1081.57,65.98,-40.09,110.26,-29.24,0.0919,0.1895,-0.1244,-0.0469,0.2307,-0.0865
64.5694,223.84,-1081.54,65.80,-41.89,105.21,-25.53,0.0902,0.1865,-0.1153,-0.0453,0.2298,-0.1046
64.6113,224.44,-1081.51,65.65,-43.35,99.99,-21.47,0.0894,0.1829,-0.1099,-0.0458,0.2282,-0.1130
64.6532,225.02,-1081.66,65.69,-44.49,95.31,-17.98,0.0886,0.1811,-0.1129,-0.0465,0.2273,-0.1203
64.6955,225.37,-1081.72,66.07,-43.85,91.49,-15.04,0.0890,0.1785,-0.1227,-0.0497,0.2253,-0.1274
64.7371,225.58,-1082.09,66.76,-42.28,88.62,-12.78,0.0901,0.1771,-0.1383,-0.0517,0.2249,-0.1379
64.7786,225.50,-1082.60,67.82,-40.38,86.79,-11.19,0.0924,0.1740,-0.1595,-0.0558,0.2235,-0.1514
64.8200,225.35,-1083.31,69.39,-36.51,84.98,-9.51,0.0931,0.1680,-0.1888,-0.0612,0.2214,-0.1715
64.8621,224.92,-1084.29,71.45,-31.67,83.85,-7.34,0.0953,0.1586,-0.2263,-0.0666,0.2148,-0.2013
64.9039,224.43,-1085.40,73.68,-24.82,83.27,-6.09,0.0976,0.1460,-0.2670,-0.0744,0.2025,-0.2367
64.9459,223.78,-1086.83,75.81,-17.93,82.56,-4.70,0.0984,0.1312,-0.3060,-0.0820,0.1877,-0.2759
64.9876,223.06,-1088.37,77.70,-11.75,82.79,-3.82,0.1007,0.1163,-0.3433,-0.0904,0.1723,-0.3144
65.0287,222.31,-1089.87,79.22,-6.00,82.57,-3.48,0.1055,0.1020,-0.3743,-0.0971,0.1557,-0.3521
65.0710,221.50,-1091.32,80.37,-1.48,83.27,-2.72,0.1074,0.0872,-0.4030,-0.1049,0.1385,-0.3834
65.1124,220.76,-1092.64,81.21,2.26,83.63,-2.74,0.1094,0.0730,-0.4263,-0.1090,0.1228,-0.4094
65.1544,220.08,-1093.77,81.72,4.79,83.52,-2.52,0.1123,0.0599,-0.4447,-0.1123,0.1071,-0.4313
65.1960,219.41,-1094.63,82.09,6.73,83.75,-2.17,0.1133,0.0502,-0.4527,-0.1168,0.0903,-0.4475
65.2372,218.74,-1095.25,82.52,8.84,84.61,-1.80,0.1147,0.0460,-0.4575,-0.1147,0.0748,-0.4613
65.2790,218.07,-1095.79,82.63,10.47,85.92,-1.24,0.1182,0.0437,-0.4618,-0.1185,0.0597,-0.4729
65.3208,217.53,-1096.19,82.74,11.20,86.76,-0.66,0.1216,0.0386,-0.4695,-0.1215,0.0479,-0.4858
65.3630,217.04,-1096.50,82.72,11.51,87.36,0.03,0.1246,0.0313,-0.4788,-0.1232,0.0374,-0.4937
65.4050,216.63,-1096.68,82.69,11.46,87.76,0.99,0.1268,0.0208,-0.4891,-0.1253,0.0297,-0.4993
65.4465,216.21,-1096.82,82.69,11.47,88.47,1.82,0.1302,0.0072,-0.4995,-0.1270,0.0244,-0.5016
65.4876,215.87,-1096.93,82.65,11.21,89.47,2.78,0.1338,-0.0076,-0.5071,-0.1279,0.0216,-0.5010
65.5297,215.58,-1097.05,82.57,10.99,90.72,3.46,0.1365,-0.0197,-0.5086,-0.1287,0.0224,-0.4987
65.5716,215.39,-1097.21,82.50,10.73,91.94,3.81,0.1383,-0.0259,-0.5075,-0.1286,0.0266,-0.4961
65.6137,215.28,-1097.39,82.35,10.36,92.97,3.68,0.1401,-0.0262,-0.5057,-0.1281,0.0312,-0.4927
65.6552,215.28,-1097.54,82.31,10.42,93.34,3.24,0.1414,-0.0246,-0.5044,-0.1281,0.0357,-0.4910
65.6965,215.32,-1097.79,82.20,10.39,93.61,3.43,0.1443,-0.0216,-0.5021,-0.1278,0.0407,-0.4896
65.7382,215.36,-1098.07,82.10,10.28,93.85,3.23,0.1473,-0.0168,-0.5015,-0.1265,0.0440,-0.4889
65.7802,215.35,-1098.35,82.03,10.27,94.08,3.36,0.1487,-0.0102,-0.5008,-0.1242,0.0474,-0.4891
65.8222,215.37,-1098.56,82.05,11.15,94.43,3.73,0.1491,-0.0037,-0.5001,-0.1222,0.0492,-0.4902
65.8643,215.40,-1098.86,81.99,11.34,94.62,4.18,0.1485,0.0038,-0.4985,-0.1198,0.0513,-0.4899
65.9057,215.44,-1099.13,81.94,11.41,94.84,4.42,0.1472,0.0108,-0.4963,-0.1172,0.0532,-0.4897
65.9475,215.50,-1099.41,81.86,11.27,95.04,4.36,0.1447,0.0174,-0.4940,-0.1147,0.0554,-0.4891
65.9896,215.56,-1099.65,81.86,11.46,95.14,4.07,0.1426,0.0233,-0.4927,-0.1125,0.0577,-0.4887
66.0311,215.63,-1099.90,81.81,11.61,95.05,3.75,0.1404,0.0285,-0.4912,-0.1110,0.0598,-0.4879
66.0730,215.72,-1100.11,81.81,11.87,94.78,3.68,0.1375,0.0326,-0.4906,-0.1112,0.0612,-0.4878
66.1148,215.79,-1100.32,81.82,12.13,94.36,3.67,0.1346,0.0358,-0.4896,-0.1118,0.0622,-0.4879
66.1563,215.84,-1100.51,81.84,12.29,94.08,3.74,0.1319,0.0377,-0.4886,-0.1124,0.0629,-0.4878
66.1984,215.88,-1100.72,81.77,12.14,93.95,3.92,0.1316,0.0390,-0.4955,-0.1138,0.0626,-0.4870
