ArmSpan,146.70
Timestamp,HeadX,HeadY,HeadZ,HeadPitch,HeadYaw,HeadRoll,LeftX_norm,LeftY_norm,LeftZ_norm,RightX_norm,RightY_norm,RightZ_norm
0.0422,268.23,-1108.10,80.29,-0.85,95.45,-0.52,0.4413,0.0112,-0.2033,-0.4498,-0.0162,-0.1767
0.0842,268.26,-1108.08,80.24,-1.07,95.48,-0.59,0.4414,0.0137,-0.2031,-0.4500,-0.0146,-0.1762
0.1262,268.30,-1108.09,80.18,-1.39,95.41,-0.81,0.4392,0.0168,-0.2020,-0.4493,-0.0120,-0.1755
0.1681,268.34,-1108.11,80.15,-1.55,95.35,-0.96,0.4376,0.0213,-0.2006,-0.4490,-0.0089,-0.1749
0.2098,268.41,-1108.15,80.08,-1.89,95.28,-1.02,0.4355,0.0276,-0.1984,-0.4484,-0.0046,-0.1733
0.2515,268.47,-1108.19,80.04,-2.12,95.16,-1.27,0.4323,0.0338,-0.1970,-0.4472,0.0006,-0.1708
0.2935,268.54,-1108.26,79.98,-2.46,95.01,-1.49,0.4287,0.0424,-0.1943,-0.4452,0.0084,-0.1657
0.3353,268.60,-1108.32,79.94,-2.59,94.82,-1.69,0.4233,0.0518,-0.1901,-0.4418,0.0168,-0.1603
0.3772,268.66,-1108.43,79.85,-2.99,94.69,-1.97,0.4170,0.0640,-0.1833,-0.4378,0.0267,-0.1535
0.4192,268.73,-1108.53,79.80,-3.40,94.61,-2.25,0.4079,0.0778,-0.1748,-0.4308,0.0391,-0.1448
0.4604,268.80,-1108.64,79.74,-3.55,94.56,-2.56,0.3972,0.0924,-0.1651,-0.4211,0.0519,-0.1353
0.5021,268.87,-1108.79,79.66,-3.95,94.55,-2.86,0.3840,0.1086,-0.1535,-0.4081,0.0664,-0.1255
0.5440,268.94,-1108.95,79.59,-4.12,94.54,-3.28,0.3680,0.1247,-0.1420,-0.3915,0.0808,-0.1165
0.5859,268.99,-1109.17,79.52,-4.44,94.58,-3.49,0.3497,0.1401,-0.1303,-0.3709,0.0944,-0.1087
0.6278,269.03,-1109.40,79.48,-4.54,94.65,-3.78,0.3302,0.1549,-0.1203,-0.3497,0.1076,-0.1028
0.6692,269.08,-1109.68,79.45,-4.55,94.76,-3.88,0.3094,0.1688,-0.1112,-0.3277,0.1198,-0.0982
0.7113,269.12,-1110.00,79.41,-4.67,94.96,-3.95,0.2877,0.1818,-0.1040,-0.3057,0.1311,-0.0949
0.7529,269.14,-1110.32,79.40,-4.60,95.25,-3.90,0.2655,0.1944,-0.0986,-0.2833,0.1425,-0.0925
0.7946,269.17,-1110.67,79.35,-4.61,95.57,-3.96,0.2427,0.2060,-0.0942,-0.2614,0.1534,-0.0911
0.8364,269.19,-1111.01,79.31,-4.52,95.83,-4.09,0.2192,0.2160,-0.0912,-0.2405,0.1645,-0.0913
0.8778,269.22,-1111.36,79.29,-4.45,96.08,-4.21,0.1955,0.2260,-0.0896,-0.2199,0.1764,-0.0930
0.9195,269.25,-1111.70,79.29,-4.28,96.22,-4.20,0.1723,0.2348,-0.0897,-0.1997,0.1880,-0.0956
0.9613,269.28,-1112.06,79.27,-4.28,96.47,-4.14,0.1496,0.2432,-0.0903,-0.1800,0.2001,-0.0984
1.0028,269.29,-1112.37,79.28,-4.06,96.59,-4.31,0.1281,0.2499,-0.0920,-0.1603,0.2106,-0.1024
1.0451,269.32,-1112.67,79.28,-3.81,96.79,-4.30,0.1089,0.2556,-0.0955,-0.1439,0.2194,-0.1075
1.0869,269.36,-1112.95,79.28,-3.66,96.88,-4.51,0.0926,0.2611,-0.0997,-0.1299,0.2289,-0.1132
1.1282,269.40,-1113.20,79.30,-3.59,96.87,-4.68,0.0797,0.2663,-0.1060,-0.1179,0.2370,-0.1195
1.1701,269.45,-1113.39,79.30,-3.48,96.87,-4.62,0.0694,0.2711,-0.1129,-0.1082,0.2441,-0.1259
1.2126,269.48,-1113.59,79.26,-3.72,96.89,-4.68,0.0616,0.2758,-0.1204,-0.1013,0.2512,-0.1335
1.2540,269.51,-1113.67,79.23,-3.75,96.89,-4.85,0.0551,0.2791,-0.1283,-0.0968,0.2567,-0.1416
1.2954,269.54,-1113.77,79.21,-4.09,96.95,-5.01,0.0524,0.2829,-0.1350,-0.0951,0.2622,-0.1503
1.3372,269.56,-1113.82,79.20,-3.94,97.14,-5.04,0.0507,0.2850,-0.1405,-0.0939,0.2656,-0.1581
1.3791,269.57,-1113.80,79.24,-3.86,97.40,-5.32,0.0489,0.2861,-0.1456,-0.0939,0.2664,-0.1661
1.4206,269.56,-1113.73,79.31,-3.70,97.94,-5.53,0.0491,0.2875,-0.1484,-0.0957,0.2658,-0.1719
1.4626,269.57,-1113.54,79.41,-3.63,98.74,-5.90,0.0462,0.2863,-0.1522,-0.0976,0.2613,-0.1762
1.5039,269.59,-1113.28,79.54,-3.50,99.70,-6.31,0.0428,0.2848,-0.1551,-0.0996,0.2536,-0.1817
1.5457,269.65,-1112.94,79.65,-2.99,100.96,-6.76,0.0420,0.2856,-0.1564,-0.1067,0.2415,-0.1870
1.5872,269.76,-1112.53,79.69,-3.01,102.68,-6.89,0.0430,0.2865,-0.1567,-0.1195,0.2242,-0.1929
1.6294,269.91,-1111.93,79.74,-2.70,104.44,-7.72,0.0437,0.2882,-0.1577,-0.1394,0.2004,-0.1989
1.6710,270.15,-1111.25,79.72,-2.77,106.44,-8.73,0.0444,0.2888,-0.1582,-0.1643,0.1717,-0.2029
1.7128,270.51,-1110.39,79.66,-3.02,108.71,-9.85,0.0451,0.2894,-0.1590,-0.1949,0.1356,-0.2018
1.7544,270.90,-1109.38,79.52,-3.37,110.92,-11.43,0.0455,0.2880,-0.1592,-0.2284,0.0950,-0.1947
1.7958,271.34,-1108.25,79.39,-3.76,113.05,-12.90,0.0454,0.2849,-0.1604,-0.2619,0.0506,-0.1787
1.8380,271.81,-1107.04,79.27,-3.76,114.80,-14.66,0.0435,0.2807,-0.1625,-0.2896,0.0046,-0.1524
1.8794,272.31,-1105.89,79.07,-3.75,116.06,-15.93,0.0401,0.2762,-0.1651,-0.3088,-0.0369,-0.1142
1.9215,272.85,-1104.85,78.93,-3.69,116.65,-16.82,0.0346,0.2725,-0.1688,-0.3143,-0.0683,-0.0677
1.9630,273.38,-1104.04,78.63,-3.89,116.91,-17.37,0.0284,0.2695,-0.1704,-0.3074,-0.0861,-0.0192
2.0044,273.82,-1103.45,78.43,-4.27,116.60,-17.66,0.0209,0.2672,-0.1721,-0.2938,-0.0854,0.0247
2.0459,274.22,-1103.10,78.32,-4.25,115.61,-17.71,0.0126,0.2648,-0.1735,-0.2778,-0.0662,0.0592
2.0879,274.57,-1103.03,78.32,-4.08,114.68,-16.79,0.0046,0.2635,-0.1748,-0.2627,-0.0337,0.0825
2.1298,274.84,-1103.19,78.39,-3.92,113.50,-16.54,-0.0018,0.2625,-0.1764,-0.2464,0.0087,0.0970
2.1715,275.08,-1103.41,78.43,-3.99,111.99,-15.43,-0.0063,0.2607,-0.1777,-0.2272,0.0591,0.1014
2.2136,275.30,-1103.74,78.26,-4.78,110.38,-14.14,-0.0090,0.2588,-0.1781,-0.2052,0.1080,0.0932
2.2554,275.48,-1104.07,77.96,-6.75,108.46,-12.74,-0.0098,0.2559,-0.1794,-0.1823,0.1526,0.0766
2.2973,275.61,-1104.30,77.60,-9.19,105.91,-11.78,-0.0082,0.2508,-0.1818,-0.1583,0.1924,0.0519
2.3395,275.74,-1104.40,77.16,-11.97,102.86,-10.47,-0.0053,0.2448,-0.1850,-0.1357,0.2249,0.0225
2.3810,275.80,-1104.19,76.91,-13.79,99.31,-9.44,0.0008,0.2358,-0.1907,-0.1159,0.2493,-0.0105
2.4228,275.84,-1103.81,76.61,-15.19,95.44,-7.80,0.0091,0.2259,-0.1960,-0.0992,0.2645,-0.0412
2.4641,275.73,-1103.29,76.33,-16.46,91.60,-6.22,0.0209,0.2149,-0.2014,-0.0836,0.2753,-0.0672
2.5062,275.57,-1102.53,76.07,-17.49,87.60,-4.38,0.0370,0.1993,-0.2079,-0.0707,0.2796,-0.0898
2.5482,275.17,-1101.81,75.71,-19.00,83.93,-2.16,0.0600,0.1804,-0.2152,-0.0583,0.2833,-0.1106
2.5902,274.68,-1100.84,75.47,-20.13,80.32,0.08,0.0893,0.1543,-0.2251,-0.0510,0.2847,-0.1281
2.6320,274.11,-1099.94,75.21,-20.74,77.91,2.57,0.1213,0.1259,-0.2362,-0.0444,0.2869,-0.1459
2.6735,273.45,-1098.95,75.08,-21.41,75.56,3.17,0.1547,0.0860,-0.2436,-0.0407,0.2863,-0.1609
2.7156,272.90,-1097.93,74.89,-21.60,73.76,4.09,0.1815,0.0350,-0.2471,-0.0360,0.2849,-0.1753
2.7571,272.36,-1096.86,74.79,-21.97,72.64,4.95,0.2056,-0.0215,-0.2415,-0.0348,0.2803,-0.1868
2.7991,271.96,-1095.89,74.55,-21.75,71.62,5.85,0.2223,-0.0767,-0.2252,-0.0345,0.2790,-0.1964
2.8410,271.77,-1095.11,74.37,-22.49,69.82,7.36,0.2352,-0.1237,-0.2009,-0.0387,0.2779,-0.2041
2.8822,271.66,-1094.41,74.13,-22.75,67.33,9.30,0.2486,-0.1646,-0.1619,-0.0446,0.2782,-0.2085
2.9240,271.52,-1093.83,73.98,-22.96,65.35,10.36,0.2574,-0.1963,-0.1114,-0.0498,0.2792,-0.2117
2.9658,271.27,-1093.41,73.85,-23.04,63.87,11.18,0.2581,-0.2198,-0.0522,-0.0536,0.2803,-0.2134
3.0077,270.98,-1093.10,73.76,-23.10,62.82,11.55,0.2513,-0.2304,0.0035,-0.0559,0.2823,-0.2142
3.0496,270.64,-1092.86,73.71,-23.07,61.96,12.09,0.2361,-0.2276,0.0531,-0.0571,0.2836,-0.2123
3.0907,270.23,-1092.71,73.64,-22.84,61.51,12.77,0.2195,-0.2086,0.0936,-0.0549,0.2839,-0.2090
3.1321,269.78,-1092.61,73.55,-22.51,61.00,13.02,0.2073,-0.1789,0.1258,-0.0507,0.2835,-0.2043
3.1742,269.22,-1092.74,73.46,-22.67,60.79,13.41,0.1980,-0.1370,0.1479,-0.0444,0.2830,-0.1986
3.2160,268.61,-1092.77,73.44,-22.60,61.53,13.71,0.1910,-0.0917,0.1574,-0.0360,0.2786,-0.1941
3.2582,267.93,-1092.94,73.42,-22.51,63.31,13.40,0.1878,-0.0429,0.1565,-0.0265,0.2734,-0.1920
3.2997,267.28,-1093.20,73.46,-22.79,65.88,12.85,0.1857,0.0058,0.1443,-0.0197,0.2683,-0.1902
3.3413,266.68,-1093.63,73.57,-22.99,69.07,11.62,0.1843,0.0553,0.1233,-0.0133,0.2644,-0.1892
3.3833,266.19,-1094.08,73.87,-23.30,72.81,10.55,0.1835,0.1074,0.0936,-0.0082,0.2596,-0.1893
3.4250,265.75,-1094.45,74.25,-22.54,76.92,8.59,0.1807,0.1527,0.0557,-0.0034,0.2543,-0.1897
3.4670,265.39,-1094.91,74.61,-21.95,81.69,6.55,0.1731,0.1907,0.0132,-0.0008,0.2489,-0.1884
3.5089,265.10,-1095.19,74.96,-21.04,87.59,4.10,0.1621,0.2201,-0.0320,-0.0003,0.2429,-0.1864
3.5506,264.92,-1095.47,75.28,-19.91,93.54,0.86,0.1469,0.2369,-0.0705,-0.0045,0.2347,-0.1857
3.5923,264.80,-1095.53,75.62,-17.99,100.62,-1.86,0.1335,0.2501,-0.0998,-0.0151,0.2213,-0.1868
3.6342,264.90,-1095.75,75.83,-16.81,108.05,-5.62,0.1199,0.2627,-0.1270,-0.0321,0.2064,-0.1908
3.6764,265.14,-1095.69,76.11,-14.59,115.91,-9.33,0.1109,0.2684,-0.1478,-0.0601,0.1830,-0.1974
3.7179,265.64,-1095.66,76.16,-12.64,123.42,-13.28,0.1014,0.2774,-0.1642,-0.0938,0.1528,-0.2030
3.7590,266.18,-1095.41,76.22,-10.51,130.63,-17.00,0.0922,0.2827,-0.1748,-0.1311,0.1133,-0.2062
3.8000,266.75,-1095.01,76.17,-7.70,136.90,-20.87,0.0814,0.2867,-0.1815,-0.1731,0.0685,-0.2041
3.8422,267.29,-1094.52,75.93,-5.67,142.79,-24.40,0.0712,0.2893,-0.1840,-0.2154,0.0210,-0.1925
3.8841,267.80,-1093.94,75.57,-4.05,147.81,-27.80,0.0618,0.2896,-0.1851,-0.2505,-0.0309,-0.1681
3.9261,268.19,-1093.24,75.08,-2.81,151.41,-31.03,0.0544,0.2884,-0.1846,-0.2747,-0.0814,-0.1328
3.9680,268.50,-1092.61,74.65,-2.43,153.68,-33.56,0.0481,0.2877,-0.1839,-0.2866,-0.1285,-0.0859
4.0098,268.74,-1091.98,74.13,-2.23,155.02,-35.47,0.0431,0.2853,-0.1810,-0.2847,-0.1631,-0.0322
4.0515,268.98,-1091.33,73.63,-2.82,155.24,-37.03,0.0393,0.2822,-0.1783,-0.2697,-0.1804,0.0235
4.0935,269.14,-1090.77,73.08,-3.69,154.43,-38.51,0.0368,0.2802,-0.1747,-0.2517,-0.1816,0.0764
4.1353,269.31,-1090.50,72.38,-6.16,153.66,-40.09,0.0348,0.2787,-0.1685,-0.2363,-0.1614,0.1234
4.1770,269.55,-1090.38,71.61,-9.86,153.03,-40.68,0.0322,0.2761,-0.1604,-0.2216,-0.1282,0.1582
4.2187,269.75,-1090.18,70.87,-13.66,151.01,-41.54,0.0320,0.2706,-0.1515,-0.2079,-0.0889,0.1792
4.2607,270.07,-1090.06,70.10,-17.76,148.28,-41.08,0.0322,0.2643,-0.1436,-0.1977,-0.0438,0.1905
4.3028,270.43,-1090.05,69.32,-22.19,144.96,-40.40,0.0351,0.2580,-0.1355,-0.1891,0.0080,0.1858
4.3447,270.87,-1090.12,68.64,-27.04,140.68,-38.56,0.0402,0.2527,-0.1276,-0.1810,0.0600,0.1713
4.3864,271.37,-1090.27,68.28,-30.81,135.92,-35.84,0.0471,0.2476,-0.1200,-0.1694,0.1067,0.1462
4.4287,272.06,-1090.24,68.05,-34.17,129.08,-31.45,0.0506,0.2380,-0.1145,-0.1549,0.1451,0.1126
4.4698,272.73,-1090.11,68.04,-35.96,120.78,-27.64,0.0538,0.2271,-0.1120,-0.1381,0.1723,0.0728
4.5115,273.48,-1090.12,68.15,-37.88,111.49,-22.34,0.0581,0.2159,-0.1109,-0.1234,0.1940,0.0369
4.5537,273.96,-1090.20,68.36,-38.83,101.46,-17.95,0.0646,0.2064,-0.1108,-0.1081,0.2138,0.0017
4.5956,274.30,-1090.54,68.76,-39.33,92.40,-11.95,0.0696,0.2013,-0.1123,-0.0946,0.2304,-0.0342
4.6372,274.44,-1090.64,69.11,-38.38,84.31,-7.07,0.0744,0.1955,-0.1167,-0.0827,0.2436,-0.0683
4.6790,274.37,-1091.00,69.44,-37.58,77.71,-2.65,0.0809,0.1917,-0.1237,-0.0709,0.2531,-0.0977
4.7209,274.19,-1091.19,69.68,-37.18,72.31,1.41,0.0874,0.1863,-0.1347,-0.0580,0.2588,-0.1226
4.7626,273.91,-1091.38,69.96,-36.05,68.37,4.53,0.0954,0.1773,-0.1464,-0.0474,0.2611,-0.1396
4.8045,273.68,-1091.28,70.23,-35.12,65.33,6.61,0.1044,0.1639,-0.1619,-0.0393,0.2607,-0.1521
4.8463,273.36,-1091.21,70.45,-33.97,63.61,7.80,0.1175,0.1438,-0.1739,-0.0337,0.2624,-0.1613
4.8877,273.06,-1090.98,70.56,-33.22,62.42,8.29,0.1316,0.1183,-0.1849,-0.0308,0.2613,-0.1680
4.9294,272.72,-1090.82,70.51,-33.36,61.51,8.51,0.1486,0.0866,-0.1927,-0.0275,0.2627,-0.1731
4.9712,272.42,-1090.42,70.44,-33.86,61.07,9.17,0.1677,0.0470,-0.1951,-0.0274,0.2608,-0.1780
5.0133,272.13,-1090.03,70.20,-33.77,60.12,9.27,0.1876,0.0037,-0.1936,-0.0293,0.2607,-0.1813
5.0549,271.88,-1089.63,70.06,-34.35,58.82,10.66,0.2074,-0.0428,-0.1870,-0.0305,0.2618,-0.1863
5.0969,271.74,-1089.02,70.00,-33.70,58.07,11.63,0.2225,-0.0938,-0.1727,-0.0331,0.2602,-0.1917
5.1381,271.63,-1088.61,69.88,-32.99,57.40,12.57,0.2285,-0.1426,-0.1515,-0.0362,0.2597,-0.1970
5.1804,271.56,-1088.40,69.77,-33.19,56.94,13.70,0.2307,-0.1832,-0.1212,-0.0401,0.2609,-0.2022
5.2224,271.51,-1088.29,69.67,-33.85,56.58,13.96,0.2295,-0.2137,-0.0794,-0.0452,0.2622,-0.2059
5.2641,271.49,-1088.30,69.54,-34.06,56.50,14.01,0.2245,-0.2304,-0.0312,-0.0491,0.2640,-0.2072
5.3057,271.44,-1088.34,69.48,-34.52,55.89,13.71,0.2177,-0.2392,0.0189,-0.0517,0.2653,-0.2067
5.3474,271.38,-1088.51,69.43,-34.62,54.76,13.72,0.2096,-0.2401,0.0693,-0.0538,0.2676,-0.2050
5.3891,271.28,-1088.73,69.38,-34.76,53.45,15.06,0.2006,-0.2299,0.1135,-0.0549,0.2702,-0.2029
5.4307,271.04,-1088.98,69.32,-35.26,52.73,15.80,0.1934,-0.2080,0.1504,-0.0544,0.2721,-0.2002
5.4729,270.74,-1089.25,69.29,-35.30,52.73,15.60,0.1908,-0.1735,0.1807,-0.0515,0.2729,-0.1976
5.5146,270.35,-1089.54,69.32,-35.89,53.20,15.42,0.1883,-0.1330,0.2002,-0.0470,0.2716,-0.1948
5.5563,269.94,-1089.79,69.32,-36.02,54.62,14.72,0.1859,-0.0892,0.2092,-0.0415,0.2682,-0.1919
5.5979,269.53,-1090.10,69.36,-36.52,55.91,14.68,0.1852,-0.0406,0.2076,-0.0366,0.2651,-0.1894
5.6396,269.06,-1090.40,69.41,-36.89,57.85,14.01,0.1839,0.0075,0.1935,-0.0316,0.2614,-0.1867
5.6816,268.62,-1090.72,69.48,-37.54,59.96,13.42,0.1815,0.0585,0.1700,-0.0271,0.2567,-0.1835
5.7233,268.19,-1090.89,69.52,-38.49,62.14,12.61,0.1778,0.1046,0.1369,-0.0227,0.2495,-0.1805
5.7649,267.77,-1090.80,69.57,-38.72,65.67,11.87,0.1711,0.1377,0.0993,-0.0222,0.2387,-0.1767
5.8062,267.24,-1090.74,69.67,-39.21,69.89,10.15,0.1637,0.1677,0.0599,-0.0222,0.2293,-0.1739
5.8485,266.66,-1090.48,69.83,-38.90,76.04,7.62,0.1534,0.1898,0.0189,-0.0244,0.2186,-0.1708
5.8903,265.96,-1090.49,70.05,-38.87,82.69,3.60,0.1442,0.2107,-0.0217,-0.0265,0.2131,-0.1679
5.9322,265.38,-1090.39,70.31,-38.08,89.86,0.12,0.1347,0.2292,-0.0627,-0.0288,0.2079,-0.1663
5.9739,264.84,-1090.51,70.69,-37.24,96.12,-3.43,0.1236,0.2428,-0.1013,-0.0320,0.2036,-0.1662
6.0154,264.46,-1090.45,71.05,-35.41,101.72,-5.77,0.1112,0.2496,-0.1356,-0.0353,0.1998,-0.1685
6.0569,264.07,-1090.46,71.48,-33.16,107.30,-7.63,0.0991,0.2526,-0.1582,-0.0418,0.1953,-0.1715
6.0991,263.70,-1090.49,71.78,-30.75,113.44,-10.98,0.0894,0.2560,-0.1738,-0.0499,0.1876,-0.1776
6.1405,263.47,-1090.56,72.03,-28.71,120.56,-14.40,0.0815,0.2575,-0.1825,-0.0661,0.1713,-0.1849
6.1821,263.28,-1090.62,72.26,-25.93,128.32,-18.49,0.0761,0.2606,-0.1876,-0.0885,0.1491,-0.1904
6.2241,263.13,-1090.68,72.40,-22.82,135.98,-22.72,0.0714,0.2655,-0.1918,-0.1170,0.1192,-0.1924
6.2653,263.04,-1090.77,72.44,-19.93,143.61,-26.49,0.0668,0.2692,-0.1932,-0.1503,0.0808,-0.1866
6.3073,262.97,-1090.83,72.36,-17.03,150.69,-29.72,0.0626,0.2729,-0.1919,-0.1844,0.0385,-0.1737
6.3495,262.93,-1090.76,72.22,-14.53,156.93,-32.19,0.0582,0.2752,-0.1904,-0.2171,-0.0079,-0.1521
6.3911,262.86,-1090.65,72.09,-11.93,161.91,-34.48,0.0549,0.2774,-0.1885,-0.2414,-0.0543,-0.1228
6.4332,262.81,-1090.42,71.91,-10.19,165.32,-36.74,0.0532,0.2791,-0.1869,-0.2581,-0.1008,-0.0848
6.4755,262.78,-1090.15,71.78,-8.79,167.49,-38.06,0.0529,0.2789,-0.1864,-0.2594,-0.1411,-0.0396
6.5178,262.80,-1089.92,71.60,-7.79,168.66,-39.66,0.0534,0.2777,-0.1859,-0.2523,-0.1723,0.0070
6.5600,262.94,-1089.70,71.37,-7.54,169.35,-40.45,0.0544,0.2760,-0.1856,-0.2395,-0.1939,0.0524
6.6018,263.10,-1089.52,71.14,-8.16,168.63,-41.74,0.0556,0.2752,-0.1857,-0.2262,-0.2012,0.0916
6.6438,263.42,-1089.50,70.72,-10.06,167.66,-41.35,0.0562,0.2759,-0.1847,-0.2155,-0.1947,0.1262
6.6853,263.94,-1089.55,70.28,-13.27,166.16,-40.41,0.0552,0.2756,-0.1843,-0.2100,-0.1756,0.1582
6.7274,264.55,-1089.57,69.92,-16.36,163.75,-39.06,0.0548,0.2733,-0.1833,-0.2053,-0.1451,0.1820
6.7693,265.33,-1089.55,69.50,-19.58,160.62,-37.47,0.0543,0.2697,-0.1803,-0.2007,-0.1060,0.1963
6.8111,266.05,-1089.48,69.26,-21.84,156.94,-36.70,0.0553,0.2641,-0.1763,-0.1953,-0.0618,0.2020
6.8530,267.06,-1089.39,68.86,-24.67,152.53,-34.90,0.0557,0.2578,-0.1701,-0.1910,-0.0139,0.1973
6.8944,267.91,-1089.32,68.71,-26.78,147.73,-34.01,0.0590,0.2520,-0.1650,-0.1841,0.0346,0.1804
6.9352,269.07,-1089.31,68.42,-29.52,142.25,-31.36,0.0626,0.2455,-0.1577,-0.1779,0.0815,0.1554
6.9767,270.23,-1089.26,68.24,-32.64,135.10,-28.29,0.0665,0.2383,-0.1516,-0.1688,0.1238,0.1239
7.0183,271.44,-1089.03,68.29,-35.22,125.91,-23.58,0.0715,0.2291,-0.1468,-0.1547,0.1592,0.0885
7.0597,272.47,-1088.82,68.44,-35.99,117.16,-20.05,0.0788,0.2191,-0.1416,-0.1346,0.1904,0.0492
7.1012,273.54,-1088.82,68.56,-37.36,108.63,-15.99,0.0841,0.2114,-0.1378,-0.1144,0.2121,0.0095
7.1427,274.32,-1088.81,68.70,-37.90,100.49,-12.86,0.0883,0.2041,-0.1345,-0.0954,0.2309,-0.0299
7.1845,275.10,-1088.92,68.78,-38.70,92.95,-8.36,0.0892,0.1986,-0.1343,-0.0798,0.2426,-0.0688
7.2267,275.61,-1088.93,68.83,-38.72,85.70,-4.68,0.0893,0.1932,-0.1336,-0.0647,0.2493,-0.1027
7.2687,276.09,-1088.97,68.88,-37.88,78.22,1.29,0.0860,0.1886,-0.1383,-0.0524,0.2509,-0.1292
7.3104,276.27,-1088.97,68.99,-37.44,72.90,5.17,0.0891,0.1834,-0.1427,-0.0420,0.2496,-0.1485
7.3516,276.36,-1089.08,68.97,-37.08,68.34,8.34,0.0962,0.1803,-0.1484,-0.0357,0.2496,-0.1591
7.3936,276.32,-1089.06,68.84,-37.55,64.52,11.08,0.1046,0.1706,-0.1568,-0.0333,0.2472,-0.1651
7.4354,276.15,-1089.01,68.59,-37.76,61.18,13.23,0.1158,0.1507,-0.1637,-0.0327,0.2467,-0.1674
7.4769,275.79,-1089.08,68.31,-39.36,58.09,15.66,0.1286,0.1217,-0.1714,-0.0298,0.2477,-0.1714
7.5191,275.59,-1088.93,68.05,-39.73,54.71,18.48,0.1453,0.0833,-0.1755,-0.0327,0.2469,-0.1737
7.5608,275.27,-1088.77,67.76,-39.66,51.85,21.14,0.1658,0.0406,-0.1754,-0.0336,0.2485,-0.1771
7.6027,275.00,-1088.64,67.51,-39.98,48.72,23.61,0.1873,-0.0073,-0.1683,-0.0356,0.2488,-0.1807
7.6457,274.79,-1088.42,67.27,-40.08,46.64,25.23,0.2065,-0.0557,-0.1529,-0.0374,0.2492,-0.1835
7.6875,274.68,-1088.15,67.11,-39.88,45.45,25.88,0.2217,-0.1008,-0.1301,-0.0390,0.2485,-0.1871
7.7296,274.61,-1087.99,67.00,-40.23,45.36,26.18,0.2335,-0.1405,-0.0976,-0.0420,0.2481,-0.1898
7.7711,274.60,-1087.83,66.93,-40.13,45.45,25.81,0.2421,-0.1742,-0.0582,-0.0468,0.2485,-0.1913
7.8128,274.65,-1087.77,66.99,-40.51,45.51,26.12,0.2442,-0.1977,-0.0080,-0.0524,0.2491,-0.1914
7.8552,274.71,-1087.74,67.02,-39.75,45.69,26.30,0.2394,-0.2102,0.0462,-0.0586,0.2496,-0.1876
7.8969,274.67,-1087.81,67.11,-39.65,44.98,26.17,0.2294,-0.2150,0.0947,-0.0627,0.2517,-0.1831
7.9389,274.50,-1088.05,67.23,-39.52,44.61,26.24,0.2136,-0.2069,0.1342,-0.0659,0.2539,-0.1774
7.9810,274.30,-1088.32,67.31,-39.47,44.98,25.96,0.2012,-0.1869,0.1644,-0.0670,0.2560,-0.1715
8.0219,273.95,-1088.69,67.39,-39.86,45.10,25.18,0.1910,-0.1545,0.1860,-0.0660,0.2578,-0.1646
8.0637,273.55,-1089.10,67.44,-40.54,46.12,24.23,0.1851,-0.1078,0.1984,-0.0631,0.2584,-0.1580
8.1059,273.22,-1089.52,67.56,-40.63,47.28,23.54,0.1782,-0.0597,0.2013,-0.0602,0.2576,-0.1521
8.1477,272.79,-1089.99,67.65,-40.92,48.26,22.88,0.1721,-0.0104,0.1958,-0.0560,0.2557,-0.1480
8.1897,272.37,-1090.43,67.78,-41.31,49.74,22.86,0.1645,0.0421,0.1814,-0.0521,0.2521,-0.1463
8.2313,271.91,-1090.71,67.94,-41.37,52.04,21.96,0.1568,0.0900,0.1568,-0.0487,0.2462,-0.1460
8.2726,271.36,-1090.95,68.14,-41.26,54.94,20.66,0.1481,0.1289,0.1226,-0.0444,0.2403,-0.1470
8.3141,270.73,-1091.03,68.36,-41.31,59.24,19.21,0.1392,0.1586,0.0831,-0.0397,0.2323,-0.1493
8.3559,269.99,-1091.02,68.66,-40.92,64.95,15.80,0.1316,0.1823,0.0391,-0.0339,0.2219,-0.1545
8.3970,269.28,-1091.04,68.98,-40.52,71.79,12.29,0.1252,0.2019,-0.0072,-0.0286,0.2116,-0.1621
8.4383,268.51,-1091.08,69.32,-40.03,78.62,7.87,0.1227,0.2160,-0.0493,-0.0279,0.2017,-0.1689
8.4792,267.77,-1091.08,69.64,-39.02,86.53,4.08,0.1182,0.2263,-0.0890,-0.0281,0.1948,-0.1755
8.5209,267.14,-1091.11,70.04,-37.96,94.40,-0.35,0.1137,0.2339,-0.1225,-0.0325,0.1882,-0.1810
8.5630,266.49,-1091.08,70.36,-35.64,102.74,-4.71,0.1084,0.2383,-0.1447,-0.0392,0.1839,-0.1854
8.6046,265.96,-1091.23,70.66,-34.44,110.45,-9.48,0.1014,0.2442,-0.1610,-0.0493,0.1806,-0.1899
8.6466,265.41,-1091.25,70.91,-32.09,118.44,-13.45,0.0952,0.2474,-0.1661,-0.0624,0.1723,-0.1920
8.6881,264.96,-1091.47,71.15,-29.96,127.07,-18.28,0.0890,0.2529,-0.1719,-0.0776,0.1595,-0.1934
8.7297,264.68,-1091.55,71.28,-27.01,135.12,-22.32,0.0832,0.2559,-0.1738,-0.0989,0.1361,-0.1918
8.7712,264.59,-1091.73,71.37,-24.64,143.09,-26.33,0.0769,0.2602,-0.1760,-0.1250,0.1043,-0.1883
8.8132,264.65,-1091.76,71.33,-22.30,150.04,-30.00,0.0724,0.2630,-0.1771,-0.1566,0.0631,-0.1812
8.8546,264.82,-1091.76,71.08,-20.17,156.29,-33.40,0.0689,0.2662,-0.1774,-0.1873,0.0135,-0.1671
8.8969,265.08,-1091.69,70.70,-18.45,162.00,-36.39,0.0653,0.2692,-0.1766,-0.2161,-0.0375,-0.1469
8.9393,265.34,-1091.45,70.38,-17.13,165.86,-39.57,0.0627,0.2708,-0.1761,-0.2366,-0.0901,-0.1189
8.9820,265.56,-1091.16,70.04,-15.75,167.96,-40.68,0.0615,0.2716,-0.1751,-0.2465,-0.1378,-0.0831
9.0238,265.84,-1090.96,69.67,-15.11,169.35,-41.93,0.0600,0.2727,-0.1734,-0.2439,-0.1771,-0.0390
9.0656,266.09,-1090.82,69.34,-15.20,169.97,-42.97,0.0594,0.2722,-0.1721,-0.2338,-0.2041,0.0067
9.1078,266.33,-1090.79,69.04,-15.45,170.31,-43.50,0.0591,0.2716,-0.1710,-0.2212,-0.2175,0.0521
9.1488,266.65,-1090.87,68.81,-16.06,170.44,-44.26,0.0588,0.2719,-0.1705,-0.2101,-0.2145,0.0923
9.1911,266.96,-1090.85,68.71,-16.53,169.69,-44.20,0.0597,0.2711,-0.1707,-0.2029,-0.2030,0.1284
9.2331,267.39,-1090.91,68.64,-17.44,167.89,-44.13,0.0605,0.2691,-0.1712,-0.1997,-0.1798,0.1598
9.2748,267.81,-1090.95,68.61,-18.74,165.02,-43.34,0.0623,0.2666,-0.1716,-0.1980,-0.1436,0.1839
9.3167,268.34,-1091.01,68.46,-21.16,161.29,-41.75,0.0651,0.2623,-0.1699,-0.1947,-0.0981,0.1999
9.3582,268.89,-1090.96,68.22,-24.41,156.04,-39.93,0.0678,0.2564,-0.1665,-0.1892,-0.0467,0.2049
9.4000,269.64,-1090.87,67.85,-28.75,149.01,-36.15,0.0711,0.2486,-0.1602,-0.1849,0.0069,0.2002
9.4415,270.48,-1090.84,67.58,-33.17,141.13,-31.25,0.0746,0.2403,-0.1540,-0.1795,0.0596,0.1792
9.4831,271.31,-1090.80,67.40,-36.35,132.26,-27.00,0.0774,0.2315,-0.1485,-0.1734,0.1088,0.1441
9.5243,272.41,-1090.81,67.29,-39.79,121.80,-20.27,0.0790,0.2223,-0.1425,-0.1670,0.1519,0.1006
9.5656,273.32,-1090.82,67.28,-41.82,110.78,-13.68,0.0814,0.2134,-0.1378,-0.1564,0.1836,0.0545
9.6071,274.25,-1091.01,67.26,-43.86,99.77,-6.80,0.0843,0.2050,-0.1329,-0.1408,0.2087,0.0045
9.6490,274.97,-1091.15,67.39,-44.58,90.21,-2.28,0.0871,0.1991,-0.1307,-0.1204,0.2224,-0.0457
9.6911,275.63,-1091.37,67.55,-45.05,82.17,1.35,0.0884,0.1959,-0.1306,-0.1046,0.2302,-0.0852
9.7329,276.01,-1091.49,67.68,-44.02,76.31,3.84,0.0904,0.1940,-0.1325,-0.0909,0.2379,-0.1180
9.7745,276.23,-1091.67,67.85,-44.36,71.99,5.16,0.0915,0.1933,-0.1353,-0.0782,0.2386,-0.1408
9.8160,276.38,-1091.59,67.86,-43.44,69.54,6.19,0.0907,0.1910,-0.1379,-0.0678,0.2369,-0.1513
9.8579,276.33,-1091.61,67.85,-44.10,68.02,5.99,0.0898,0.1879,-0.1428,-0.0587,0.2359,-0.1561
9.8998,276.34,-1091.46,67.64,-43.86,66.65,6.33,0.0877,0.1800,-0.1490,-0.0558,0.2350,-0.1555
9.9416,276.13,-1091.53,67.53,-44.91,65.67,6.95,0.0916,0.1669,-0.1587,-0.0518,0.2373,-0.1565
9.9837,275.92,-1091.44,67.41,-45.70,64.36,7.77,0.0995,0.1480,-0.1676,-0.0511,0.2375,-0.1560
10.0256,275.65,-1091.35,67.36,-45.63,62.90,8.94,0.1119,0.1225,-0.1758,-0.0497,0.2398,-0.1566
10.0677,275.26,-1091.24,67.32,-45.62,60.89,10.14,0.1310,0.0909,-0.1816,-0.0485,0.2411,-0.1577
10.1107,274.79,-1091.08,67.29,-45.57,59.74,11.12,0.1587,0.0579,-0.1830,-0.0473,0.2408,-0.1600
10.1528,274.30,-1090.88,67.25,-45.64,58.64,12.17,0.1909,0.0211,-0.1779,-0.0464,0.2414,-0.1639
10.1951,273.84,-1090.59,67.18,-45.67,58.20,12.61,0.2205,-0.0224,-0.1641,-0.0464,0.2409,-0.1671
10.2369,273.42,-1090.23,67.08,-45.50,57.89,12.63,0.2423,-0.0686,-0.1415,-0.0467,0.2398,-0.1700
10.2791,273.14,-1089.89,67.02,-45.16,57.83,12.95,0.2537,-0.1138,-0.1120,-0.0483,0.2398,-0.1721
10.3211,272.93,-1089.59,67.04,-44.80,58.13,12.83,0.2603,-0.1517,-0.0779,-0.0501,0.2398,-0.1737
10.3632,272.83,-1089.38,67.04,-44.23,58.42,12.61,0.2602,-0.1791,-0.0373,-0.0529,0.2398,-0.1743
10.4045,272.78,-1089.28,67.10,-43.87,58.64,12.20,0.2561,-0.1971,0.0060,-0.0561,0.2411,-0.1741
10.4458,272.74,-1089.38,67.18,-43.54,57.64,12.43,0.2486,-0.1989,0.0494,-0.0613,0.2448,-0.1735
10.4871,272.69,-1089.49,67.31,-43.31,57.07,13.00,0.2401,-0.1895,0.0874,-0.0643,0.2471,-0.1726
10.5280,272.59,-1089.76,67.48,-42.76,55.98,12.89,0.2311,-0.1692,0.1198,-0.0655,0.2495,-0.1716
10.5689,272.42,-1090.05,67.65,-42.36,55.08,13.11,0.2259,-0.1392,0.1461,-0.0660,0.2514,-0.1697
10.6100,272.19,-1090.34,67.74,-42.06,54.99,13.39,0.2189,-0.1033,0.1643,-0.0650,0.2521,-0.1668
10.6519,271.84,-1090.67,67.87,-42.31,55.28,13.37,0.2109,-0.0629,0.1721,-0.0619,0.2518,-0.1644
10.6931,271.48,-1090.90,67.96,-42.19,56.65,13.07,0.2038,-0.0205,0.1728,-0.0588,0.2503,-0.1619
10.7346,271.06,-1091.01,68.01,-42.04,58.15,12.46,0.1941,0.0202,0.1633,-0.0560,0.2475,-0.1591
10.7761,270.56,-1091.12,68.02,-42.02,60.65,11.73,0.1833,0.0625,0.1448,-0.0519,0.2448,-0.1565
10.8184,270.04,-1091.10,68.03,-42.41,63.79,10.68,0.1730,0.1057,0.1143,-0.0488,0.2407,-0.1546
10.8600,269.55,-1090.87,68.02,-42.31,68.40,9.08,0.1620,0.1428,0.0791,-0.0462,0.2350,-0.1541
10.9013,269.09,-1090.66,67.94,-42.46,73.67,6.78,0.1509,0.1752,0.0404,-0.0454,0.2292,-0.1543
10.9432,268.65,-1090.36,67.87,-42.43,79.18,3.91,0.1386,0.1989,-0.0020,-0.0445,0.2226,-0.1551
10.9853,268.26,-1090.02,67.85,-42.26,84.38,0.71,0.1241,0.2149,-0.0427,-0.0443,0.2135,-0.1575
11.0272,268.00,-1089.52,68.02,-40.70,89.29,-1.19,0.1076,0.2223,-0.0777,-0.0470,0.2027,-0.1602
11.0690,267.68,-1089.13,68.09,-39.06,94.09,-4.69,0.0913,0.2273,-0.1032,-0.0493,0.1933,-0.1622
11.1102,267.31,-1088.92,68.21,-37.88,100.23,-7.73,0.0759,0.2307,-0.1251,-0.0540,0.1842,-0.1632
11.1517,266.87,-1088.74,68.40,-36.60,107.69,-13.40,0.0639,0.2308,-0.1418,-0.0619,0.1717,-0.1659
11.1938,266.52,-1088.63,68.58,-34.53,115.26,-17.97,0.0554,0.2315,-0.1572,-0.0770,0.1540,-0.1693
11.2359,266.09,-1088.68,68.89,-31.84,124.19,-23.29,0.0507,0.2323,-0.1698,-0.0997,0.1300,-0.1731
11.2773,265.85,-1088.70,69.20,-28.63,132.77,-27.90,0.0461,0.2339,-0.1794,-0.1312,0.0984,-0.1741
11.3192,265.75,-1088.91,69.43,-25.22,140.54,-31.84,0.0414,0.2376,-0.1868,-0.1638,0.0607,-0.1685
11.3603,265.75,-1089.10,69.66,-21.73,147.88,-34.89,0.0376,0.2437,-0.1918,-0.1947,0.0178,-0.1580
11.4021,265.84,-1089.21,69.84,-18.37,153.45,-37.69,0.0353,0.2490,-0.1942,-0.2249,-0.0332,-0.1375
11.4445,265.92,-1089.34,69.92,-15.52,158.52,-39.80,0.0344,0.2548,-0.1953,-0.2475,-0.0814,-0.1112
11.4867,266.04,-1089.37,70.03,-13.04,162.28,-42.16,0.0339,0.2592,-0.1960,-0.2604,-0.1298,-0.0768
11.5291,266.08,-1089.36,70.12,-10.79,165.00,-44.32,0.0363,0.2623,-0.1958,-0.2589,-0.1716,-0.0343
11.5707,266.12,-1089.36,70.15,-9.27,166.92,-45.78,0.0403,0.2650,-0.1944,-0.2461,-0.1975,0.0107
11.6125,266.18,-1089.35,70.15,-8.80,167.99,-46.69,0.0442,0.2670,-0.1927,-0.2306,-0.2067,0.0526
11.6544,266.32,-1089.44,70.04,-8.81,168.55,-47.48,0.0476,0.2688,-0.1903,-0.2181,-0.2013,0.0903
11.6963,266.55,-1089.43,69.92,-9.52,168.10,-47.34,0.0504,0.2698,-0.1883,-0.2101,-0.1849,0.1225
11.7379,266.95,-1089.44,69.75,-10.84,166.75,-47.24,0.0524,0.2696,-0.1859,-0.2053,-0.1587,0.1486
11.7799,267.38,-1089.27,69.67,-12.14,163.79,-46.14,0.0539,0.2667,-0.1843,-0.2023,-0.1229,0.1647
11.8217,267.93,-1089.04,69.68,-13.19,159.88,-44.79,0.0561,0.2615,-0.1826,-0.2010,-0.0804,0.1727
11.8637,268.63,-1088.87,69.50,-14.85,155.17,-43.06,0.0583,0.2565,-0.1790,-0.2007,-0.0328,0.1732
11.9051,269.36,-1088.85,69.26,-17.91,150.75,-41.24,0.0613,0.2515,-0.1740,-0.1995,0.0155,0.1640
11.9463,270.15,-1088.72,68.94,-21.21,145.50,-38.33,0.0651,0.2441,-0.1677,-0.1953,0.0583,0.1443
11.9883,270.96,-1088.61,68.51,-25.44,138.72,-35.48,0.0703,0.2359,-0.1603,-0.1882,0.0988,0.1183
12.0290,271.82,-1088.63,67.92,-30.59,131.17,-31.22,0.0774,0.2269,-0.1502,-0.1773,0.1375,0.0855
12.0709,272.53,-1088.59,67.41,-35.27,122.84,-26.92,0.0866,0.2161,-0.1396,-0.1635,0.1693,0.0503
12.1126,273.33,-1088.68,66.95,-39.90,113.34,-19.91,0.0962,0.2068,-0.1266,-0.1484,0.1956,0.0146
12.1548,273.83,-1088.73,66.64,-42.47,104.06,-13.96,0.1042,0.1998,-0.1168,-0.1306,0.2159,-0.0236
12.1969,274.42,-1089.12,66.44,-45.07,94.68,-6.69,0.1081,0.1964,-0.1106,-0.1136,0.2295,-0.0589
12.2380,274.75,-1089.39,66.33,-46.16,86.46,-1.25,0.1094,0.1928,-0.1094,-0.0951,0.2359,-0.0905
12.2799,275.02,-1089.59,66.33,-46.39,79.69,3.74,0.1083,0.1889,-0.1132,-0.0778,0.2345,-0.1162
12.3223,275.04,-1089.55,66.33,-45.07,76.24,5.59,0.1061,0.1811,-0.1194,-0.0641,0.2286,-0.1325
12.3643,275.09,-1089.63,66.29,-44.41,74.61,6.10,0.1018,0.1715,-0.1275,-0.0573,0.2234,-0.1417
12.4058,274.80,-1089.87,66.21,-44.42,73.62,7.16,0.1018,0.1594,-0.1338,-0.0544,0.2227,-0.1449
12.4473,274.45,-1090.06,66.28,-45.08,72.71,7.89,0.1054,0.1425,-0.1438,-0.0533,0.2244,-0.1492
12.4889,274.06,-1090.07,66.31,-44.71,71.82,8.80,0.1141,0.1146,-0.1512,-0.0548,0.2250,-0.1507
12.5308,273.54,-1090.12,66.36,-44.42,71.60,9.62,0.1305,0.0790,-0.1585,-0.0550,0.2276,-0.1530
12.5730,273.00,-1090.11,66.46,-44.34,71.23,10.28,0.1544,0.0401,-0.1626,-0.0564,0.2278,-0.1558
12.6151,272.46,-1089.97,66.52,-44.06,70.81,11.03,0.1847,-0.0000,-0.1586,-0.0587,0.2270,-0.1574
12.6570,271.88,-1089.69,66.46,-43.88,71.16,11.31,0.2139,-0.0403,-0.1450,-0.0593,0.2252,-0.1583
12.6982,271.29,-1089.56,66.27,-44.10,71.64,11.43,0.2432,-0.0753,-0.1228,-0.0594,0.2239,-0.1578
12.7400,270.81,-1089.36,66.15,-44.80,72.23,11.84,0.2702,-0.1063,-0.0898,-0.0594,0.2225,-0.1579
12.7819,270.41,-1089.23,66.13,-44.83,72.32,12.16,0.2866,-0.1314,-0.0490,-0.0585,0.2223,-0.1590
12.8240,270.07,-1089.16,66.16,-44.36,72.22,12.42,0.2912,-0.1444,-0.0031,-0.0568,0.2228,-0.1605
12.8657,269.85,-1089.20,66.25,-44.19,72.16,12.78,0.2860,-0.1444,0.0408,-0.0543,0.2239,-0.1615
12.9071,269.68,-1089.31,66.36,-43.88,71.70,13.23,0.2738,-0.1335,0.0797,-0.0509,0.2258,-0.1626
12.9488,269.58,-1089.47,66.48,-43.67,71.49,13.31,0.2609,-0.1090,0.1107,-0.0467,0.2278,-0.1633
12.9908,269.51,-1089.61,66.58,-43.22,71.21,13.10,0.2484,-0.0770,0.1328,-0.0426,0.2282,-0.1637
13.0326,269.45,-1089.79,66.71,-42.95,71.43,12.87,0.2336,-0.0412,0.1441,-0.0381,0.2280,-0.1647
13.0745,269.35,-1089.97,66.85,-42.78,72.09,12.32,0.2184,-0.0001,0.1454,-0.0335,0.2264,-0.1659
13.1163,269.26,-1090.12,66.98,-42.47,73.26,11.56,0.2026,0.0433,0.1353,-0.0304,0.2241,-0.1668
13.1575,269.17,-1090.25,67.15,-42.28,74.60,10.62,0.1877,0.0854,0.1143,-0.0282,0.2220,-0.1668
13.1994,269.01,-1090.32,67.32,-41.91,76.20,9.58,0.1722,0.1274,0.0840,-0.0258,0.2192,-0.1669
13.2411,268.77,-1090.43,67.58,-41.67,78.16,8.50,0.1568,0.1641,0.0482,-0.0249,0.2165,-0.1678
13.2828,268.53,-1090.28,67.85,-40.78,80.76,7.23,0.1413,0.1919,0.0095,-0.0264,0.2120,-0.1688
13.3245,268.15,-1090.23,68.10,-39.55,84.03,5.43,0.1271,0.2135,-0.0305,-0.0290,0.2077,-0.1699
13.3663,267.73,-1090.17,68.35,-39.27,87.57,3.73,0.1145,0.2253,-0.0694,-0.0340,0.2020,-0.1711
13.4080,267.23,-1090.09,68.57,-38.18,92.09,1.15,0.1061,0.2288,-0.0978,-0.0407,0.1961,-0.1725
13.4501,266.74,-1090.15,68.75,-37.85,97.06,-1.03,0.0963,0.2300,-0.1221,-0.0495,0.1908,-0.1751
13.4923,266.21,-1090.29,68.96,-37.22,103.08,-2.50,0.0865,0.2296,-0.1362,-0.0619,0.1866,-0.1796
13.5334,265.71,-1090.36,69.22,-36.05,108.84,-5.19,0.0778,0.2296,-0.1466,-0.0793,0.1825,-0.1853
13.5752,265.26,-1090.53,69.50,-34.28,114.74,-8.36,0.0704,0.2293,-0.1525,-0.0986,0.1763,-0.1882
13.6164,264.89,-1090.84,69.87,-33.06,121.45,-11.74,0.0634,0.2321,-0.1585,-0.1177,0.1641,-0.1885
13.6585,264.46,-1091.05,70.25,-30.56,128.72,-15.38,0.0581,0.2337,-0.1657,-0.1372,0.1418,-0.1869
13.7002,264.06,-1091.42,70.59,-27.59,136.41,-18.98,0.0546,0.2368,-0.1743,-0.1587,0.1116,-0.1830
13.7421,263.82,-1091.89,70.83,-25.34,144.67,-22.51,0.0513,0.2428,-0.1850,-0.1801,0.0734,-0.1769
13.7836,263.64,-1092.24,71.02,-22.80,152.04,-25.28,0.0496,0.2500,-0.1983,-0.2015,0.0296,-0.1666
13.8251,263.52,-1092.55,71.15,-20.06,158.52,-27.17,0.0508,0.2574,-0.2120,-0.2218,-0.0183,-0.1506
13.8677,263.44,-1092.68,71.18,-17.47,164.22,-28.36,0.0548,0.2638,-0.2242,-0.2392,-0.0696,-0.1255
13.9097,263.36,-1092.60,71.17,-15.29,167.96,-29.96,0.0595,0.2674,-0.2337,-0.2520,-0.1183,-0.0948
13.9520,263.25,-1092.35,71.11,-13.21,170.06,-31.64,0.0643,0.2685,-0.2403,-0.2524,-0.1608,-0.0567
13.9940,263.28,-1091.99,70.86,-11.85,171.28,-33.19,0.0681,0.2691,-0.2422,-0.2437,-0.1881,-0.0132
14.0356,263.40,-1091.55,70.50,-10.87,171.50,-34.67,0.0714,0.2703,-0.2392,-0.2310,-0.2006,0.0344
14.0777,263.55,-1091.08,70.18,-11.05,170.66,-37.00,0.0729,0.2711,-0.2319,-0.2144,-0.1985,0.0782
14.1192,263.74,-1090.66,69.92,-11.36,169.26,-37.55,0.0719,0.2701,-0.2229,-0.1986,-0.1819,0.1144
14.1611,263.94,-1090.40,69.70,-11.98,167.46,-38.51,0.0713,0.2683,-0.2111,-0.1883,-0.1531,0.1449
14.2030,264.29,-1090.18,69.34,-13.83,165.28,-38.39,0.0706,0.2676,-0.1972,-0.1831,-0.1146,0.1678
14.2448,264.69,-1090.00,68.98,-16.35,162.62,-38.00,0.0704,0.2646,-0.1840,-0.1797,-0.0688,0.1801
14.2862,265.25,-1089.91,68.50,-19.81,159.26,-37.00,0.0701,0.2593,-0.1719,-0.1789,-0.0165,0.1784
14.3285,265.94,-1089.80,67.87,-24.94,154.78,-34.35,0.0708,0.2525,-0.1618,-0.1788,0.0350,0.1661
14.3704,266.74,-1089.59,67.30,-29.88,149.25,-30.84,0.0719,0.2435,-0.1553,-0.1779,0.0837,0.1411
14.4119,267.54,-1089.24,66.90,-33.60,142.30,-27.91,0.0735,0.2321,-0.1538,-0.1739,0.1283,0.1060
14.4534,268.45,-1088.81,66.46,-36.85,134.40,-24.40,0.0759,0.2204,-0.1538,-0.1659,0.1657,0.0633
14.4944,269.35,-1088.37,66.12,-39.67,125.85,-20.29,0.0806,0.2085,-0.1556,-0.1480,0.1905,0.0148
14.5361,270.26,-1087.97,65.86,-41.76,117.07,-16.15,0.0870,0.1974,-0.1569,-0.1278,0.2062,-0.0303
14.5777,271.19,-1087.60,65.79,-42.71,107.97,-12.07,0.0935,0.1892,-0.1585,-0.1113,0.2183,-0.0715
14.6198,272.05,-1087.38,65.81,-42.59,99.30,-8.17,0.1004,0.1848,-0.1581,-0.0994,0.2234,-0.1070
14.6611,272.73,-1087.33,65.93,-42.33,92.36,-4.49,0.1058,0.1835,-0.1584,-0.0882,0.2287,-0.1337
14.7023,273.22,-1087.36,66.09,-41.93,86.67,-1.76,0.1097,0.1843,-0.1585,-0.0766,0.2295,-0.1496
14.7443,273.52,-1087.37,66.21,-41.29,83.11,-0.07,0.1094,0.1835,-0.1603,-0.0645,0.2300,-0.1578
14.7865,273.71,-1087.53,66.25,-41.38,80.38,1.24,0.1071,0.1815,-0.1629,-0.0554,0.2312,-0.1579
14.8280,273.74,-1087.58,66.21,-42.04,77.44,2.22,0.1051,0.1740,-0.1698,-0.0477,0.2294,-0.1549
14.8699,273.75,-1087.70,66.12,-42.80,74.29,4.74,0.1064,0.1615,-0.1796,-0.0432,0.2290,-0.1525
14.9112,273.61,-1087.69,65.99,-43.43,70.81,6.60,0.1134,0.1404,-0.1904,-0.0412,0.2290,-0.1503
14.9533,273.44,-1087.79,65.95,-44.40,67.71,8.58,0.1262,0.1114,-0.2022,-0.0404,0.2300,-0.1516
14.9953,273.27,-1087.59,65.86,-44.24,65.25,9.80,0.1452,0.0742,-0.2131,-0.0424,0.2281,-0.1536
15.0372,273.02,-1087.60,65.84,-44.45,63.34,10.90,0.1722,0.0355,-0.2197,-0.0453,0.2285,-0.1575
15.0794,272.84,-1087.54,65.80,-44.79,61.65,11.17,0.2019,-0.0074,-0.2179,-0.0499,0.2291,-0.1630
15.1215,272.71,-1087.46,65.87,-44.83,60.03,11.60,0.2290,-0.0537,-0.2085,-0.0576,0.2304,-0.1681
15.1635,272.66,-1087.22,65.94,-44.31,59.31,11.60,0.2486,-0.1003,-0.1852,-0.0645,0.2297,-0.1736
15.2054,272.62,-1087.06,65.95,-43.65,59.13,11.74,0.2607,-0.1390,-0.1513,-0.0713,0.2290,-0.1773
15.2468,272.60,-1087.03,65.99,-43.47,58.56,11.89,0.2722,-0.1668,-0.1130,-0.0768,0.2310,-0.1809
15.2885,272.60,-1086.93,66.01,-42.92,57.80,12.33,0.2782,-0.1847,-0.0657,-0.0808,0.2329,-0.1834
15.3302,272.57,-1086.96,66.01,-42.79,56.97,12.40,0.2804,-0.1882,-0.0167,-0.0821,0.2356,-0.1844
15.3717,272.50,-1087.17,65.99,-42.60,56.04,12.75,0.2762,-0.1800,0.0301,-0.0811,0.2387,-0.1842
15.4133,272.33,-1087.39,66.00,-42.61,55.47,12.86,0.2673,-0.1608,0.0715,-0.0790,0.2413,-0.1829
15.4551,272.16,-1087.66,66.09,-42.45,55.60,13.29,0.2551,-0.1305,0.1036,-0.0758,0.2428,-0.1819
15.4973,271.89,-1087.91,66.25,-42.32,56.14,13.03,0.2397,-0.0925,0.1247,-0.0716,0.2431,-0.1805
15.5382,271.60,-1088.24,66.46,-41.94,57.83,12.32,0.2227,-0.0472,0.1365,-0.0665,0.2425,-0.1791
15.5799,271.26,-1088.64,66.71,-41.57,59.67,11.60,0.2045,0.0012,0.1367,-0.0610,0.2404,-0.1772
15.6219,270.89,-1089.06,67.00,-41.35,61.67,11.02,0.1860,0.0460,0.1252,-0.0556,0.2379,-0.1754
15.6635,270.53,-1089.49,67.22,-40.99,63.13,10.98,0.1683,0.0880,0.1081,-0.0511,0.2349,-0.1726
15.7057,270.17,-1089.91,67.32,-41.39,64.52,11.48,0.1518,0.1259,0.0863,-0.0478,0.2318,-0.1694
15.7472,269.90,-1090.14,67.40,-41.76,66.32,11.53,0.1360,0.1553,0.0584,-0.0462,0.2268,-0.1670
15.7890,269.58,-1090.10,67.42,-41.36,68.70,10.14,0.1215,0.1785,0.0284,-0.0458,0.2199,-0.1649
15.8303,269.17,-1090.08,67.36,-41.18,72.34,8.55,0.1092,0.1968,-0.0028,-0.0452,0.2144,-0.1632
15.8722,268.70,-1090.11,67.28,-42.00,76.20,6.73,0.1000,0.2130,-0.0363,-0.0442,0.2089,-0.1617
15.9140,268.26,-1089.83,67.04,-41.88,80.75,4.18,0.0940,0.2189,-0.0691,-0.0416,0.2002,-0.1625
15.9562,267.82,-1089.86,66.76,-43.04,84.50,1.61,0.0888,0.2191,-0.0960,-0.0416,0.1947,-0.1646
15.9980,267.30,-1089.71,66.58,-43.59,88.05,-0.72,0.0852,0.2182,-0.1126,-0.0433,0.1903,-0.1678
16.0392,266.82,-1089.63,66.51,-43.55,92.00,-2.66,0.0816,0.2179,-0.1234,-0.0478,0.1871,-0.1711
16.0812,266.30,-1089.53,66.61,-43.05,96.63,-5.07,0.0804,0.2170,-0.1301,-0.0535,0.1814,-0.1762
16.1231,265.83,-1089.57,66.79,-42.40,102.55,-8.63,0.0795,0.2177,-0.1377,-0.0645,0.1716,-0.1809
16.1648,265.40,-1089.61,67.13,-41.17,110.34,-13.22,0.0797,0.2186,-0.1443,-0.0810,0.1551,-0.1863
16.2067,265.17,-1089.71,67.56,-39.15,118.47,-17.98,0.0789,0.2234,-0.1537,-0.1045,0.1301,-0.1916
16.2485,265.02,-1089.68,68.07,-35.80,127.15,-22.46,0.0778,0.2271,-0.1636,-0.1320,0.0941,-0.1962
16.2901,265.02,-1089.68,68.56,-31.92,134.81,-26.95,0.0756,0.2315,-0.1738,-0.1625,0.0494,-0.1986
16.3317,265.15,-1089.75,68.97,-28.60,141.95,-30.64,0.0721,0.2368,-0.1841,-0.1951,-0.0017,-0.1946
16.3739,265.31,-1089.69,69.34,-25.39,147.61,-33.53,0.0683,0.2407,-0.1935,-0.2220,-0.0565,-0.1827
16.4155,265.48,-1089.61,69.56,-22.48,152.06,-35.44,0.0654,0.2452,-0.2001,-0.2409,-0.1147,-0.1580
16.4570,265.68,-1089.60,69.65,-19.92,156.20,-36.58,0.0626,0.2501,-0.2053,-0.2514,-0.1684,-0.1232
16.4992,265.98,-1089.53,69.68,-18.14,159.50,-38.03,0.0601,0.2537,-0.2067,-0.2529,-0.2170,-0.0791
16.5415,266.25,-1089.48,69.67,-16.15,161.74,-39.81,0.0569,0.2576,-0.2072,-0.2438,-0.2542,-0.0280
16.5836,266.64,-1089.51,69.62,-14.59,163.85,-41.26,0.0538,0.2604,-0.2053,-0.2309,-0.2744,0.0237
16.6253,266.94,-1089.59,69.70,-12.30,165.54,-43.01,0.0527,0.2615,-0.2024,-0.2152,-0.2796,0.0713
16.6673,267.31,-1089.71,69.65,-10.48,166.67,-44.66,0.0516,0.2629,-0.2003,-0.2062,-0.2723,0.1140
16.7085,267.79,-1089.89,69.53,-9.65,166.98,-45.13,0.0520,0.2640,-0.1981,-0.2037,-0.2496,0.1501
16.7505,268.32,-1090.11,69.41,-10.27,166.66,-45.40,0.0529,0.2651,-0.1958,-0.2041,-0.2152,0.1807
16.7927,268.81,-1090.26,69.26,-11.43,164.99,-44.75,0.0542,0.2640,-0.1937,-0.2057,-0.1669,0.2018
16.8342,269.29,-1090.39,69.09,-13.47,162.48,-44.22,0.0567,0.2610,-0.1909,-0.2045,-0.1126,0.2119
16.8758,269.80,-1090.43,68.76,-16.09,159.40,-42.74,0.0600,0.2568,-0.1871,-0.2016,-0.0531,0.2088
16.9176,270.27,-1090.36,68.35,-19.64,155.32,-41.60,0.0658,0.2503,-0.1819,-0.1961,0.0054,0.1905
16.9594,270.81,-1090.26,67.73,-23.94,150.68,-39.40,0.0726,0.2439,-0.1749,-0.1903,0.0593,0.1607
17.0012,271.35,-1090.07,67.08,-28.82,145.05,-37.51,0.0792,0.2366,-0.1675,-0.1833,0.1075,0.1240
17.0426,271.93,-1089.70,66.43,-33.62,138.42,-34.92,0.0854,0.2269,-0.1605,-0.1750,0.1474,0.0823
17.0840,272.53,-1089.24,65.82,-37.78,130.29,-31.27,0.0917,0.2167,-0.1534,-0.1630,0.1791,0.0398
17.1256,273.05,-1088.72,65.30,-41.03,121.50,-27.27,0.0975,0.2072,-0.1469,-0.1466,0.2003,-0.0039
17.1672,273.66,-1088.42,64.82,-44.12,112.45,-21.74,0.0998,0.1996,-0.1403,-0.1310,0.2171,-0.0428
17.2094,274.10,-1088.14,64.46,-46.51,104.32,-16.56,0.0993,0.1938,-0.1352,-0.1161,0.2284,-0.0806
17.2513,274.45,-1087.97,64.15,-48.64,97.23,-11.49,0.0965,0.1920,-0.1309,-0.1069,0.2306,-0.1096
17.2932,274.65,-1087.80,63.86,-50.23,92.93,-8.49,0.0909,0.1914,-0.1273,-0.0957,0.2268,-0.1228
17.3362,274.81,-1087.42,63.61,-50.21,89.92,-6.49,0.0818,0.1899,-0.1251,-0.0811,0.2197,-0.1318
17.3781,274.80,-1087.22,63.45,-50.40,88.69,-5.94,0.0727,0.1867,-0.1268,-0.0744,0.2162,-0.1318
17.4204,274.70,-1087.10,63.35,-50.87,87.38,-5.32,0.0676,0.1788,-0.1317,-0.0741,0.2156,-0.1330
17.4631,274.44,-1087.08,63.44,-51.77,86.27,-3.93,0.0696,0.1670,-0.1427,-0.0754,0.2158,-0.1365
17.5052,274.06,-1086.87,63.60,-51.55,85.30,-2.67,0.0799,0.1487,-0.1586,-0.0764,0.2148,-0.1401
17.5470,273.62,-1086.71,63.87,-50.95,84.23,-1.88,0.0991,0.1230,-0.1726,-0.0766,0.2151,-0.1460
17.5890,273.14,-1086.40,64.19,-50.15,82.68,-0.62,0.1230,0.0883,-0.1868,-0.0769,0.2139,-0.1535
17.6306,272.61,-1086.09,64.40,-49.08,80.90,0.75,0.1531,0.0468,-0.1966,-0.0779,0.2126,-0.1606
17.6725,272.04,-1085.83,64.58,-49.09,79.64,2.57,0.1869,0.0014,-0.1975,-0.0789,0.2118,-0.1685
17.7145,271.54,-1085.56,64.71,-48.98,78.94,3.83,0.2190,-0.0415,-0.1908,-0.0802,0.2101,-0.1750
17.7560,271.17,-1085.27,64.89,-49.02,78.44,4.32,0.2468,-0.0796,-0.1750,-0.0810,0.2072,-0.1833
17.7981,270.94,-1085.03,65.17,-48.53,77.86,4.87,0.2674,-0.1120,-0.1465,-0.0842,0.2033,-0.1921
17.8396,270.79,-1084.78,65.46,-47.16,76.81,5.42,0.2791,-0.1345,-0.1095,-0.0880,0.2009,-0.2020
17.8811,270.68,-1084.84,65.74,-46.47,75.41,6.02,0.2869,-0.1459,-0.0674,-0.0912,0.2014,-0.2099
17.9219,270.57,-1084.92,66.06,-46.10,73.97,6.98,0.2905,-0.1469,-0.0224,-0.0914,0.2022,-0.2156
17.9634,270.48,-1085.07,66.33,-45.32,72.68,7.40,0.2876,-0.1385,0.0195,-0.0888,0.2051,-0.2175
18.0047,270.33,-1085.28,66.55,-44.76,71.71,7.78,0.2818,-0.1208,0.0572,-0.0831,0.2098,-0.2166
18.0449,270.15,-1085.71,66.73,-44.60,71.40,7.76,0.2718,-0.0918,0.0882,-0.0760,0.2163,-0.2130
18.0864,270.01,-1086.21,66.96,-45.11,72.05,7.38,0.2574,-0.0516,0.1084,-0.0671,0.2229,-0.2080
18.1276,269.83,-1086.63,67.17,-44.39,73.14,5.36,0.2403,-0.0036,0.1194,-0.0575,0.2266,-0.2013
18.1694,269.67,-1087.17,67.44,-43.78,73.95,4.54,0.2196,0.0458,0.1177,-0.0489,0.2295,-0.1943
18.2109,269.49,-1087.71,67.62,-43.36,74.70,4.37,0.1986,0.0913,0.1067,-0.0419,0.2314,-0.1864
18.2521,269.31,-1088.08,67.83,-43.19,75.66,4.69,0.1785,0.1297,0.0860,-0.0370,0.2301,-0.1794
18.2939,269.06,-1088.42,67.97,-42.29,77.12,4.05,0.1596,0.1627,0.0587,-0.0341,0.2279,-0.1726
18.3358,268.72,-1088.63,68.23,-42.08,80.20,3.42,0.1422,0.1898,0.0236,-0.0330,0.2239,-0.1689
18.3777,268.32,-1088.70,68.45,-40.51,84.69,1.03,0.1295,0.2065,-0.0169,-0.0342,0.2164,-0.1676
18.4195,267.93,-1088.77,68.60,-39.60,89.42,-1.64,0.1184,0.2184,-0.0613,-0.0382,0.2075,-0.1685
18.4615,267.54,-1088.91,68.73,-38.71,94.68,-4.18,0.1095,0.2240,-0.0993,-0.0455,0.2001,-0.1701
18.5026,267.08,-1088.94,68.87,-37.79,100.38,-7.59,0.1020,0.2273,-0.1349,-0.0544,0.1921,-0.1735
18.5447,266.59,-1089.03,69.04,-36.29,105.34,-10.71,0.0960,0.2270,-0.1581,-0.0660,0.1854,-0.1761
18.5866,265.99,-1089.19,69.33,-34.86,110.83,-13.67,0.0905,0.2297,-0.1744,-0.0775,0.1784,-0.1788
18.6282,265.37,-1089.39,69.80,-32.10,115.49,-16.28,0.0861,0.2328,-0.1835,-0.0910,0.1694,-0.1807
18.6699,264.82,-1089.86,70.30,-30.16,121.31,-18.09,0.0814,0.2371,-0.1896,-0.1053,0.1569,-0.1831
18.7109,264.32,-1090.19,70.78,-27.43,127.29,-20.30,0.0776,0.2397,-0.1928,-0.1218,0.1385,-0.1877
18.7528,263.92,-1090.69,71.13,-24.99,134.10,-23.13,0.0755,0.2447,-0.1932,-0.1444,0.1084,-0.1913
18.7945,263.68,-1091.17,71.38,-22.86,141.99,-26.21,0.0729,0.2506,-0.1946,-0.1705,0.0680,-0.1927
18.8365,263.47,-1091.57,71.53,-20.08,149.55,-30.14,0.0696,0.2561,-0.1969,-0.1955,0.0195,-0.1890
18.8783,263.32,-1091.71,71.63,-16.77,155.89,-35.19,0.0661,0.2608,-0.1993,-0.2166,-0.0364,-0.1781
18.9202,263.32,-1091.78,71.52,-14.14,161.17,-38.59,0.0622,0.2655,-0.2000,-0.2318,-0.0932,-0.1580
18.9623,263.38,-1091.72,71.41,-12.65,164.90,-40.80,0.0592,0.2675,-0.2014,-0.2398,-0.1468,-0.1282
19.0051,263.30,-1091.47,71.28,-11.37,166.22,-42.48,0.0575,0.2688,-0.2023,-0.2386,-0.1909,-0.0901
19.0470,263.33,-1091.33,71.08,-11.09,167.06,-43.62,0.0556,0.2692,-0.2021,-0.2299,-0.2183,-0.0415
19.0891,263.35,-1091.17,70.83,-11.35,167.40,-44.88,0.0536,0.2682,-0.2014,-0.2178,-0.2278,0.0126
19.1305,263.39,-1090.95,70.52,-12.15,166.81,-45.41,0.0515,0.2659,-0.1995,-0.2030,-0.2225,0.0682
19.1723,263.48,-1090.79,70.17,-13.43,165.76,-45.12,0.0531,0.2663,-0.1955,-0.1903,-0.2039,0.1130
19.2140,263.68,-1090.68,69.84,-15.48,164.62,-45.12,0.0529,0.2657,-0.1914,-0.1813,-0.1777,0.1473
19.2562,263.92,-1090.53,69.55,-17.43,162.58,-44.22,0.0527,0.2626,-0.1866,-0.1780,-0.1418,0.1695
19.2979,264.24,-1090.39,69.25,-19.55,159.77,-43.12,0.0543,0.2597,-0.1813,-0.1777,-0.0987,0.1816
19.3400,264.67,-1090.23,68.92,-22.37,156.27,-41.64,0.0570,0.2562,-0.1762,-0.1799,-0.0502,0.1804
19.3814,265.16,-1090.07,68.59,-25.71,151.63,-39.51,0.0612,0.2520,-0.1716,-0.1821,-0.0023,0.1650
19.4232,265.85,-1089.80,68.21,-29.86,145.28,-36.23,0.0653,0.2474,-0.1687,-0.1846,0.0441,0.1401
19.4642,266.40,-1089.45,68.11,-32.70,137.82,-31.83,0.0724,0.2412,-0.1695,-0.1831,0.0905,0.1042
19.5057,267.08,-1089.20,68.01,-35.42,129.44,-26.51,0.0803,0.2346,-0.1691,-0.1772,0.1334,0.0611
19.5472,267.47,-1088.88,68.03,-36.86,121.45,-22.15,0.0889,0.2266,-0.1683,-0.1631,0.1681,0.0172
19.5888,268.06,-1088.76,68.00,-38.57,113.29,-17.16,0.0946,0.2183,-0.1654,-0.1424,0.1961,-0.0285
19.6308,268.35,-1088.46,68.00,-39.15,106.03,-12.88,0.1010,0.2104,-0.1613,-0.1196,0.2122,-0.0672
19.6723,268.71,-1088.38,67.91,-39.96,99.65,-9.20,0.1050,0.2050,-0.1559,-0.0946,0.2235,-0.1028
19.7143,268.95,-1088.21,67.73,-40.26,94.35,-6.21,0.1069,0.2007,-0.1501,-0.0745,0.2265,-0.1269
19.7567,269.29,-1087.99,67.56,-40.53,90.30,-4.18,0.1063,0.1979,-0.1437,-0.0592,0.2278,-0.1455
19.7979,269.65,-1087.75,67.36,-40.48,87.66,-2.80,0.1023,0.1969,-0.1401,-0.0512,0.2261,-0.1529
19.8394,270.03,-1087.49,67.09,-40.47,85.95,-1.75,0.0965,0.1935,-0.1407,-0.0488,0.2242,-0.1545
19.8813,270.35,-1087.45,66.80,-41.11,84.32,-0.98,0.0927,0.1897,-0.1458,-0.0485,0.2246,-0.1543
19.9233,270.57,-1087.46,66.57,-42.59,82.76,0.49,0.0920,0.1827,-0.1559,-0.0497,0.2246,-0.1550
19.9652,270.67,-1087.31,66.32,-43.23,81.86,0.97,0.0963,0.1682,-0.1671,-0.0518,0.2249,-0.1553
20.0070,270.68,-1087.29,66.14,-44.29,80.62,1.22,0.1046,0.1474,-0.1776,-0.0528,0.2254,-0.1563
20.0484,270.58,-1087.18,66.01,-45.16,79.29,1.78,0.1195,0.1197,-0.1880,-0.0533,0.2239,-0.1587
20.0902,270.44,-1086.99,65.92,-45.10,77.89,2.06,0.1433,0.0849,-0.1931,-0.0552,0.2230,-0.1627
20.1324,270.31,-1086.80,65.95,-45.32,76.27,3.33,0.1711,0.0477,-0.1950,-0.0590,0.2229,-0.1678
20.1747,270.10,-1086.59,66.00,-45.02,74.73,4.06,0.1999,0.0041,-0.1905,-0.0618,0.2226,-0.1736
20.2162,269.93,-1086.45,66.04,-45.08,73.13,5.47,0.2258,-0.0379,-0.1777,-0.0644,0.2230,-0.1793
20.2577,269.83,-1086.21,66.07,-44.83,72.26,6.23,0.2486,-0.0772,-0.1532,-0.0677,0.2235,-0.1841
20.3000,269.76,-1086.08,66.09,-44.65,71.60,6.61,0.2655,-0.1091,-0.1220,-0.0703,0.2239,-0.1882
20.3414,269.74,-1086.05,66.17,-44.90,70.76,6.65,0.2740,-0.1341,-0.0869,-0.0716,0.2242,-0.1925
20.3833,269.73,-1086.01,66.23,-44.61,69.70,6.97,0.2732,-0.1496,-0.0459,-0.0730,0.2239,-0.1954
20.4257,269.76,-1086.08,66.35,-44.06,68.86,7.49,0.2683,-0.1540,-0.0056,-0.0749,0.2242,-0.1975
20.4669,269.74,-1086.23,66.39,-43.81,67.74,8.05,0.2596,-0.1487,0.0354,-0.0765,0.2264,-0.1984
20.5084,269.70,-1086.44,66.42,-43.83,67.02,8.69,0.2492,-0.1331,0.0708,-0.0774,0.2285,-0.1975
20.5504,269.58,-1086.80,66.47,-44.09,66.54,8.71,0.2380,-0.1094,0.0998,-0.0757,0.2303,-0.1963
20.5921,269.47,-1087.17,66.59,-44.36,66.59,8.99,0.2272,-0.0748,0.1208,-0.0728,0.2316,-0.1932
20.6342,269.28,-1087.62,66.66,-44.29,66.59,8.62,0.2144,-0.0359,0.1320,-0.0685,0.2329,-0.1898
20.6756,269.10,-1088.20,66.78,-44.76,67.12,8.80,0.2010,0.0108,0.1354,-0.0635,0.2333,-0.1872
20.7172,268.91,-1088.61,66.95,-44.86,67.95,8.84,0.1859,0.0564,0.1300,-0.0591,0.2321,-0.1848
20.7593,268.67,-1088.90,67.13,-44.20,70.07,7.92,0.1695,0.0992,0.1154,-0.0545,0.2292,-0.1830
20.8013,268.33,-1089.14,67.34,-44.02,72.08,7.15,0.1547,0.1376,0.0924,-0.0505,0.2250,-0.1816
20.8427,267.95,-1089.20,67.56,-43.02,75.18,6.63,0.1391,0.1670,0.0601,-0.0467,0.2204,-0.1814
20.8844,267.50,-1089.22,67.80,-42.18,78.03,5.40,0.1232,0.1885,0.0205,-0.0433,0.2143,-0.1823
20.9260,267.03,-1089.17,68.00,-41.02,81.74,4.18,0.1081,0.2021,-0.0210,-0.0407,0.2065,-0.1844
20.9677,266.55,-1089.08,68.21,-40.08,85.81,2.56,0.0968,0.2090,-0.0612,-0.0402,0.1984,-0.1875
21.0096,266.05,-1089.08,68.44,-38.73,90.50,0.40,0.0903,0.2177,-0.1004,-0.0427,0.1929,-0.1910
21.0516,265.55,-1089.07,68.65,-37.59,95.20,-2.00,0.0891,0.2216,-0.1333,-0.0459,0.1872,-0.1953
21.0932,265.14,-1089.18,68.85,-35.96,100.02,-4.87,0.0899,0.2238,-0.1572,-0.0530,0.1829,-0.1973
21.1348,264.74,-1089.32,69.10,-35.15,104.87,-7.39,0.0904,0.2266,-0.1733,-0.0601,0.1798,-0.1989
21.1763,264.43,-1089.51,69.36,-33.69,109.68,-9.82,0.0876,0.2281,-0.1837,-0.0689,0.1759,-0.1984
21.2180,264.16,-1089.81,69.66,-32.60,115.30,-12.83,0.0835,0.2296,-0.1909,-0.0788,0.1690,-0.1979
21.2598,263.88,-1090.04,69.98,-30.70,121.89,-16.34,0.0785,0.2310,-0.1967,-0.0920,0.1521,-0.1974
21.3018,263.78,-1090.51,70.21,-28.66,130.01,-20.68,0.0716,0.2360,-0.2020,-0.1102,0.1251,-0.1994
21.3432,263.92,-1090.90,70.46,-27.18,138.18,-24.49,0.0633,0.2400,-0.2087,-0.1320,0.0847,-0.2028
21.3844,264.04,-1091.07,70.71,-23.73,145.38,-28.12,0.0561,0.2433,-0.2141,-0.1566,0.0334,-0.2029
21.4269,264.31,-1091.27,70.86,-21.05,151.76,-31.35,0.0481,0.2483,-0.2192,-0.1853,-0.0190,-0.1963
21.4683,264.64,-1091.29,71.03,-18.66,156.82,-33.81,0.0414,0.2528,-0.2221,-0.2143,-0.0713,-0.1828
21.5106,264.93,-1091.21,71.13,-15.98,160.67,-35.63,0.0355,0.2572,-0.2243,-0.2352,-0.1239,-0.1584
21.5531,265.22,-1090.97,71.27,-13.93,163.16,-36.91,0.0311,0.2579,-0.2251,-0.2417,-0.1689,-0.1252
21.5951,265.39,-1090.62,71.44,-12.03,163.91,-38.60,0.0284,0.2550,-0.2251,-0.2427,-0.2062,-0.0852
21.6369,265.57,-1090.28,71.41,-11.38,163.84,-39.11,0.0268,0.2529,-0.2227,-0.2371,-0.2292,-0.0377
21.6791,265.70,-1090.00,71.27,-11.94,163.14,-39.33,0.0264,0.2527,-0.2185,-0.2286,-0.2358,0.0107
21.7204,265.81,-1089.61,70.95,-13.60,161.62,-38.71,0.0275,0.2525,-0.2124,-0.2221,-0.2277,0.0560
21.7623,265.92,-1089.15,70.40,-16.63,158.80,-37.44,0.0290,0.2521,-0.2038,-0.2215,-0.2088,0.0998
21.8038,266.25,-1088.68,69.58,-21.34,154.75,-34.78,0.0296,0.2502,-0.1937,-0.2208,-0.1771,0.1379
21.8448,266.61,-1088.28,68.84,-26.15,150.86,-33.21,0.0314,0.2471,-0.1842,-0.2168,-0.1342,0.1642
21.8867,267.17,-1087.95,68.15,-30.34,146.89,-30.65,0.0329,0.2434,-0.1765,-0.2113,-0.0840,0.1757
21.9287,267.85,-1087.63,67.52,-33.52,142.47,-28.72,0.0362,0.2387,-0.1702,-0.2058,-0.0345,0.1720
21.9708,268.68,-1087.29,66.96,-36.28,138.00,-26.07,0.0396,0.2338,-0.1655,-0.2025,0.0137,0.1543
22.0126,269.64,-1086.96,66.49,-38.68,132.63,-23.12,0.0430,0.2283,-0.1621,-0.2012,0.0588,0.1257
22.0540,270.61,-1086.70,66.11,-40.79,126.81,-20.34,0.0482,0.2231,-0.1584,-0.1976,0.1015,0.0906
22.0962,271.45,-1086.48,65.83,-42.61,121.01,-18.11,0.0558,0.2187,-0.1534,-0.1871,0.1417,0.0536
22.1375,272.24,-1086.24,65.52,-43.95,115.51,-16.04,0.0649,0.2129,-0.1464,-0.1689,0.1714,0.0176
22.1799,272.96,-1086.08,65.31,-45.38,110.13,-13.60,0.0734,0.2073,-0.1402,-0.1457,0.1976,-0.0156
22.2211,273.55,-1085.83,65.10,-45.73,104.90,-11.83,0.0826,0.2006,-0.1342,-0.1196,0.2106,-0.0463
22.2627,274.06,-1085.78,64.98,-46.27,100.63,-10.01,0.0905,0.1946,-0.1300,-0.0960,0.2206,-0.0757
22.3043,274.53,-1085.78,64.73,-46.39,96.66,-8.51,0.0966,0.1891,-0.1267,-0.0783,0.2251,-0.1007
22.3461,274.86,-1086.03,64.62,-47.45,93.55,-6.98,0.1011,0.1846,-0.1259,-0.0645,0.2273,-0.1238
22.3883,275.14,-1086.05,64.45,-47.63,90.86,-5.57,0.1024,0.1774,-0.1260,-0.0546,0.2250,-0.1400
22.4302,275.39,-1086.26,64.34,-48.47,88.89,-4.16,0.1006,0.1714,-0.1270,-0.0474,0.2223,-0.1496
22.4724,275.55,-1086.46,64.11,-49.11,86.91,-3.24,0.0976,0.1638,-0.1306,-0.0436,0.2220,-0.1501
22.5149,275.66,-1086.75,63.97,-50.71,84.20,-1.88,0.0977,0.1518,-0.1392,-0.0410,0.2239,-0.1477
22.5565,275.64,-1086.84,63.88,-51.57,81.16,0.28,0.1036,0.1327,-0.1525,-0.0405,0.2237,-0.1454
22.5992,275.50,-1086.96,63.89,-51.88,77.69,2.77,0.1176,0.1069,-0.1679,-0.0413,0.2259,-0.1439
22.6413,275.22,-1086.99,63.93,-52.29,75.16,4.87,0.1408,0.0748,-0.1823,-0.0419,0.2281,-0.1448
22.6837,274.88,-1086.78,63.98,-51.74,72.43,6.01,0.1685,0.0323,-0.1911,-0.0441,0.2287,-0.1458
22.7255,274.45,-1086.66,64.01,-51.49,70.74,7.22,0.1942,-0.0139,-0.1945,-0.0445,0.2300,-0.1490
22.7676,274.09,-1086.41,64.01,-51.10,69.09,8.65,0.2218,-0.0632,-0.1863,-0.0468,0.2300,-0.1528
22.8096,273.79,-1086.15,64.01,-50.48,67.63,10.40,0.2448,-0.1105,-0.1683,-0.0492,0.2304,-0.1580
22.8514,273.49,-1085.89,64.05,-49.74,66.11,12.21,0.2618,-0.1555,-0.1433,-0.0519,0.2314,-0.1627
22.8933,273.25,-1085.73,64.12,-48.95,64.33,14.44,0.2718,-0.1932,-0.1086,-0.0529,0.2331,-0.1677
22.9350,273.03,-1085.60,64.25,-47.87,62.95,16.29,0.2750,-0.2200,-0.0663,-0.0530,0.2339,-0.1730
22.9766,272.85,-1085.53,64.44,-46.73,61.84,17.37,0.2736,-0.2301,-0.0212,-0.0528,0.2349,-0.1772
23.0183,272.65,-1085.51,64.58,-45.70,61.04,18.06,0.2702,-0.2269,0.0248,-0.0516,0.2369,-0.1807
23.0597,272.44,-1085.64,64.72,-45.25,60.10,18.74,0.2646,-0.2111,0.0684,-0.0495,0.2397,-0.1833
23.1011,272.17,-1085.87,64.75,-44.92,59.35,18.75,0.2575,-0.1833,0.1080,-0.0461,0.2435,-0.1842
23.1426,271.89,-1086.18,64.93,-45.31,58.95,19.43,0.2480,-0.1436,0.1393,-0.0426,0.2472,-0.1848
23.1842,271.63,-1086.49,65.06,-44.94,59.41,18.98,0.2346,-0.0984,0.1597,-0.0397,0.2497,-0.1831
23.2256,271.37,-1086.77,65.30,-44.78,59.98,18.58,0.2192,-0.0514,0.1672,-0.0366,0.2502,-0.1811
23.2674,271.07,-1087.14,65.49,-44.53,61.64,17.74,0.2047,-0.0028,0.1666,-0.0337,0.2501,-0.1774
23.3089,270.83,-1087.37,65.72,-44.19,63.49,16.88,0.1893,0.0433,0.1564,-0.0326,0.2482,-0.1729
23.3505,270.52,-1087.61,65.92,-44.00,65.64,15.62,0.1726,0.0853,0.1363,-0.0310,0.2457,-0.1688
23.3911,270.15,-1087.77,66.14,-43.74,67.96,14.31,0.1540,0.1209,0.1088,-0.0293,0.2423,-0.1655
23.4327,269.76,-1087.94,66.40,-43.41,71.22,13.11,0.1368,0.1519,0.0724,-0.0277,0.2390,-0.1634
23.4742,269.34,-1087.91,66.69,-42.78,74.32,11.35,0.1217,0.1741,0.0345,-0.0268,0.2324,-0.1626
23.5155,268.84,-1087.90,66.99,-41.71,77.52,9.37,0.1101,0.1909,-0.0026,-0.0255,0.2262,-0.1630
23.5569,268.25,-1087.93,67.30,-40.67,80.98,7.94,0.1030,0.2027,-0.0401,-0.0255,0.2201,-0.1638
23.5982,267.58,-1087.92,67.63,-39.93,84.80,6.27,0.1017,0.2104,-0.0780,-0.0270,0.2132,-0.1654
23.6401,266.84,-1087.93,67.97,-38.40,89.38,3.46,0.1033,0.2124,-0.1070,-0.0312,0.2073,-0.1666
23.6821,266.15,-1087.94,68.35,-37.23,94.77,1.12,0.1067,0.2137,-0.1294,-0.0383,0.2022,-0.1670
23.7241,265.39,-1088.20,68.79,-35.93,100.35,-2.61,0.1110,0.2171,-0.1448,-0.0459,0.1991,-0.1681
23.7656,264.76,-1088.50,69.24,-34.32,107.81,-5.65,0.1124,0.2225,-0.1569,-0.0577,0.1944,-0.1693
23.8073,264.30,-1088.87,69.67,-32.82,115.11,-10.51,0.1097,0.2259,-0.1659,-0.0740,0.1844,-0.1711
23.8486,264.01,-1089.22,70.04,-31.06,123.33,-14.75,0.1055,0.2300,-0.1742,-0.0961,0.1650,-0.1716
23.8902,263.87,-1089.59,70.31,-28.60,131.96,-19.91,0.1004,0.2343,-0.1815,-0.1213,0.1358,-0.1715
23.9321,263.99,-1089.95,70.53,-26.09,140.92,-24.60,0.0943,0.2392,-0.1887,-0.1478,0.0947,-0.1727
23.9741,264.18,-1090.07,70.79,-22.56,148.50,-28.75,0.0870,0.2449,-0.1963,-0.1772,0.0422,-0.1723
24.0156,264.48,-1090.13,70.87,-19.50,154.08,-32.61,0.0782,0.2500,-0.2020,-0.2048,-0.0143,-0.1669
24.0572,264.83,-1089.86,70.83,-16.56,158.51,-34.35,0.0699,0.2532,-0.2067,-0.2272,-0.0755,-0.1521
24.0998,265.15,-1089.55,70.66,-14.33,161.31,-36.73,0.0626,0.2550,-0.2088,-0.2399,-0.1350,-0.1250
24.1420,265.49,-1089.08,70.37,-12.86,162.96,-38.34,0.0558,0.2546,-0.2082,-0.2397,-0.1841,-0.0870
24.1842,265.81,-1088.43,70.13,-11.96,163.18,-39.32,0.0511,0.2507,-0.2078,-0.2256,-0.2184,-0.0422
24.2260,266.05,-1087.82,69.77,-11.50,161.84,-40.50,0.0488,0.2470,-0.2086,-0.2115,-0.2346,0.0061
24.2678,266.43,-1087.41,69.38,-12.54,160.81,-41.02,0.0484,0.2464,-0.2090,-0.2061,-0.2333,0.0523
24.3096,266.82,-1087.13,69.03,-13.71,159.79,-41.17,0.0490,0.2464,-0.2086,-0.2077,-0.2158,0.0944
24.3519,267.25,-1086.89,68.71,-15.32,158.07,-41.11,0.0499,0.2456,-0.2073,-0.2119,-0.1880,0.1304
24.3932,267.73,-1086.77,68.42,-17.62,155.69,-40.10,0.0512,0.2438,-0.2052,-0.2180,-0.1445,0.1575
24.4348,268.21,-1086.70,68.20,-20.02,152.51,-38.61,0.0546,0.2410,-0.2032,-0.2218,-0.0894,0.1724
24.4762,268.65,-1086.59,67.99,-22.47,148.70,-37.33,0.0603,0.2367,-0.1997,-0.2187,-0.0273,0.1719
24.5170,269.16,-1086.56,67.65,-25.16,144.57,-35.65,0.0667,0.2330,-0.1931,-0.2088,0.0353,0.1579
24.5591,269.74,-1086.54,67.18,-29.15,139.94,-33.80,0.0734,0.2291,-0.1828,-0.1940,0.0885,0.1324
24.6008,270.34,-1086.51,66.66,-33.08,134.08,-31.30,0.0794,0.2248,-0.1724,-0.1772,0.1381,0.0980
24.6422,271.01,-1086.43,66.11,-37.62,126.83,-27.84,0.0867,0.2191,-0.1614,-0.1553,0.1764,0.0516
24.6843,271.58,-1086.15,65.49,-41.11,117.86,-23.81,0.0940,0.2112,-0.1495,-0.1300,0.2003,0.0029
24.7262,272.22,-1086.01,64.85,-44.04,109.04,-17.84,0.1002,0.2032,-0.1375,-0.1056,0.2154,-0.0429
24.7679,272.76,-1085.95,64.28,-46.14,100.17,-13.34,0.1060,0.1950,-0.1267,-0.0870,0.2236,-0.0797
24.8095,273.28,-1086.00,63.94,-47.58,91.91,-7.88,0.1097,0.1872,-0.1206,-0.0732,0.2305,-0.1053
24.8517,273.66,-1086.03,63.61,-47.59,85.46,-3.98,0.1129,0.1803,-0.1168,-0.0602,0.2305,-0.1213
24.8934,274.01,-1086.24,63.36,-48.26,80.81,-0.28,0.1138,0.1741,-0.1186,-0.0513,0.2275,-0.1291
24.9362,274.17,-1086.50,63.15,-48.92,77.35,1.57,0.1137,0.1648,-0.1233,-0.0448,0.2280,-0.1307
24.9791,274.26,-1086.88,63.03,-50.25,74.37,4.05,0.1132,0.1540,-0.1333,-0.0410,0.2289,-0.1314
25.0215,274.19,-1087.12,62.92,-50.23,72.00,5.93,0.1181,0.1356,-0.1445,-0.0394,0.2291,-0.1314
25.0635,274.00,-1087.44,62.91,-50.85,69.51,8.58,0.1317,0.1130,-0.1568,-0.0379,0.2309,-0.1349
25.1056,273.61,-1087.62,62.91,-51.19,67.93,10.34,0.1544,0.0829,-0.1652,-0.0392,0.2327,-0.1388
25.1478,273.17,-1087.81,62.95,-51.57,66.74,11.82,0.1816,0.0465,-0.1701,-0.0406,0.2366,-0.1447
25.1893,272.68,-1087.87,63.03,-52.00,66.35,12.65,0.2096,0.0021,-0.1689,-0.0423,0.2384,-0.1515
25.2315,272.24,-1087.88,63.19,-52.04,65.70,13.54,0.2362,-0.0451,-0.1614,-0.0450,0.2399,-0.1588
25.2733,271.91,-1087.83,63.42,-51.86,65.22,14.30,0.2566,-0.0940,-0.1448,-0.0478,0.2409,-0.1656
25.3156,271.65,-1087.82,63.66,-51.55,64.71,14.93,0.2710,-0.1382,-0.1187,-0.0510,0.2421,-0.1705
25.3570,271.42,-1087.86,63.93,-51.40,64.37,15.21,0.2795,-0.1731,-0.0839,-0.0523,0.2438,-0.1746
25.3985,271.24,-1087.90,64.11,-51.03,63.93,15.27,0.2826,-0.1985,-0.0416,-0.0535,0.2452,-0.1763
25.4401,271.15,-1088.01,64.35,-51.14,62.99,15.92,0.2797,-0.2119,0.0029,-0.0530,0.2477,-0.1777
25.4823,271.08,-1088.10,64.46,-50.60,61.39,16.18,0.2725,-0.2141,0.0462,-0.0517,0.2496,-0.1771
25.5241,270.98,-1088.28,64.59,-50.61,59.72,16.96,0.2624,-0.2067,0.0858,-0.0478,0.2524,-0.1762
25.5665,270.86,-1088.38,64.63,-50.37,58.33,17.07,0.2524,-0.1896,0.1186,-0.0426,0.2543,-0.1744
25.6072,270.69,-1088.56,64.63,-50.37,57.50,17.04,0.2435,-0.1649,0.1451,-0.0365,0.2557,-0.1723
25.6492,270.50,-1088.76,64.59,-50.62,56.91,16.46,0.2368,-0.1342,0.1647,-0.0295,0.2555,-0.1700
25.6915,270.29,-1089.03,64.63,-50.97,56.38,16.11,0.2335,-0.0981,0.1779,-0.0235,0.2545,-0.1675
25.7335,270.06,-1089.20,64.71,-51.05,56.43,15.86,0.2301,-0.0599,0.1832,-0.0181,0.2528,-0.1650
25.7750,269.79,-1089.28,64.79,-50.63,57.05,15.08,0.2256,-0.0195,0.1787,-0.0137,0.2500,-0.1625
25.8166,269.53,-1089.27,64.86,-50.48,58.43,14.68,0.2188,0.0224,0.1653,-0.0109,0.2460,-0.1599
25.8585,269.14,-1089.34,64.86,-50.76,60.28,13.83,0.2106,0.0646,0.1396,-0.0076,0.2424,-0.1576
25.9000,268.76,-1089.32,64.87,-51.45,62.93,12.70,0.2005,0.1038,0.1062,-0.0059,0.2372,-0.1551
25.9418,268.39,-1089.26,64.90,-51.64,66.29,10.97,0.1860,0.1376,0.0683,-0.0047,0.2314,-0.1537
25.9837,267.98,-1089.19,64.96,-52.06,70.79,8.94,0.1702,0.1672,0.0238,-0.0048,0.2250,-0.1527
26.0254,267.55,-1089.05,65.09,-51.98,76.23,5.89,0.1526,0.1842,-0.0198,-0.0065,0.2185,-0.1527
26.0669,267.12,-1088.87,65.23,-51.23,82.03,2.84,0.1346,0.1955,-0.0582,-0.0094,0.2129,-0.1548
26.1089,266.59,-1088.69,65.50,-50.25,87.36,-0.32,0.1173,0.2011,-0.0872,-0.0160,0.2084,-0.1586
26.1507,266.08,-1088.51,65.81,-48.95,93.09,-2.94,0.1052,0.2040,-0.1076,-0.0254,0.2054,-0.1632
26.1924,265.53,-1088.50,66.22,-46.81,99.63,-6.59,0.0982,0.2063,-0.1224,-0.0351,0.2021,-0.1666
26.2333,265.11,-1088.62,66.72,-45.39,106.80,-10.38,0.0942,0.2086,-0.1342,-0.0452,0.1949,-0.1721
26.2736,264.75,-1088.79,67.28,-42.53,114.06,-14.90,0.0908,0.2126,-0.1419,-0.0603,0.1810,-0.1784
26.3139,264.56,-1089.16,67.92,-40.06,121.76,-19.52,0.0865,0.2205,-0.1508,-0.0812,0.1589,-0.1861
26.3551,264.49,-1089.43,68.54,-36.61,129.45,-23.79,0.0823,0.2276,-0.1578,-0.1075,0.1278,-0.1912
26.3965,264.56,-1089.72,69.14,-32.92,135.91,-27.70,0.0772,0.2372,-0.1669,-0.1398,0.0893,-0.1920
26.4377,264.76,-1090.16,69.66,-29.58,142.71,-30.78,0.0723,0.2464,-0.1751,-0.1730,0.0440,-0.1867
26.4792,264.96,-1090.34,70.09,-26.42,148.36,-33.66,0.0673,0.2543,-0.1817,-0.2062,-0.0071,-0.1750
26.5208,265.12,-1090.34,70.43,-23.45,152.28,-35.58,0.0618,0.2599,-0.1869,-0.2302,-0.0605,-0.1556
26.5630,265.23,-1090.34,70.54,-21.35,155.93,-37.28,0.0565,0.2645,-0.1898,-0.2416,-0.1119,-0.1271
26.6054,265.23,-1090.34,70.51,-20.23,158.52,-39.33,0.0530,0.2675,-0.1912,-0.2470,-0.1548,-0.0911
26.6472,265.28,-1090.36,70.52,-19.75,160.56,-40.81,0.0515,0.2690,-0.1918,-0.2429,-0.1877,-0.0463
26.6892,265.31,-1090.32,70.51,-19.16,161.83,-41.14,0.0510,0.2707,-0.1916,-0.2378,-0.2101,0.0000
26.7305,265.38,-1090.25,70.46,-18.62,162.38,-41.58,0.0503,0.2714,-0.1915,-0.2286,-0.2156,0.0476
26.7726,265.65,-1090.19,70.27,-18.76,162.63,-41.72,0.0499,0.2713,-0.1897,-0.2209,-0.2114,0.0945
26.8170,265.97,-1090.17,70.04,-19.13,162.20,-42.22,0.0494,0.2710,-0.1874,-0.2155,-0.1946,0.1344
26.8559,266.45,-1090.01,69.82,-20.22,161.42,-42.03,0.0485,0.2671,-0.1848,-0.2096,-0.1705,0.1655
26.8976,266.96,-1089.85,69.55,-20.89,159.14,-42.49,0.0486,0.2628,-0.1823,-0.2046,-0.1323,0.1868
26.9394,267.65,-1089.67,69.26,-22.21,156.53,-42.16,0.0490,0.2577,-0.1799,-0.1955,-0.0841,0.1934
26.9813,268.40,-1089.37,68.93,-23.82,152.68,-41.45,0.0505,0.2512,-0.1774,-0.1843,-0.0320,0.1869
27.0233,269.28,-1089.09,68.53,-26.04,147.84,-40.05,0.0525,0.2445,-0.1737,-0.1738,0.0229,0.1698
27.0649,270.23,-1088.85,68.09,-28.74,142.53,-38.47,0.0546,0.2379,-0.1695,-0.1651,0.0751,0.1382
27.1063,271.22,-1088.53,67.63,-31.33,135.98,-36.39,0.0569,0.2296,-0.1655,-0.1590,0.1232,0.1004
27.1480,272.27,-1088.29,67.07,-34.39,128.40,-33.76,0.0604,0.2216,-0.1609,-0.1517,0.1682,0.0595
27.1887,273.34,-1088.07,66.37,-38.20,120.04,-30.74,0.0643,0.2128,-0.1546,-0.1429,0.2048,0.0181
27.2309,274.23,-1088.04,65.74,-41.57,111.83,-27.09,0.0693,0.2070,-0.1491,-0.1299,0.2303,-0.0211
27.2727,275.00,-1087.86,65.40,-44.53,104.65,-23.74,0.0740,0.2011,-0.1442,-0.1116,0.2362,-0.0535
27.3147,275.73,-1087.80,65.14,-45.05,97.06,-19.05,0.0741,0.1978,-0.1417,-0.0905,0.2395,-0.0773
27.3561,276.22,-1087.90,65.04,-46.76,90.33,-15.18,0.0751,0.1934,-0.1411,-0.0768,0.2388,-0.0947
27.3981,276.57,-1088.05,65.03,-47.26,85.32,-10.61,0.0762,0.1891,-0.1443,-0.0745,0.2403,-0.1081
27.4398,276.67,-1088.11,65.12,-47.73,80.69,-7.69,0.0790,0.1815,-0.1494,-0.0725,0.2402,-0.1192
27.4819,276.59,-1088.31,65.24,-47.88,77.89,-4.68,0.0837,0.1733,-0.1573,-0.0691,0.2392,-0.1268
27.5237,276.33,-1088.53,65.32,-48.84,75.61,-2.65,0.0915,0.1616,-0.1644,-0.0639,0.2397,-0.1317
27.5665,275.99,-1088.65,65.43,-49.11,73.61,-0.66,0.1020,0.1448,-0.1708,-0.0596,0.2420,-0.1351
27.6091,275.46,-1088.78,65.58,-49.83,71.92,1.29,0.1160,0.1223,-0.1775,-0.0555,0.2426,-0.1395
27.6511,274.98,-1088.80,65.66,-50.19,70.65,3.28,0.1360,0.0954,-0.1834,-0.0535,0.2427,-0.1440
27.6939,274.39,-1088.79,65.78,-50.99,68.94,4.69,0.1599,0.0623,-0.1857,-0.0520,0.2435,-0.1494
27.7357,273.86,-1088.55,65.89,-50.40,67.64,5.70,0.1843,0.0225,-0.1875,-0.0516,0.2431,-0.1550
27.7777,273.32,-1088.43,65.94,-50.30,66.58,7.01,0.2074,-0.0210,-0.1815,-0.0517,0.2445,-0.1598
27.8197,272.86,-1088.27,65.91,-50.54,64.55,8.84,0.2271,-0.0640,-0.1708,-0.0520,0.2458,-0.1640
27.8612,272.50,-1088.05,65.80,-50.39,62.54,10.98,0.2440,-0.1062,-0.1513,-0.0537,0.2464,-0.1668
27.9035,272.15,-1087.90,65.75,-50.98,60.58,12.34,0.2548,-0.1439,-0.1234,-0.0553,0.2474,-0.1699
27.9456,271.94,-1087.65,65.65,-50.76,59.44,13.39,0.2590,-0.1760,-0.0878,-0.0574,0.2478,-0.1720
27.9873,271.66,-1087.62,65.52,-51.00,58.89,13.45,0.2607,-0.1985,-0.0457,-0.0588,0.2485,-0.1733
28.0295,271.45,-1087.61,65.50,-51.39,58.47,13.46,0.2564,-0.2123,-0.0036,-0.0604,0.2489,-0.1735
28.0708,271.22,-1087.68,65.50,-50.98,59.10,12.65,0.2494,-0.2171,0.0362,-0.0620,0.2506,-0.1730
28.1128,270.95,-1087.76,65.63,-50.71,59.80,11.61,0.2422,-0.2122,0.0680,-0.0626,0.2517,-0.1719
28.1548,270.66,-1087.94,65.79,-50.12,60.75,10.54,0.2366,-0.1990,0.0937,-0.0618,0.2533,-0.1705
28.1967,270.34,-1088.19,66.01,-49.66,61.81,9.72,0.2352,-0.1712,0.1129,-0.0593,0.2542,-0.1689
28.2386,269.99,-1088.56,66.28,-49.18,63.38,8.38,0.2346,-0.1329,0.1238,-0.0569,0.2542,-0.1665
28.2804,269.70,-1088.97,66.52,-48.83,64.72,7.53,0.2296,-0.0906,0.1317,-0.0538,0.2535,-0.1637
28.3218,269.38,-1089.38,66.76,-48.34,66.17,6.68,0.2222,-0.0419,0.1332,-0.0497,0.2513,-0.1616
28.3635,269.11,-1089.79,66.96,-48.08,67.86,6.21,0.2114,0.0066,0.1266,-0.0456,0.2483,-0.1603
28.4057,268.84,-1090.12,67.20,-47.53,70.02,5.32,0.1979,0.0548,0.1124,-0.0413,0.2443,-0.1608
28.4475,268.60,-1090.42,67.43,-47.10,72.44,4.50,0.1836,0.1032,0.0875,-0.0372,0.2398,-0.1622
28.4881,268.38,-1090.57,67.68,-46.21,75.12,3.69,0.1690,0.1451,0.0544,-0.0332,0.2343,-0.1650
28.5283,268.22,-1090.66,67.90,-45.11,77.38,3.13,0.1534,0.1816,0.0099,-0.0289,0.2277,-0.1702
28.5689,268.12,-1090.62,68.09,-44.18,79.93,2.62,0.1386,0.2065,-0.0389,-0.0280,0.2212,-0.1760
28.6099,267.93,-1090.51,68.27,-43.16,82.41,1.49,0.1243,0.2162,-0.0794,-0.0288,0.2165,-0.1814
28.6513,267.71,-1090.30,68.39,-42.09,85.94,-0.03,0.1129,0.2181,-0.1080,-0.0316,0.2115,-0.1845
28.6927,267.41,-1090.10,68.61,-41.09,90.20,-2.18,0.1018,0.2176,-0.1314,-0.0363,0.2070,-0.1855
28.7340,267.11,-1089.94,68.81,-39.68,94.98,-5.27,0.0951,0.2154,-0.1456,-0.0422,0.2023,-0.1862
28.7757,266.79,-1090.03,69.13,-38.84,100.75,-9.25,0.0919,0.2190,-0.1568,-0.0515,0.1966,-0.1889
28.8176,266.51,-1089.95,69.51,-36.91,107.84,-14.27,0.0886,0.2220,-0.1655,-0.0683,0.1835,-0.1916
28.8594,266.19,-1089.93,69.84,-33.68,116.37,-19.53,0.0840,0.2252,-0.1713,-0.0894,0.1626,-0.1928
28.9008,266.00,-1090.14,70.11,-31.38,125.27,-24.62,0.0768,0.2301,-0.1767,-0.1170,0.1352,-0.1908
28.9419,265.88,-1090.22,70.32,-28.89,133.34,-28.80,0.0707,0.2355,-0.1816,-0.1484,0.0946,-0.1866
28.9839,265.86,-1090.30,70.55,-26.50,139.57,-32.46,0.0658,0.2408,-0.1880,-0.1783,0.0499,-0.1811
29.0257,265.92,-1090.36,70.79,-24.14,144.44,-34.84,0.0621,0.2455,-0.1958,-0.2075,0.0002,-0.1708
29.0675,266.12,-1090.33,71.08,-21.91,148.18,-36.77,0.0587,0.2498,-0.2047,-0.2299,-0.0527,-0.1551
29.1094,266.26,-1090.05,71.49,-19.45,150.04,-38.35,0.0564,0.2518,-0.2151,-0.2461,-0.1073,-0.1356
29.1511,266.41,-1089.80,71.72,-17.14,151.29,-38.68,0.0565,0.2536,-0.2231,-0.2552,-0.1598,-0.1068
29.1927,266.55,-1089.63,71.80,-15.87,152.32,-39.47,0.0576,0.2567,-0.2288,-0.2580,-0.2021,-0.0716
29.2346,266.61,-1089.47,71.77,-15.01,153.47,-40.21,0.0593,0.2584,-0.2307,-0.2533,-0.2322,-0.0274
29.2765,266.68,-1089.26,71.65,-14.17,154.11,-40.79,0.0602,0.2586,-0.2304,-0.2480,-0.2417,0.0186
29.3183,266.84,-1089.23,71.39,-14.52,154.33,-41.94,0.0603,0.2597,-0.2274,-0.2403,-0.2359,0.0648
29.3600,267.05,-1089.16,71.10,-15.64,154.17,-42.08,0.0599,0.2590,-0.2240,-0.2312,-0.2139,0.1044
29.4014,267.29,-1089.14,70.76,-17.11,152.79,-42.10,0.0604,0.2565,-0.2195,-0.2255,-0.1795,0.1371
29.4433,267.63,-1089.20,70.41,-19.33,151.14,-41.72,0.0603,0.2529,-0.2152,-0.2210,-0.1339,0.1594
29.4852,268.03,-1089.26,69.95,-22.00,148.41,-40.86,0.0611,0.2476,-0.2094,-0.2156,-0.0807,0.1667
29.5270,268.52,-1089.32,69.48,-25.23,144.87,-40.16,0.0629,0.2423,-0.2033,-0.2100,-0.0237,0.1628
29.5690,269.06,-1089.38,69.03,-28.21,140.34,-37.92,0.0642,0.2371,-0.1970,-0.2032,0.0314,0.1463
29.6102,269.72,-1089.57,68.61,-31.57,135.53,-35.64,0.0656,0.2322,-0.1893,-0.1948,0.0833,0.1204
29.6523,270.35,-1089.69,68.27,-34.79,129.32,-32.63,0.0672,0.2263,-0.1823,-0.1832,0.1306,0.0851
29.6940,271.08,-1089.76,67.92,-37.41,121.92,-27.57,0.0689,0.2181,-0.1745,-0.1697,0.1690,0.0477
29.7364,271.79,-1089.86,67.65,-39.99,114.04,-22.57,0.0711,0.2089,-0.1679,-0.1525,0.2017,0.0099
29.7778,272.49,-1090.11,67.37,-41.55,106.37,-18.10,0.0736,0.2010,-0.1615,-0.1297,0.2218,-0.0293
29.8197,273.05,-1090.37,67.24,-43.92,99.34,-14.48,0.0767,0.1934,-0.1554,-0.1078,0.2309,-0.0640
29.8617,273.53,-1090.71,67.19,-44.40,94.00,-10.94,0.0785,0.1883,-0.1527,-0.0909,0.2366,-0.0920
29.9029,273.82,-1091.00,67.20,-45.28,89.38,-8.64,0.0820,0.1833,-0.1488,-0.0781,0.2379,-0.1144
29.9455,274.03,-1091.34,67.25,-45.53,86.53,-6.46,0.0840,0.1809,-0.1477,-0.0688,0.2388,-0.1285
29.9873,274.13,-1091.51,67.25,-45.23,84.45,-5.75,0.0863,0.1777,-0.1477,-0.0627,0.2380,-0.1355
30.0294,274.16,-1091.90,67.35,-45.53,83.63,-5.07,0.0893,0.1742,-0.1513,-0.0574,0.2387,-0.1379
30.0703,274.15,-1092.08,67.50,-45.50,82.91,-4.84,0.0939,0.1645,-0.1596,-0.0528,0.2369,-0.1393
30.1127,274.03,-1092.31,67.66,-45.19,81.89,-4.37,0.1030,0.1474,-0.1724,-0.0499,0.2370,-0.1401
30.1541,273.87,-1092.48,67.89,-45.52,80.69,-3.36,0.1169,0.1238,-0.1876,-0.0486,0.2388,-0.1436
30.1961,273.67,-1092.41,68.06,-44.79,79.42,-2.41,0.1376,0.0889,-0.2035,-0.0495,0.2396,-0.1474
30.2381,273.40,-1092.43,68.25,-44.59,78.21,-1.45,0.1618,0.0479,-0.2179,-0.0501,0.2426,-0.1527
30.2796,273.17,-1092.30,68.46,-44.45,77.06,-0.44,0.1887,0.0004,-0.2290,-0.0517,0.2454,-0.1588
30.3213,273.03,-1091.98,68.65,-43.59,74.69,1.48,0.2172,-0.0506,-0.2304,-0.0537,0.2474,-0.1654
30.3632,272.92,-1091.63,68.79,-42.76,72.60,4.73,0.2432,-0.1011,-0.2225,-0.0553,0.2481,-0.1717
30.4050,272.84,-1091.26,68.94,-42.04,70.98,6.75,0.2581,-0.1504,-0.2003,-0.0575,0.2475,-0.1777
30.4469,272.81,-1090.88,69.09,-41.38,70.64,7.82,0.2664,-0.1876,-0.1645,-0.0590,0.2472,-0.1837
30.4884,272.77,-1090.72,69.15,-40.91,70.26,7.36,0.2731,-0.2086,-0.1210,-0.0597,0.2486,-0.1889
30.5298,272.75,-1090.72,69.33,-41.29,70.01,7.95,0.2745,-0.2119,-0.0694,-0.0598,0.2506,-0.1938
30.5716,272.63,-1090.68,69.45,-40.99,69.67,7.23,0.2720,-0.2063,-0.0188,-0.0576,0.2522,-0.1977
30.6139,272.46,-1090.72,69.68,-40.48,69.56,7.10,0.2653,-0.1890,0.0269,-0.0553,0.2538,-0.2002
30.6555,272.17,-1090.84,69.89,-39.93,69.46,6.88,0.2555,-0.1629,0.0649,-0.0518,0.2557,-0.2016
30.6975,271.83,-1091.09,70.06,-39.52,69.67,6.80,0.2428,-0.1289,0.0929,-0.0479,0.2573,-0.2011
30.7386,271.43,-1091.42,70.25,-39.28,69.31,7.00,0.2286,-0.0900,0.1136,-0.0439,0.2580,-0.2002
30.7804,271.06,-1091.86,70.42,-38.71,69.24,8.18,0.2140,-0.0458,0.1258,-0.0396,0.2577,-0.1980
30.8223,270.65,-1092.31,70.64,-38.62,69.51,8.40,0.2002,-0.0026,0.1260,-0.0363,0.2567,-0.1960
30.8644,270.26,-1092.62,70.78,-38.07,70.63,8.45,0.1859,0.0406,0.1198,-0.0328,0.2536,-0.1932
30.9058,269.84,-1092.89,70.83,-38.04,72.76,7.77,0.1719,0.0862,0.1031,-0.0300,0.2491,-0.1905
30.9478,269.41,-1093.16,70.78,-38.38,75.54,6.82,0.1576,0.1264,0.0781,-0.0283,0.2442,-0.1881
30.9895,268.98,-1093.40,70.73,-39.16,78.80,5.53,0.1437,0.1651,0.0437,-0.0271,0.2392,-0.1868
31.0316,268.56,-1093.55,70.71,-39.48,82.87,3.65,0.1335,0.1976,-0.0005,-0.0263,0.2341,-0.1865
31.0731,268.19,-1093.62,70.72,-39.50,86.90,1.97,0.1254,0.2174,-0.0464,-0.0271,0.2283,-0.1871
31.1150,267.76,-1093.61,70.69,-39.38,90.41,-0.08,0.1199,0.2241,-0.0768,-0.0259,0.2230,-0.1891
31.1568,267.36,-1093.54,70.67,-39.39,94.32,-1.50,0.1107,0.2281,-0.1058,-0.0264,0.2162,-0.1909
31.1983,267.02,-1093.30,70.58,-38.54,99.51,-3.12,0.1045,0.2271,-0.1254,-0.0299,0.2092,-0.1905
31.2403,266.72,-1093.29,70.51,-38.45,105.45,-6.58,0.1024,0.2298,-0.1388,-0.0351,0.2027,-0.1915
31.2825,266.64,-1093.27,70.43,-37.93,112.07,-10.84,0.0999,0.2331,-0.1468,-0.0464,0.1933,-0.1935
31.3240,266.54,-1093.19,70.53,-36.89,118.65,-15.65,0.0959,0.2363,-0.1538,-0.0646,0.1780,-0.1982
31.3655,266.58,-1092.99,70.56,-34.13,124.74,-20.13,0.0918,0.2398,-0.1584,-0.0871,0.1531,-0.2035
31.4074,266.75,-1092.99,70.66,-32.09,130.90,-24.35,0.0877,0.2441,-0.1625,-0.1141,0.1184,-0.2099
31.4492,267.07,-1092.83,70.76,-29.95,136.21,-27.91,0.0821,0.2479,-0.1667,-0.1464,0.0749,-0.2133
31.4908,267.41,-1092.65,70.96,-27.51,140.27,-31.12,0.0761,0.2512,-0.1719,-0.1821,0.0272,-0.2117
31.5328,267.74,-1092.41,71.13,-24.71,143.85,-33.52,0.0699,0.2547,-0.1770,-0.2177,-0.0238,-0.2029
31.5743,268.13,-1092.18,71.30,-22.46,146.88,-35.52,0.0632,0.2580,-0.1820,-0.2505,-0.0779,-0.1834
31.6160,268.52,-1091.99,71.39,-20.45,149.17,-37.23,0.0566,0.2613,-0.1852,-0.2767,-0.1321,-0.1540
31.6575,268.89,-1091.70,71.47,-18.85,150.66,-38.30,0.0496,0.2627,-0.1893,-0.2909,-0.1832,-0.1125
31.6999,269.24,-1091.49,71.50,-17.80,151.10,-39.41,0.0440,0.2637,-0.1916,-0.2937,-0.2210,-0.0641
31.7414,269.53,-1091.28,71.50,-17.18,150.98,-40.03,0.0385,0.2641,-0.1936,-0.2878,-0.2410,-0.0129
31.7835,269.80,-1091.15,71.41,-16.95,150.75,-40.21,0.0342,0.2636,-0.1935,-0.2788,-0.2436,0.0363
31.8251,270.07,-1091.10,71.25,-17.26,150.33,-40.47,0.0308,0.2632,-0.1926,-0.2698,-0.2330,0.0800
31.8666,270.35,-1091.05,71.03,-17.92,149.67,-40.69,0.0293,0.2622,-0.1908,-0.2616,-0.2082,0.1176
31.9085,270.71,-1091.11,70.73,-19.82,148.17,-40.49,0.0280,0.2617,-0.1880,-0.2553,-0.1684,0.1459
31.9503,271.06,-1091.20,70.50,-22.30,145.62,-39.46,0.0281,0.2595,-0.1841,-0.2488,-0.1183,0.1644
31.9922,271.44,-1091.28,70.22,-24.94,142.49,-38.02,0.0298,0.2557,-0.1793,-0.2426,-0.0638,0.1708
32.0340,271.79,-1091.34,70.01,-27.55,138.72,-35.92,0.0326,0.2509,-0.1747,-0.2356,-0.0067,0.1662
32.0755,272.09,-1091.30,69.78,-29.68,134.31,-34.50,0.0372,0.2436,-0.1693,-0.2256,0.0516,0.1464
32.1171,272.46,-1091.29,69.56,-32.01,129.33,-32.07,0.0425,0.2358,-0.1642,-0.2122,0.1087,0.1150
32.1589,272.81,-1091.27,69.38,-34.37,123.73,-30.06,0.0493,0.2283,-0.1598,-0.1929,0.1586,0.0779
32.2001,273.14,-1091.10,69.31,-36.41,117.43,-26.65,0.0576,0.2202,-0.1553,-0.1672,0.1966,0.0368
32.2418,273.47,-1090.85,69.23,-37.67,110.42,-23.52,0.0670,0.2109,-0.1500,-0.1382,0.2229,-0.0052
32.2834,273.87,-1090.70,69.19,-39.02,103.74,-19.39,0.0756,0.2038,-0.1445,-0.1120,0.2370,-0.0451
32.3252,274.17,-1090.37,69.17,-39.47,97.16,-16.48,0.0838,0.1969,-0.1392,-0.0905,0.2425,-0.0805
32.3672,274.44,-1090.36,69.13,-39.63,91.81,-12.81,0.0885,0.1943,-0.1348,-0.0760,0.2448,-0.1060
32.4094,274.57,-1090.31,69.09,-40.73,87.73,-10.54,0.0909,0.1915,-0.1305,-0.0653,0.2442,-0.1242
32.4511,274.58,-1090.35,69.01,-41.18,84.77,-7.98,0.0915,0.1895,-0.1298,-0.0604,0.2453,-0.1338
32.4928,274.41,-1090.38,68.72,-42.93,82.83,-6.21,0.0946,0.1832,-0.1303,-0.0588,0.2468,-0.1363
32.5344,274.10,-1090.46,68.39,-45.19,81.30,-4.73,0.1007,0.1754,-0.1362,-0.0575,0.2486,-0.1356
32.5768,273.71,-1090.38,68.04,-46.80,80.12,-3.68,0.1111,0.1589,-0.1463,-0.0568,0.2492,-0.1324
32.6188,273.24,-1090.34,67.90,-47.94,78.28,-2.50,0.1244,0.1328,-0.1606,-0.0554,0.2507,-0.1306
32.6611,272.73,-1090.17,67.77,-48.33,76.81,-1.22,0.1407,0.0974,-0.1769,-0.0541,0.2509,-0.1303
32.7033,272.23,-1089.94,67.84,-48.38,75.06,0.29,0.1610,0.0542,-0.1938,-0.0542,0.2517,-0.1321
32.7458,271.75,-1089.59,67.83,-47.59,74.21,1.04,0.1816,0.0033,-0.2053,-0.0541,0.2524,-0.1359
32.7874,271.28,-1089.40,67.81,-47.60,73.27,1.64,0.2034,-0.0485,-0.2087,-0.0555,0.2539,-0.1398
32.8292,270.90,-1089.20,67.78,-47.55,72.91,2.17,0.2219,-0.1019,-0.1998,-0.0572,0.2553,-0.1442
32.8714,270.67,-1088.94,67.73,-47.31,72.44,2.84,0.2397,-0.1502,-0.1801,-0.0599,0.2553,-0.1479
32.9129,270.47,-1088.86,67.70,-47.31,71.52,3.32,0.2525,-0.1917,-0.1519,-0.0618,0.2564,-0.1515
32.9550,270.35,-1088.84,67.73,-47.60,70.22,4.11,0.2585,-0.2264,-0.1139,-0.0636,0.2573,-0.1553
32.9969,270.24,-1088.94,67.69,-47.03,68.75,4.80,0.2595,-0.2481,-0.0686,-0.0648,0.2599,-0.1575
33.0388,270.10,-1089.15,67.72,-47.07,67.08,5.78,0.2597,-0.2588,-0.0216,-0.0644,0.2624,-0.1593
33.0807,269.94,-1089.30,67.78,-46.74,65.30,6.77,0.2560,-0.2576,0.0257,-0.0618,0.2632,-0.1602
33.1232,269.75,-1089.55,67.80,-46.43,64.17,7.70,0.2529,-0.2415,0.0682,-0.0578,0.2640,-0.1605
33.1653,269.55,-1089.85,67.85,-46.19,63.77,8.07,0.2475,-0.2158,0.1048,-0.0532,0.2647,-0.1599
33.2063,269.29,-1090.23,67.85,-46.03,63.78,7.88,0.2407,-0.1809,0.1369,-0.0495,0.2654,-0.1590
33.2480,269.04,-1090.65,67.93,-46.07,64.41,7.55,0.2323,-0.1302,0.1491,-0.0439,0.2639,-0.1563
33.3175,268.95,-1090.87,67.97,-46.18,64.91,7.31,0.2145,-0.0594,0.1719,-0.0384,0.2582,-0.1515
33.3593,268.35,-1092.02,68.49,-45.41,68.27,6.29,0.2055,-0.0045,0.1653,-0.0314,0.2604,-0.1512
33.4006,268.04,-1092.35,68.92,-44.41,70.85,5.17,0.1936,0.0403,0.1498,-0.0281,0.2559,-0.1505
33.4412,267.71,-1092.56,69.43,-42.47,74.24,3.99,0.1823,0.0786,0.1322,-0.0253,0.2506,-0.1516
33.4818,267.38,-1092.75,70.01,-40.77,78.09,2.21,0.1740,0.1169,0.1059,-0.0247,0.2453,-0.1544
33.5235,267.13,-1092.88,70.55,-38.57,81.69,0.63,0.1652,0.1510,0.0740,-0.0271,0.2403,-0.1577
33.5655,266.92,-1092.98,71.06,-36.88,85.38,-0.93,0.1573,0.1782,0.0412,-0.0314,0.2356,-0.1609
33.6072,266.75,-1093.13,71.44,-34.90,89.18,-2.63,0.1482,0.2034,0.0069,-0.0363,0.2323,-0.1626
33.6490,266.61,-1093.31,71.91,-33.79,93.60,-4.31,0.1380,0.2243,-0.0305,-0.0404,0.2290,-0.1656
33.6900,266.50,-1093.43,72.34,-31.76,97.77,-7.13,0.1258,0.2366,-0.0664,-0.0468,0.2246,-0.1665
33.7317,266.47,-1093.56,72.76,-30.24,102.63,-8.89,0.1114,0.2455,-0.1025,-0.0541,0.2208,-0.1676
33.7735,266.49,-1093.62,73.14,-28.12,107.09,-11.57,0.0942,0.2487,-0.1308,-0.0633,0.2153,-0.1682
33.8150,266.59,-1093.85,73.46,-26.46,112.04,-13.50,0.0781,0.2519,-0.1538,-0.0757,0.2083,-0.1695
33.8568,266.73,-1093.97,73.74,-24.26,117.49,-15.89,0.0660,0.2533,-0.1677,-0.0921,0.1938,-0.1725
33.8986,266.99,-1094.17,74.01,-22.35,123.50,-18.93,0.0555,0.2576,-0.1816,-0.1123,0.1717,-0.1784
33.9400,267.32,-1094.15,74.12,-19.86,128.93,-21.71,0.0457,0.2598,-0.1919,-0.1356,0.1377,-0.1854
33.9822,267.70,-1094.06,74.12,-17.59,134.43,-23.85,0.0363,0.2624,-0.2008,-0.1611,0.0912,-0.1929
34.0238,268.08,-1093.80,73.98,-15.73,139.21,-26.30,0.0280,0.2633,-0.2081,-0.1874,0.0380,-0.1994
34.0658,268.38,-1093.43,73.76,-13.92,143.82,-28.40,0.0211,0.2638,-0.2153,-0.2162,-0.0179,-0.2014
34.1078,268.55,-1092.97,73.46,-12.23,147.45,-31.86,0.0172,0.2633,-0.2214,-0.2403,-0.0745,-0.1951
34.1490,268.67,-1092.37,73.03,-11.54,150.23,-34.25,0.0150,0.2609,-0.2267,-0.2607,-0.1301,-0.1737
34.1907,268.70,-1091.68,72.69,-10.90,151.60,-35.96,0.0152,0.2574,-0.2305,-0.2749,-0.1810,-0.1353
34.2326,268.72,-1091.21,72.38,-11.01,151.93,-37.68,0.0163,0.2563,-0.2341,-0.2794,-0.2201,-0.0826
34.2748,268.76,-1090.70,72.17,-11.06,151.31,-38.28,0.0190,0.2531,-0.2368,-0.2727,-0.2410,-0.0261
34.3164,268.93,-1090.50,71.85,-12.05,150.77,-38.34,0.0205,0.2520,-0.2374,-0.2630,-0.2399,0.0259
34.3577,269.15,-1090.35,71.61,-13.70,149.73,-38.28,0.0213,0.2510,-0.2376,-0.2558,-0.2209,0.0681
34.3998,269.49,-1090.30,71.39,-15.58,148.08,-37.73,0.0228,0.2489,-0.2359,-0.2521,-0.1904,0.1051
34.4419,269.81,-1090.30,71.32,-16.84,145.90,-37.03,0.0240,0.2471,-0.2344,-0.2484,-0.1482,0.1336
34.4837,270.23,-1090.48,71.14,-18.67,143.86,-35.77,0.0274,0.2454,-0.2291,-0.2429,-0.0972,0.1522
34.5252,270.57,-1090.58,71.01,-20.35,141.17,-35.50,0.0319,0.2431,-0.2226,-0.2354,-0.0432,0.1597
34.5671,271.03,-1090.74,70.79,-22.71,138.52,-34.53,0.0366,0.2406,-0.2149,-0.2266,0.0144,0.1552
34.6090,271.51,-1091.01,70.51,-25.38,135.24,-33.72,0.0425,0.2392,-0.2072,-0.2152,0.0700,0.1365
34.6509,271.99,-1091.34,70.35,-28.13,132.42,-32.29,0.0487,0.2387,-0.2010,-0.2006,0.1243,0.1020
34.6930,272.50,-1091.49,70.26,-30.93,128.18,-30.36,0.0548,0.2363,-0.1954,-0.1831,0.1646,0.0570
34.7348,272.94,-1091.38,70.12,-32.76,122.65,-28.19,0.0612,0.2317,-0.1890,-0.1624,0.1966,0.0113
34.7766,273.38,-1091.05,69.94,-34.12,116.50,-25.12,0.0673,0.2246,-0.1827,-0.1389,0.2151,-0.0307
34.8180,273.78,-1090.72,69.65,-35.56,110.68,-22.89,0.0741,0.2162,-0.1748,-0.1156,0.2249,-0.0665
34.8602,274.22,-1090.43,69.33,-37.62,105.24,-20.17,0.0794,0.2086,-0.1688,-0.0960,0.2291,-0.0947
34.9020,274.55,-1090.01,69.08,-38.86,99.56,-18.00,0.0842,0.1995,-0.1631,-0.0832,0.2287,-0.1176
34.9438,274.87,-1089.96,68.87,-39.70,94.77,-14.61,0.0863,0.1953,-0.1591,-0.0744,0.2310,-0.1354
34.9854,275.02,-1090.04,68.65,-40.76,90.48,-12.41,0.0875,0.1921,-0.1564,-0.0678,0.2307,-0.1449
35.0271,275.10,-1090.25,68.69,-41.61,87.44,-9.96,0.0875,0.1876,-0.1598,-0.0622,0.2315,-0.1511
35.0691,275.10,-1090.33,68.76,-41.47,84.82,-8.35,0.0888,0.1764,-0.1671,-0.0592,0.2313,-0.1533
35.1111,274.94,-1090.67,68.97,-41.69,82.67,-6.51,0.0916,0.1600,-0.1815,-0.0568,0.2341,-0.1551
35.1528,274.69,-1090.84,69.15,-41.42,80.76,-4.83,0.0999,0.1325,-0.1990,-0.0563,0.2361,-0.1560
35.1950,274.34,-1091.08,69.31,-41.40,79.02,-3.16,0.1182,0.0980,-0.2171,-0.0548,0.2385,-0.1578
35.2361,273.99,-1091.21,69.41,-41.76,77.68,-1.36,0.1415,0.0561,-0.2347,-0.0537,0.2397,-0.1599
35.2783,273.69,-1091.22,69.48,-41.72,76.11,0.14,0.1705,0.0075,-0.2460,-0.0546,0.2410,-0.1628
35.3200,273.42,-1091.21,69.57,-41.47,74.91,1.24,0.1992,-0.0453,-0.2487,-0.0559,0.2431,-0.1657
35.3622,273.26,-1091.09,69.66,-41.14,74.15,2.09,0.2269,-0.0985,-0.2392,-0.0579,0.2450,-0.1691
35.4039,273.12,-1090.99,69.65,-40.59,73.71,2.08,0.2479,-0.1477,-0.2148,-0.0596,0.2469,-0.1726
35.4455,273.02,-1090.93,69.57,-40.71,73.13,2.47,0.2608,-0.1883,-0.1759,-0.0609,0.2493,-0.1764
35.4871,272.95,-1090.88,69.44,-40.90,73.10,2.99,0.2640,-0.2112,-0.1228,-0.0608,0.2513,-0.1800
35.5288,272.93,-1090.93,69.30,-41.50,73.32,3.15,0.2631,-0.2138,-0.0717,-0.0595,0.2527,-0.1834
35.5707,272.89,-1090.92,69.17,-41.76,72.82,3.11,0.2585,-0.2070,-0.0222,-0.0574,0.2527,-0.1859
35.6126,272.81,-1090.99,69.05,-41.88,72.58,2.99,0.2521,-0.1894,0.0228,-0.0551,0.2533,-0.1863
35.6543,272.73,-1091.19,68.94,-42.01,72.09,3.08,0.2458,-0.1626,0.0619,-0.0517,0.2545,-0.1854
35.6959,272.59,-1091.40,68.98,-42.17,71.78,3.02,0.2402,-0.1272,0.0937,-0.0467,0.2541,-0.1852
35.7382,272.43,-1091.72,69.05,-41.82,71.92,2.66,0.2328,-0.0834,0.1165,-0.0420,0.2532,-0.1851
35.7798,272.27,-1092.11,69.30,-41.76,72.40,2.54,0.2225,-0.0295,0.1273,-0.0379,0.2511,-0.1857
35.8237,272.06,-1092.46,69.47,-40.83,73.06,2.31,0.2087,0.0244,0.1258,-0.0350,0.2474,-0.1849
35.8646,271.78,-1092.79,69.79,-40.56,74.41,2.52,0.1921,0.0755,0.1130,-0.0321,0.2429,-0.1853
35.9054,271.46,-1092.94,70.03,-39.71,76.19,1.49,0.1737,0.1227,0.0875,-0.0312,0.2367,-0.1847
35.9467,271.04,-1093.15,70.29,-39.23,78.59,0.85,0.1553,0.1624,0.0504,-0.0310,0.2310,-0.1856
35.9885,270.54,-1093.17,70.50,-38.48,81.62,-1.35,0.1373,0.1946,0.0052,-0.0319,0.2247,-0.1887
36.0304,269.99,-1093.18,70.79,-37.87,84.60,-3.31,0.1218,0.2152,-0.0463,-0.0345,0.2180,-0.1936
36.0720,269.36,-1093.11,70.94,-36.68,88.44,-5.36,0.1088,0.2239,-0.0950,-0.0360,0.2101,-0.1994
36.1134,268.77,-1093.03,71.03,-36.15,92.57,-7.30,0.0962,0.2269,-0.1353,-0.0428,0.2019,-0.2019
36.1549,268.24,-1092.87,71.06,-34.95,96.41,-9.06,0.0866,0.2261,-0.1609,-0.0508,0.1969,-0.2026
36.1967,267.82,-1092.79,71.02,-34.73,100.66,-10.46,0.0823,0.2295,-0.1767,-0.0623,0.1924,-0.1996
36.2388,267.39,-1092.69,70.98,-33.89,104.92,-12.11,0.0793,0.2310,-0.1840,-0.0744,0.1869,-0.1959
36.2806,267.06,-1092.73,70.93,-33.72,109.67,-14.60,0.0770,0.2346,-0.1858,-0.0907,0.1784,-0.1925
36.3224,266.75,-1092.73,70.92,-33.04,114.79,-17.22,0.0737,0.2377,-0.1836,-0.1098,0.1627,-0.1906
36.3638,266.53,-1092.93,70.93,-32.61,121.09,-20.45,0.0692,0.2419,-0.1809,-0.1323,0.1379,-0.1876
36.4059,266.31,-1092.97,71.08,-30.93,127.94,-23.92,0.0657,0.2454,-0.1802,-0.1568,0.1008,-0.1837
36.4477,266.21,-1093.03,71.23,-28.63,134.33,-27.18,0.0626,0.2499,-0.1812,-0.1822,0.0563,-0.1775
36.4893,266.17,-1092.96,71.37,-26.40,139.84,-29.80,0.0596,0.2539,-0.1837,-0.2076,0.0067,-0.1670
36.5312,266.19,-1092.86,71.52,-24.14,144.34,-32.16,0.0559,0.2571,-0.1870,-0.2323,-0.0441,-0.1510
36.5728,266.20,-1092.68,71.63,-21.79,148.44,-33.88,0.0529,0.2590,-0.1901,-0.2521,-0.0956,-0.1298
36.6144,266.20,-1092.50,71.70,-19.57,151.49,-36.07,0.0501,0.2609,-0.1938,-0.2600,-0.1425,-0.1032
36.6564,266.34,-1092.36,71.72,-18.30,154.05,-37.79,0.0460,0.2620,-0.2003,-0.2563,-0.1802,-0.0719
36.6985,266.45,-1092.17,71.80,-16.87,155.56,-38.95,0.0443,0.2611,-0.2073,-0.2463,-0.2069,-0.0355
36.7411,266.67,-1092.05,71.77,-15.87,156.33,-39.43,0.0420,0.2604,-0.2135,-0.2339,-0.2201,0.0050
36.7821,266.96,-1091.95,71.76,-15.40,156.90,-39.92,0.0396,0.2588,-0.2189,-0.2238,-0.2207,0.0460
36.8240,267.37,-1091.86,71.68,-15.21,156.67,-40.00,0.0380,0.2568,-0.2220,-0.2169,-0.2108,0.0831
36.8658,267.82,-1091.71,71.59,-15.29,155.66,-40.25,0.0379,0.2541,-0.2228,-0.2122,-0.1917,0.1157
36.9078,268.38,-1091.59,71.44,-15.76,153.65,-40.04,0.0390,0.2509,-0.2219,-0.2131,-0.1584,0.1423
36.9497,268.89,-1091.49,71.35,-16.46,151.27,-40.10,0.0425,0.2473,-0.2197,-0.2127,-0.1150,0.1595
36.9909,269.42,-1091.40,71.20,-17.34,148.24,-39.77,0.0469,0.2430,-0.2169,-0.2110,-0.0622,0.1650
37.0323,269.92,-1091.36,70.96,-18.87,144.73,-39.05,0.0528,0.2377,-0.2124,-0.2075,-0.0042,0.1608
37.0741,270.40,-1091.27,70.64,-21.16,140.58,-37.77,0.0594,0.2314,-0.2072,-0.2017,0.0555,0.1426
37.1158,270.86,-1091.21,70.30,-23.93,135.46,-36.24,0.0669,0.2248,-0.2008,-0.1904,0.1134,0.1116
37.1579,271.32,-1091.21,69.99,-27.11,129.88,-34.23,0.0740,0.2179,-0.1945,-0.1724,0.1659,0.0713
37.1999,271.88,-1091.26,69.67,-30.40,123.73,-31.22,0.0810,0.2104,-0.1874,-0.1487,0.2088,0.0233
37.2411,272.52,-1091.21,69.45,-33.10,116.02,-28.14,0.0869,0.2019,-0.1813,-0.1234,0.2365,-0.0245
37.2830,273.22,-1091.31,69.32,-35.26,108.49,-23.73,0.0921,0.1941,-0.1766,-0.0994,0.2498,-0.0685
37.3251,273.86,-1091.37,69.23,-36.77,101.06,-20.08,0.0956,0.1865,-0.1730,-0.0808,0.2513,-0.1021
37.3671,274.50,-1091.50,69.15,-37.46,94.06,-16.39,0.0967,0.1801,-0.1713,-0.0669,0.2503,-0.1239
37.4088,275.21,-1091.86,68.94,-39.22,87.06,-11.99,0.0944,0.1744,-0.1707,-0.0576,0.2492,-0.1373
37.4507,275.70,-1092.35,68.63,-41.25,80.78,-7.31,0.0920,0.1678,-0.1731,-0.0530,0.2486,-0.1462
37.4923,276.17,-1092.82,68.40,-43.20,74.64,-3.29,0.0906,0.1593,-0.1795,-0.0509,0.2496,-0.1543
37.5342,276.48,-1093.14,68.17,-44.44,69.70,0.74,0.0930,0.1455,-0.1902,-0.0507,0.2489,-0.1581
37.5766,276.54,-1093.41,68.03,-44.90,65.09,4.01,0.1014,0.1249,-0.2044,-0.0479,0.2482,-0.1612
37.6183,276.44,-1093.50,67.89,-45.39,61.53,7.19,0.1151,0.0955,-0.2212,-0.0449,0.2475,-0.1641
37.6607,276.22,-1093.33,67.78,-45.25,59.22,8.86,0.1365,0.0551,-0.2351,-0.0437,0.2454,-0.1667
37.7024,275.89,-1093.13,67.63,-45.41,57.54,10.14,0.1607,0.0102,-0.2439,-0.0441,0.2447,-0.1694
37.7453,275.59,-1092.70,67.52,-45.36,56.95,10.91,0.1883,-0.0405,-0.2432,-0.0472,0.2439,-0.1719
37.7876,275.33,-1092.26,67.43,-44.94,56.56,11.77,0.2162,-0.0901,-0.2297,-0.0511,0.2442,-0.1746
37.8300,275.08,-1091.79,67.36,-44.78,56.69,12.55,0.2378,-0.1380,-0.2061,-0.0550,0.2438,-0.1768
37.8720,274.87,-1091.40,67.30,-44.79,57.08,12.74,0.2538,-0.1762,-0.1703,-0.0579,0.2442,-0.1785
37.9140,274.67,-1091.11,67.23,-44.77,57.67,13.14,0.2610,-0.2025,-0.1257,-0.0597,0.2450,-0.1796
37.9557,274.49,-1090.88,67.22,-44.61,58.48,12.44,0.2655,-0.2130,-0.0761,-0.0600,0.2457,-0.1808
37.9978,274.28,-1090.72,67.31,-44.03,59.92,10.77,0.2670,-0.2078,-0.0248,-0.0587,0.2461,-0.1827
38.0389,274.12,-1090.78,67.43,-43.42,59.82,9.99,0.2615,-0.1881,0.0214,-0.0572,0.2474,-0.1840
38.0795,273.89,-1090.92,67.59,-43.32,59.34,10.97,0.2550,-0.1613,0.0606,-0.0542,0.2484,-0.1852
38.1203,273.57,-1091.11,67.74,-43.03,59.27,10.87,0.2463,-0.1266,0.0926,-0.0491,0.2492,-0.1864
38.1614,273.24,-1091.31,67.92,-42.99,59.19,11.15,0.2356,-0.0881,0.1131,-0.0443,0.2490,-0.1876
38.2029,272.79,-1091.57,68.03,-43.06,59.74,10.95,0.2251,-0.0469,0.1205,-0.0384,0.2479,-0.1881
38.2444,272.31,-1091.76,68.23,-43.19,61.09,10.62,0.2158,-0.0047,0.1146,-0.0320,0.2449,-0.1891
38.2859,271.74,-1092.01,68.44,-42.70,63.14,9.30,0.2060,0.0391,0.0970,-0.0257,0.2414,-0.1901
38.3278,271.17,-1092.14,68.76,-42.20,66.11,8.20,0.1960,0.0840,0.0704,-0.0206,0.2356,-0.1921
38.3691,270.53,-1092.22,69.13,-41.21,70.15,6.41,0.1851,0.1226,0.0415,-0.0170,0.2290,-0.1947
38.4109,269.97,-1092.42,69.48,-40.45,74.84,4.84,0.1734,0.1591,0.0154,-0.0158,0.2234,-0.1973
38.4532,269.37,-1092.60,69.88,-39.69,80.02,2.54,0.1612,0.1903,-0.0107,-0.0165,0.2182,-0.1990
38.4947,268.89,-1092.86,70.28,-39.08,84.74,0.12,0.1456,0.2121,-0.0380,-0.0176,0.2128,-0.2011
38.5367,268.44,-1093.04,70.67,-37.76,90.14,-1.78,0.1280,0.2278,-0.0679,-0.0207,0.2056,-0.2029
38.5783,268.01,-1093.43,71.01,-36.96,94.98,-4.45,0.1108,0.2375,-0.0970,-0.0256,0.2008,-0.2042
38.6199,267.62,-1093.79,71.42,-35.76,100.79,-6.59,0.0938,0.2414,-0.1258,-0.0348,0.1954,-0.2037
38.6617,267.28,-1094.10,71.81,-34.01,105.80,-9.40,0.0789,0.2414,-0.1462,-0.0476,0.1911,-0.2025
38.7034,267.03,-1094.52,72.12,-32.27,111.05,-11.58,0.0671,0.2447,-0.1593,-0.0641,0.1879,-0.2012
38.7450,266.90,-1094.96,72.40,-31.29,116.23,-13.91,0.0577,0.2480,-0.1672,-0.0850,0.1802,-0.2001
38.7865,266.78,-1095.31,72.60,-29.87,121.23,-16.11,0.0501,0.2505,-0.1714,-0.1071,0.1663,-0.1990
38.8277,266.73,-1095.56,72.74,-28.53,126.49,-18.27,0.0429,0.2541,-0.1737,-0.1306,0.1417,-0.1984
38.8702,266.74,-1095.70,72.79,-27.09,131.85,-20.80,0.0368,0.2571,-0.1745,-0.1578,0.1054,-0.1971
38.9117,266.81,-1095.67,72.89,-25.48,137.10,-23.67,0.0318,0.2591,-0.1770,-0.1862,0.0615,-0.1953
38.9537,266.92,-1095.47,72.94,-23.39,141.56,-26.49,0.0287,0.2607,-0.1802,-0.2143,0.0106,-0.1930
38.9955,267.09,-1095.20,72.90,-21.50,145.75,-29.29,0.0271,0.2616,-0.1836,-0.2402,-0.0474,-0.1889
39.0370,267.24,-1094.77,72.83,-19.49,148.71,-32.09,0.0272,0.2613,-0.1877,-0.2609,-0.1089,-0.1784
39.0789,267.41,-1094.33,72.76,-17.81,150.66,-34.77,0.0279,0.2610,-0.1922,-0.2728,-0.1636,-0.1561
39.1217,267.56,-1093.94,72.67,-16.63,151.95,-36.72,0.0294,0.2610,-0.1960,-0.2742,-0.2037,-0.1185
39.1629,267.70,-1093.70,72.53,-15.66,152.64,-38.22,0.0313,0.2619,-0.1986,-0.2707,-0.2237,-0.0685
39.2048,267.84,-1093.60,72.36,-15.04,154.12,-38.72,0.0336,0.2636,-0.1993,-0.2647,-0.2278,-0.0140
39.2462,267.96,-1093.54,72.20,-14.35,155.08,-38.92,0.0360,0.2651,-0.1987,-0.2571,-0.2233,0.0378
39.2878,268.20,-1093.62,72.06,-14.46,155.99,-39.24,0.0370,0.2663,-0.1978,-0.2491,-0.2045,0.0806
39.3298,268.40,-1093.59,72.04,-14.29,155.66,-39.31,0.0390,0.2649,-0.1981,-0.2421,-0.1737,0.1147
39.3719,268.58,-1093.54,71.99,-14.39,153.62,-39.74,0.0421,0.2638,-0.1981,-0.2360,-0.1303,0.1408
39.4137,268.84,-1093.57,71.86,-15.53,150.98,-39.23,0.0452,0.2612,-0.1964,-0.2273,-0.0785,0.1553
39.4557,269.12,-1093.63,71.72,-17.52,147.75,-38.21,0.0485,0.2578,-0.1922,-0.2148,-0.0230,0.1571
39.4967,269.35,-1093.68,71.56,-19.59,143.88,-37.11,0.0523,0.2544,-0.1863,-0.2003,0.0347,0.1467
39.5392,269.67,-1093.78,71.30,-22.11,140.06,-35.49,0.0567,0.2497,-0.1788,-0.1845,0.0890,0.1223
39.5803,270.01,-1093.72,71.12,-24.91,135.01,-34.12,0.0599,0.2439,-0.1732,-0.1681,0.1374,0.0879
39.6220,270.53,-1093.72,70.92,-27.55,129.42,-31.24,0.0633,0.2386,-0.1667,-0.1503,0.1799,0.0470
39.6638,271.19,-1093.40,70.90,-29.49,121.61,-28.05,0.0656,0.2306,-0.1608,-0.1304,0.2104,0.0005
39.7053,272.04,-1093.10,70.96,-30.04,112.65,-23.98,0.0682,0.2217,-0.1563,-0.1096,0.2329,-0.0439
39.7473,272.78,-1092.73,70.95,-30.13,103.73,-19.97,0.0740,0.2117,-0.1524,-0.0919,0.2425,-0.0805
39.7893,273.42,-1092.63,70.80,-30.74,96.25,-17.00,0.0800,0.2035,-0.1504,-0.0769,0.2492,-0.1070
39.8311,274.03,-1092.77,70.58,-32.80,89.40,-13.47,0.0846,0.1973,-0.1527,-0.0664,0.2551,-0.1268
39.8727,274.48,-1092.81,70.42,-34.55,83.49,-10.57,0.0880,0.1889,-0.1603,-0.0592,0.2562,-0.1427
39.9141,274.83,-1093.01,70.21,-36.34,78.71,-7.21,0.0893,0.1817,-0.1704,-0.0518,0.2593,-0.1536
39.9561,275.07,-1093.12,70.00,-37.91,75.08,-4.61,0.0903,0.1702,-0.1821,-0.0460,0.2593,-0.1574
39.9981,275.18,-1093.14,69.78,-38.97,71.78,-2.22,0.0967,0.1555,-0.1918,-0.0410,0.2602,-0.1574
40.0405,275.08,-1093.20,69.56,-40.32,68.89,0.06,0.1099,0.1383,-0.1994,-0.0354,0.2608,-0.1567
40.0822,274.83,-1093.15,69.33,-41.49,66.61,2.60,0.1277,0.1131,-0.2069,-0.0323,0.2594,-0.1561
40.1238,274.49,-1093.02,69.20,-42.42,64.34,4.41,0.1497,0.0798,-0.2103,-0.0306,0.2598,-0.1579
40.1655,274.11,-1092.68,69.10,-42.60,62.34,6.50,0.1717,0.0344,-0.2107,-0.0303,0.2596,-0.1615
40.2077,273.73,-1092.36,69.12,-42.59,60.63,8.45,0.1943,-0.0128,-0.2075,-0.0316,0.2597,-0.1671
40.2497,273.47,-1091.90,69.14,-41.80,59.33,10.57,0.2155,-0.0636,-0.1991,-0.0341,0.2604,-0.1741
40.2919,273.20,-1091.42,69.10,-41.09,58.66,11.32,0.2349,-0.1132,-0.1813,-0.0379,0.2605,-0.1801
40.3331,272.98,-1091.18,69.02,-41.36,58.49,12.48,0.2493,-0.1582,-0.1575,-0.0411,0.2618,-0.1864
40.3744,272.89,-1090.79,68.94,-41.65,58.34,12.88,0.2550,-0.1994,-0.1202,-0.0467,0.2616,-0.1917
40.4164,272.78,-1090.65,68.81,-41.23,58.42,13.43,0.2527,-0.2270,-0.0762,-0.0516,0.2631,-0.1955
40.4583,272.61,-1090.58,68.81,-41.63,58.24,13.51,0.2515,-0.2453,-0.0276,-0.0545,0.2638,-0.1981
40.5006,272.45,-1090.61,68.81,-41.64,58.03,13.53,0.2468,-0.2506,0.0208,-0.0561,0.2651,-0.1995
40.5420,272.24,-1090.72,68.82,-41.42,57.76,13.40,0.2411,-0.2433,0.0648,-0.0567,0.2662,-0.1996
40.5838,272.00,-1090.94,68.84,-41.55,57.69,13.29,0.2328,-0.2228,0.1059,-0.0563,0.2668,-0.1987
40.6257,271.75,-1091.28,68.87,-41.44,57.36,13.70,0.2240,-0.1893,0.1385,-0.0550,0.2671,-0.1968
40.6674,271.41,-1091.67,68.97,-41.54,56.98,13.73,0.2157,-0.1463,0.1614,-0.0517,0.2667,-0.1945
40.7093,271.07,-1092.04,69.09,-41.04,57.54,13.68,0.2080,-0.0993,0.1734,-0.0471,0.2643,-0.1930
40.7512,270.64,-1092.48,69.23,-40.81,58.52,13.16,0.2017,-0.0493,0.1744,-0.0430,0.2620,-0.1918
40.7928,270.19,-1092.92,69.36,-40.59,60.05,12.63,0.1961,0.0038,0.1647,-0.0386,0.2595,-0.1911
40.8342,269.69,-1093.33,69.53,-40.71,61.99,11.98,0.1895,0.0561,0.1447,-0.0337,0.2561,-0.1905
40.8758,269.22,-1093.59,69.70,-40.48,65.12,11.36,0.1812,0.1080,0.1190,-0.0286,0.2514,-0.1895
40.9179,268.74,-1093.72,69.90,-40.07,69.47,9.86,0.1720,0.1528,0.0835,-0.0243,0.2455,-0.1883
40.9600,268.22,-1093.81,70.09,-39.79,74.69,7.48,0.1595,0.1889,0.0428,-0.0199,0.2401,-0.1866
41.0016,267.71,-1093.71,70.28,-39.39,81.08,4.64,0.1453,0.2153,-0.0028,-0.0166,0.2324,-0.1849
41.0426,267.21,-1093.62,70.41,-38.36,87.87,0.23,0.1276,0.2285,-0.0487,-0.0157,0.2250,-0.1823
41.0847,266.81,-1093.42,70.54,-37.45,94.87,-3.15,0.1136,0.2354,-0.0886,-0.0189,0.2182,-0.1796
41.1268,266.42,-1093.48,70.72,-36.81,101.54,-7.24,0.1043,0.2409,-0.1191,-0.0245,0.2132,-0.1781
41.1687,266.10,-1093.31,70.93,-35.11,108.68,-10.17,0.0968,0.2433,-0.1403,-0.0353,0.2061,-0.1776
41.2102,265.89,-1093.43,71.12,-33.27,115.14,-14.58,0.0891,0.2496,-0.1547,-0.0485,0.1998,-0.1790
41.2514,265.81,-1093.52,71.34,-32.16,121.72,-18.07,0.0810,0.2534,-0.1632,-0.0652,0.1869,-0.1816
41.2929,265.74,-1093.53,71.52,-29.54,127.68,-21.53,0.0735,0.2575,-0.1700,-0.0822,0.1641,-0.1812
41.3348,265.76,-1093.69,71.69,-27.86,134.44,-24.27,0.0669,0.2629,-0.1752,-0.1030,0.1296,-0.1797
41.3766,265.82,-1093.69,71.82,-25.83,140.28,-27.40,0.0604,0.2673,-0.1807,-0.1278,0.0849,-0.1794
41.4185,265.89,-1093.57,71.85,-23.41,145.50,-30.10,0.0546,0.2715,-0.1862,-0.1547,0.0350,-0.1806
41.4603,266.01,-1093.45,71.80,-21.50,150.38,-32.80,0.0494,0.2757,-0.1923,-0.1826,-0.0196,-0.1798
41.5018,266.11,-1093.12,71.77,-19.39,154.51,-35.41,0.0453,0.2780,-0.1980,-0.2086,-0.0770,-0.1738
41.5437,266.21,-1092.72,71.72,-17.43,157.44,-37.49,0.0414,0.2801,-0.2034,-0.2298,-0.1339,-0.1584
41.5863,266.25,-1092.20,71.62,-15.41,159.16,-39.06,0.0396,0.2802,-0.2055,-0.2387,-0.1900,-0.1228
41.6288,266.33,-1091.81,71.47,-14.25,160.13,-40.73,0.0363,0.2806,-0.2074,-0.2354,-0.2292,-0.0777
41.6707,266.35,-1091.49,71.33,-13.44,161.19,-41.82,0.0343,0.2794,-0.2078,-0.2181,-0.2507,-0.0216
41.7125,266.49,-1091.25,71.13,-13.05,161.65,-42.82,0.0319,0.2789,-0.2066,-0.2042,-0.2535,0.0336
41.7540,266.65,-1091.05,70.95,-12.96,161.44,-43.24,0.0289,0.2782,-0.2059,-0.1958,-0.2368,0.0863
41.7957,267.00,-1090.96,70.72,-13.70,160.95,-43.44,0.0261,0.2767,-0.2039,-0.1883,-0.2079,0.1338
41.8376,267.37,-1090.85,70.55,-14.52,159.57,-43.24,0.0239,0.2744,-0.2026,-0.1825,-0.1681,0.1712
41.8795,267.82,-1090.81,70.39,-15.64,157.12,-42.79,0.0236,0.2705,-0.1999,-0.1773,-0.1231,0.1979
41.9209,268.30,-1090.82,70.18,-16.98,154.02,-42.34,0.0236,0.2661,-0.1968,-0.1723,-0.0728,0.2117
41.9621,268.86,-1090.96,69.92,-18.96,150.78,-41.12,0.0253,0.2613,-0.1918,-0.1684,-0.0163,0.2088
42.0037,269.48,-1091.16,69.70,-21.38,147.44,-40.16,0.0273,0.2574,-0.1862,-0.1655,0.0407,0.1930
42.0452,270.10,-1091.28,69.49,-23.79,143.33,-38.91,0.0302,0.2521,-0.1795,-0.1635,0.0975,0.1659
42.0869,270.76,-1091.44,69.28,-26.73,138.70,-37.11,0.0335,0.2467,-0.1725,-0.1622,0.1466,0.1274
42.1280,271.40,-1091.50,69.00,-29.73,133.00,-34.78,0.0366,0.2401,-0.1647,-0.1530,0.1892,0.0827
42.1698,272.08,-1091.41,68.72,-32.95,126.20,-31.21,0.0391,0.2321,-0.1573,-0.1383,0.2170,0.0345
42.2119,272.78,-1091.36,68.46,-35.43,118.64,-27.72,0.0420,0.2239,-0.1509,-0.1207,0.2348,-0.0106
42.2539,273.40,-1091.35,68.28,-37.85,111.41,-23.04,0.0450,0.2165,-0.1480,-0.1046,0.2432,-0.0503
42.2957,273.97,-1091.37,68.21,-39.20,104.07,-19.70,0.0497,0.2093,-0.1461,-0.0922,0.2477,-0.0802
42.3376,274.45,-1091.57,68.09,-40.42,97.80,-14.73,0.0536,0.2055,-0.1485,-0.0830,0.2514,-0.1014
42.3791,274.74,-1091.69,68.06,-41.49,92.14,-11.56,0.0607,0.1984,-0.1515,-0.0756,0.2498,-0.1153
42.4207,274.92,-1092.04,68.08,-42.27,87.10,-7.33,0.0692,0.1930,-0.1592,-0.0697,0.2524,-0.1233
42.4631,274.93,-1092.18,68.09,-43.02,83.02,-4.16,0.0815,0.1792,-0.1659,-0.0654,0.2513,-0.1271
42.5045,274.75,-1092.36,68.10,-43.19,78.78,-1.14,0.0951,0.1569,-0.1741,-0.0598,0.2523,-0.1304
42.5464,274.45,-1092.45,68.06,-43.72,75.06,1.76,0.1156,0.1231,-0.1818,-0.0546,0.2531,-0.1338
42.5881,274.00,-1092.50,68.09,-44.23,72.06,4.23,0.1433,0.0826,-0.1896,-0.0494,0.2536,-0.1405
42.6298,273.55,-1092.25,68.13,-44.03,70.03,5.80,0.1713,0.0299,-0.1961,-0.0464,0.2527,-0.1481
42.6716,273.11,-1091.97,68.10,-43.58,68.43,6.56,0.2017,-0.0241,-0.1979,-0.0439,0.2530,-0.1558
42.7137,272.72,-1091.60,67.95,-43.64,67.37,7.93,0.2281,-0.0815,-0.1903,-0.0432,0.2525,-0.1628
42.7554,272.31,-1091.15,67.73,-43.89,67.23,8.80,0.2489,-0.1386,-0.1755,-0.0440,0.2512,-0.1685
42.7972,271.90,-1090.73,67.59,-44.49,68.57,8.35,0.2623,-0.1879,-0.1472,-0.0459,0.2509,-0.1738
42.8387,271.57,-1090.39,67.48,-44.56,70.49,7.74,0.2704,-0.2195,-0.1037,-0.0493,0.2507,-0.1787
42.8808,271.28,-1090.23,67.45,-44.77,71.85,6.86,0.2754,-0.2335,-0.0547,-0.0547,0.2519,-0.1825
42.9230,271.08,-1090.16,67.45,-44.47,71.91,6.36,0.2769,-0.2331,-0.0024,-0.0601,0.2534,-0.1853
42.9645,270.85,-1090.17,67.55,-44.31,71.54,5.88,0.2726,-0.2155,0.0423,-0.0635,0.2538,-0.1870
43.0062,270.64,-1090.32,67.65,-43.76,71.23,5.76,0.2690,-0.1910,0.0814,-0.0650,0.2551,-0.1874
43.0484,270.40,-1090.61,67.79,-43.86,70.22,5.79,0.2616,-0.1516,0.1134,-0.0648,0.2568,-0.1856
43.0895,270.14,-1090.94,67.90,-43.54,69.79,5.97,0.2528,-0.1054,0.1356,-0.0618,0.2571,-0.1827
43.1315,269.84,-1091.32,68.06,-43.76,68.92,6.66,0.2415,-0.0551,0.1446,-0.0581,0.2557,-0.1801
43.1730,269.49,-1091.76,68.08,-43.63,69.51,7.25,0.2308,-0.0003,0.1402,-0.0531,0.2535,-0.1772
43.2152,269.08,-1092.09,68.17,-44.37,70.35,7.07,0.2189,0.0513,0.1253,-0.0472,0.2488,-0.1751
43.2567,268.65,-1092.35,68.25,-43.94,72.47,6.56,0.2062,0.1013,0.1036,-0.0402,0.2439,-0.1740
43.2988,268.17,-1092.67,68.38,-44.19,75.15,5.50,0.1919,0.1463,0.0720,-0.0348,0.2381,-0.1726
43.3405,267.71,-1092.85,68.59,-43.61,78.71,4.26,0.1744,0.1823,0.0372,-0.0299,0.2309,-0.1729
43.3827,267.15,-1093.20,68.92,-43.26,83.01,1.79,0.1560,0.2129,-0.0063,-0.0261,0.2252,-0.1747
43.4242,266.65,-1093.24,69.33,-41.81,88.07,-1.30,0.1343,0.2286,-0.0493,-0.0244,0.2178,-0.1775
43.4657,266.09,-1093.33,69.81,-40.01,93.68,-4.76,0.1130,0.2363,-0.0906,-0.0250,0.2111,-0.1812
43.5072,265.57,-1093.31,70.14,-37.60,100.28,-8.24,0.0954,0.2350,-0.1227,-0.0307,0.2049,-0.1830
43.5492,265.11,-1093.51,70.49,-36.08,107.48,-11.72,0.0803,0.2353,-0.1453,-0.0380,0.2015,-0.1844
43.5907,264.68,-1093.63,70.80,-33.73,115.34,-15.85,0.0719,0.2380,-0.1577,-0.0497,0.1971,-0.1852
43.6324,264.38,-1093.88,71.06,-31.35,123.45,-19.36,0.0644,0.2432,-0.1656,-0.0645,0.1909,-0.1882
43.6744,264.18,-1094.09,71.32,-28.46,131.25,-23.62,0.0565,0.2462,-0.1711,-0.0845,0.1788,-0.1921
43.7153,264.13,-1094.23,71.57,-24.89,138.39,-27.01,0.0483,0.2502,-0.1760,-0.1089,0.1595,-0.1957
43.7570,264.22,-1094.36,71.84,-21.37,145.08,-30.29,0.0406,0.2536,-0.1819,-0.1367,0.1316,-0.1967
43.7992,264.48,-1094.34,72.07,-18.26,150.49,-32.69,0.0328,0.2550,-0.1886,-0.1659,0.0940,-0.1926
43.8410,264.69,-1094.02,72.35,-14.33,153.92,-33.28,0.0281,0.2558,-0.1950,-0.1935,0.0483,-0.1842
43.8827,264.97,-1093.56,72.56,-11.60,155.64,-33.60,0.0248,0.2554,-0.2014,-0.2172,-0.0047,-0.1682
43.9243,265.16,-1093.10,72.66,-9.62,156.92,-34.35,0.0238,0.2557,-0.2066,-0.2360,-0.0560,-0.1468
43.9660,265.33,-1092.59,72.65,-8.44,157.91,-35.09,0.0241,0.2559,-0.2120,-0.2478,-0.1069,-0.1192
44.0078,265.47,-1092.15,72.50,-8.18,158.53,-36.23,0.0269,0.2574,-0.2157,-0.2553,-0.1499,-0.0863
44.0500,265.71,-1091.82,72.23,-8.77,159.09,-37.74,0.0295,0.2606,-0.2180,-0.2620,-0.1827,-0.0436
44.0917,266.02,-1091.42,71.89,-9.97,158.76,-37.81,0.0315,0.2625,-0.2173,-0.2651,-0.2024,0.0043
44.1334,266.39,-1091.08,71.57,-11.26,157.77,-37.86,0.0317,0.2626,-0.2146,-0.2631,-0.2043,0.0466
44.1747,266.83,-1090.77,71.26,-12.70,156.56,-37.77,0.0304,0.2604,-0.2106,-0.2571,-0.1919,0.0841
44.2169,267.21,-1090.47,70.91,-14.22,154.78,-38.37,0.0307,0.2562,-0.2060,-0.2471,-0.1625,0.1158
44.2585,267.68,-1090.29,70.42,-16.45,152.55,-38.27,0.0312,0.2522,-0.2007,-0.2376,-0.1215,0.1403
44.3004,268.19,-1090.18,69.99,-18.84,150.36,-38.22,0.0320,0.2475,-0.1956,-0.2271,-0.0730,0.1548
44.3419,268.80,-1090.12,69.57,-21.49,147.36,-37.68,0.0332,0.2420,-0.1903,-0.2170,-0.0214,0.1570
44.3835,269.36,-1090.10,69.26,-23.39,143.91,-37.47,0.0367,0.2368,-0.1856,-0.2072,0.0315,0.1473
44.4257,270.10,-1090.17,68.93,-25.67,140.13,-35.74,0.0399,0.2314,-0.1802,-0.1975,0.0825,0.1257
44.4677,270.80,-1090.11,68.68,-27.74,135.11,-34.73,0.0453,0.2255,-0.1758,-0.1853,0.1290,0.0946
44.5091,271.64,-1089.97,68.42,-29.93,128.67,-31.52,0.0507,0.2187,-0.1716,-0.1708,0.1682,0.0566
44.5510,272.50,-1089.77,68.16,-32.39,120.23,-28.97,0.0569,0.2109,-0.1693,-0.1540,0.1979,0.0151
44.5926,273.34,-1089.73,67.82,-35.23,111.43,-24.07,0.0643,0.2039,-0.1677,-0.1363,0.2211,-0.0251
44.6345,273.95,-1089.74,67.55,-37.56,103.01,-19.80,0.0729,0.1975,-0.1673,-0.1168,0.2329,-0.0640
44.6761,274.46,-1089.87,67.24,-40.42,95.53,-15.14,0.0811,0.1913,-0.1667,-0.0995,0.2366,-0.0965
44.7182,274.78,-1089.99,66.93,-42.19,88.95,-11.25,0.0875,0.1864,-0.1674,-0.0856,0.2388,-0.1213
44.7602,274.97,-1090.27,66.65,-44.63,82.25,-6.89,0.0917,0.1830,-0.1679,-0.0771,0.2394,-0.1377
44.8019,275.20,-1090.54,66.49,-46.36,76.50,-1.85,0.0930,0.1816,-0.1706,-0.0708,0.2423,-0.1478
44.8439,275.28,-1090.82,66.36,-47.52,70.76,2.37,0.0939,0.1787,-0.1729,-0.0668,0.2440,-0.1511
44.8863,275.24,-1090.97,66.42,-48.01,66.42,5.88,0.0954,0.1710,-0.1779,-0.0646,0.2464,-0.1514
44.9293,275.06,-1090.99,66.47,-47.93,62.93,8.71,0.1009,0.1561,-0.1844,-0.0618,0.2464,-0.1503
44.9717,274.66,-1091.05,66.51,-47.70,59.95,11.56,0.1125,0.1355,-0.1944,-0.0583,0.2475,-0.1493
45.0142,274.20,-1090.94,66.60,-47.52,57.18,14.36,0.1316,0.1062,-0.2046,-0.0555,0.2478,-0.1506
45.0557,273.68,-1090.74,66.68,-46.86,55.81,16.36,0.1543,0.0693,-0.2144,-0.0538,0.2471,-0.1537
45.0978,273.14,-1090.48,66.76,-46.41,54.84,17.63,0.1791,0.0268,-0.2227,-0.0526,0.2462,-0.1584
45.1402,272.65,-1090.12,66.81,-45.70,54.53,17.84,0.2057,-0.0219,-0.2241,-0.0540,0.2455,-0.1624
45.1818,272.25,-1089.74,66.85,-45.33,54.76,18.16,0.2297,-0.0747,-0.2162,-0.0564,0.2452,-0.1668
45.2232,271.94,-1089.33,66.86,-45.29,55.52,17.83,0.2450,-0.1269,-0.1978,-0.0604,0.2447,-0.1705
45.2647,271.78,-1089.08,66.83,-45.19,56.54,17.51,0.2510,-0.1724,-0.1744,-0.0652,0.2463,-0.1738
45.3062,271.75,-1088.83,66.83,-45.48,57.39,16.99,0.2536,-0.2059,-0.1413,-0.0703,0.2477,-0.1762
45.3480,271.83,-1088.80,66.77,-45.17,57.63,16.31,0.2548,-0.2222,-0.0997,-0.0748,0.2504,-0.1780
45.3896,271.92,-1088.81,66.76,-45.74,57.54,16.14,0.2546,-0.2231,-0.0557,-0.0783,0.2523,-0.1794
45.4315,272.10,-1088.94,66.77,-45.94,56.95,15.33,0.2527,-0.2120,-0.0121,-0.0805,0.2535,-0.1808
45.4740,272.23,-1089.04,66.77,-45.78,56.87,15.50,0.2473,-0.1966,0.0274,-0.0789,0.2532,-0.1820
45.5157,272.27,-1089.18,66.75,-45.89,56.91,14.79,0.2420,-0.1733,0.0609,-0.0755,0.2530,-0.1823
45.5577,272.28,-1089.32,66.73,-45.92,58.14,14.13,0.2368,-0.1413,0.0862,-0.0704,0.2526,-0.1819
45.5997,272.23,-1089.52,66.68,-45.97,58.82,12.59,0.2296,-0.1036,0.1024,-0.0641,0.2508,-0.1807
45.6417,272.12,-1089.83,66.64,-46.37,59.96,11.70,0.2222,-0.0617,0.1111,-0.0576,0.2495,-0.1789
45.6836,272.01,-1090.13,66.64,-46.82,61.53,10.54,0.2140,-0.0174,0.1123,-0.0521,0.2475,-0.1776
45.7253,271.86,-1090.40,66.69,-46.84,63.57,9.30,0.2052,0.0290,0.1072,-0.0476,0.2445,-0.1760
45.7668,271.73,-1090.67,66.82,-46.87,66.13,8.27,0.1936,0.0749,0.0921,-0.0440,0.2416,-0.1748
45.8090,271.61,-1090.88,67.03,-46.52,68.69,7.41,0.1778,0.1152,0.0648,-0.0424,0.2380,-0.1739
45.8501,271.41,-1090.92,67.29,-45.73,71.11,6.41,0.1607,0.1480,0.0336,-0.0421,0.2322,-0.1738
45.8912,271.11,-1090.99,67.57,-45.08,74.37,6.70,0.1449,0.1725,0.0003,-0.0445,0.2259,-0.1730
45.9313,270.70,-1090.92,67.91,-44.02,79.87,4.74,0.1316,0.1914,-0.0346,-0.0469,0.2185,-0.1721
45.9722,270.28,-1090.99,68.27,-42.82,85.42,1.61,0.1189,0.2064,-0.0655,-0.0500,0.2122,-0.1707
46.0132,269.84,-1091.18,68.71,-41.87,91.47,-1.49,0.1065,0.2196,-0.0933,-0.0533,0.2082,-0.1692
46.0544,269.42,-1091.29,69.19,-40.18,97.53,-5.27,0.0961,0.2323,-0.1192,-0.0577,0.2039,-0.1684
46.0977,269.12,-1091.51,69.64,-38.61,102.78,-8.03,0.0857,0.2418,-0.1378,-0.0655,0.2001,-0.1683
46.1382,268.81,-1091.59,70.04,-36.88,107.91,-9.71,0.0742,0.2459,-0.1558,-0.0745,0.1944,-0.1671
46.1794,268.47,-1091.68,70.38,-35.09,112.36,-11.85,0.0595,0.2464,-0.1641,-0.0853,0.1887,-0.1646
46.2208,268.15,-1091.78,70.69,-33.60,117.20,-13.49,0.0420,0.2454,-0.1694,-0.0978,0.1817,-0.1633
46.2627,267.81,-1091.90,70.98,-31.95,122.40,-15.77,0.0283,0.2442,-0.1722,-0.1114,0.1701,-0.1641
46.3042,267.54,-1092.09,71.27,-30.00,128.54,-18.28,0.0197,0.2447,-0.1759,-0.1254,0.1513,-0.1679
46.3461,267.35,-1092.30,71.60,-27.61,135.18,-21.08,0.0146,0.2468,-0.1810,-0.1420,0.1225,-0.1759
46.3872,267.34,-1092.51,71.98,-24.74,141.59,-23.94,0.0090,0.2486,-0.1869,-0.1638,0.0849,-0.1867
46.4293,267.54,-1092.70,72.38,-21.31,147.79,-26.24,0.0025,0.2512,-0.1945,-0.1900,0.0407,-0.1983
46.4716,267.92,-1092.84,72.78,-17.77,152.85,-28.16,-0.0029,0.2547,-0.2020,-0.2155,-0.0123,-0.2049
46.5133,268.30,-1092.76,73.18,-14.39,156.53,-29.69,-0.0069,0.2558,-0.2096,-0.2375,-0.0712,-0.2010
46.5553,268.55,-1092.61,73.38,-11.19,158.52,-30.67,-0.0089,0.2565,-0.2145,-0.2501,-0.1296,-0.1839
46.5966,268.67,-1092.46,73.48,-9.85,159.81,-32.06,-0.0081,0.2577,-0.2182,-0.2485,-0.1865,-0.1529
46.6386,268.59,-1092.31,73.43,-8.99,160.96,-32.55,-0.0050,0.2597,-0.2211,-0.2367,-0.2316,-0.1106
46.6804,268.59,-1092.24,73.24,-8.92,161.67,-33.00,-0.0024,0.2620,-0.2243,-0.2248,-0.2547,-0.0599
46.7226,268.59,-1092.25,73.09,-9.67,162.22,-34.32,0.0008,0.2643,-0.2279,-0.2127,-0.2554,-0.0097
46.7644,268.62,-1092.30,72.91,-10.02,162.83,-34.25,0.0018,0.2662,-0.2302,-0.2092,-0.2364,0.0340
46.8065,268.73,-1092.34,72.75,-10.29,163.46,-35.14,0.0018,0.2661,-0.2297,-0.2093,-0.2109,0.0709
46.8482,268.90,-1092.24,72.54,-10.72,163.09,-35.27,0.0006,0.2646,-0.2280,-0.2120,-0.1777,0.0971
46.8903,269.09,-1092.08,72.28,-11.49,161.44,-36.24,0.0008,0.2608,-0.2251,-0.2163,-0.1382,0.1135
46.9322,269.36,-1091.85,71.97,-12.92,159.06,-36.20,0.0024,0.2564,-0.2217,-0.2225,-0.0906,0.1209
46.9736,269.67,-1091.66,71.64,-14.87,155.94,-36.31,0.0053,0.2509,-0.2174,-0.2261,-0.0355,0.1189
47.0154,269.98,-1091.44,71.34,-16.86,152.04,-35.96,0.0101,0.2449,-0.2128,-0.2228,0.0203,0.1056
47.0562,270.35,-1091.28,70.97,-19.34,147.58,-35.37,0.0169,0.2398,-0.2073,-0.2131,0.0759,0.0848
47.0981,270.72,-1091.06,70.58,-22.45,142.26,-34.38,0.0253,0.2341,-0.2009,-0.1963,0.1252,0.0555
47.1399,271.13,-1090.80,70.22,-25.48,136.06,-31.87,0.0355,0.2278,-0.1939,-0.1754,0.1644,0.0216
47.1817,271.50,-1090.49,69.89,-28.24,129.51,-30.10,0.0464,0.2206,-0.1862,-0.1530,0.1956,-0.0127
47.2234,272.02,-1090.27,69.53,-30.99,122.34,-26.89,0.0557,0.2140,-0.1791,-0.1317,0.2150,-0.0450
47.2651,272.52,-1090.13,69.16,-33.72,115.29,-23.96,0.0650,0.2067,-0.1722,-0.1112,0.2271,-0.0739
47.3070,273.04,-1090.14,68.79,-36.41,107.74,-20.05,0.0725,0.2000,-0.1664,-0.0954,0.2336,-0.0959
47.3487,273.49,-1090.29,68.52,-39.02,101.19,-16.60,0.0793,0.1932,-0.1616,-0.0811,0.2376,-0.1117
47.3905,273.86,-1090.41,68.32,-40.68,94.73,-12.84,0.0849,0.1860,-0.1581,-0.0708,0.2386,-0.1196
47.4328,274.08,-1090.64,68.21,-41.86,89.82,-9.69,0.0900,0.1787,-0.1570,-0.0620,0.2392,-0.1246
47.4750,274.23,-1090.94,68.09,-43.12,84.83,-6.31,0.0959,0.1677,-0.1586,-0.0577,0.2399,-0.1246
47.5159,274.07,-1091.20,68.04,-43.99,80.77,-3.63,0.1073,0.1485,-0.1635,-0.0519,0.2415,-0.1259
47.5578,273.81,-1091.45,68.09,-44.95,77.24,-0.93,0.1252,0.1196,-0.1719,-0.0486,0.2419,-0.1282
47.6006,273.40,-1091.40,68.19,-44.45,74.81,1.09,0.1492,0.0810,-0.1831,-0.0461,0.2412,-0.1324
47.6420,272.92,-1091.51,68.32,-44.33,72.06,2.56,0.1777,0.0387,-0.1941,-0.0446,0.2440,-0.1383
47.6836,272.44,-1091.49,68.42,-44.01,69.74,4.94,0.2083,-0.0080,-0.2013,-0.0428,0.2469,-0.1467
47.7252,271.91,-1091.44,68.49,-43.87,68.08,5.88,0.2351,-0.0584,-0.2013,-0.0420,0.2491,-0.1564
47.7668,271.49,-1091.25,68.58,-43.53,66.86,7.00,0.2513,-0.1102,-0.1932,-0.0413,0.2507,-0.1665
47.8086,271.14,-1090.99,68.61,-43.01,66.51,7.24,0.2585,-0.1559,-0.1712,-0.0411,0.2510,-0.1753
47.8507,270.90,-1090.81,68.57,-42.62,66.41,7.70,0.2605,-0.1897,-0.1400,-0.0411,0.2510,-0.1821
47.8928,270.75,-1090.68,68.58,-42.93,66.63,7.18,0.2610,-0.2121,-0.1024,-0.0414,0.2511,-0.1883
47.9340,270.68,-1090.61,68.60,-42.83,66.92,6.88,0.2619,-0.2230,-0.0563,-0.0421,0.2513,-0.1947
47.9757,270.72,-1090.45,68.59,-42.51,66.68,6.67,0.2593,-0.2222,-0.0087,-0.0440,0.2510,-0.2000
48.0178,270.73,-1090.41,68.56,-42.48,66.13,7.36,0.2538,-0.2087,0.0349,-0.0446,0.2524,-0.2032
48.0595,270.74,-1090.55,68.49,-43.13,65.49,7.32,0.2478,-0.1849,0.0734,-0.0433,0.2543,-0.2041
48.1015,270.71,-1090.66,68.42,-43.09,65.01,7.37,0.2411,-0.1513,0.1031,-0.0418,0.2546,-0.2026
48.1429,270.58,-1090.86,68.35,-43.20,64.82,7.46,0.2343,-0.1104,0.1199,-0.0384,0.2541,-0.2009
48.1849,270.39,-1091.08,68.29,-43.68,64.89,7.83,0.2284,-0.0657,0.1262,-0.0354,0.2521,-0.1991
48.2268,270.14,-1091.34,68.25,-43.98,65.59,7.72,0.2227,-0.0171,0.1247,-0.0333,0.2501,-0.1977
48.2689,269.89,-1091.63,68.27,-44.30,66.99,7.35,0.2141,0.0341,0.1127,-0.0315,0.2479,-0.1966
48.3108,269.61,-1091.81,68.35,-44.32,69.11,6.32,0.2018,0.0845,0.0930,-0.0295,0.2443,-0.1951
48.3524,269.31,-1091.99,68.45,-44.12,71.82,5.14,0.1858,0.1295,0.0653,-0.0276,0.2406,-0.1933
48.3938,268.92,-1092.06,68.62,-43.74,75.28,3.83,0.1669,0.1659,0.0302,-0.0257,0.2356,-0.1915
48.4358,268.34,-1092.14,68.79,-42.98,80.18,1.59,0.1477,0.1924,-0.0098,-0.0234,0.2307,-0.1892
48.4777,267.72,-1092.08,69.07,-42.23,85.87,-1.20,0.1291,0.2080,-0.0530,-0.0217,0.2251,-0.1882
48.5199,266.97,-1092.01,69.35,-40.22,91.67,-4.41,0.1149,0.2166,-0.0899,-0.0217,0.2194,-0.1881
48.5614,266.26,-1092.10,69.66,-39.01,97.25,-7.30,0.1033,0.2211,-0.1202,-0.0227,0.2158,-0.1922
48.6027,265.57,-1092.23,69.97,-37.13,101.53,-10.08,0.0951,0.2240,-0.1379,-0.0285,0.2124,-0.1968
48.6447,264.94,-1092.47,70.31,-35.98,106.72,-11.84,0.0900,0.2282,-0.1521,-0.0372,0.2107,-0.2026
48.6860,264.36,-1092.71,70.73,-33.70,112.16,-14.36,0.0891,0.2312,-0.1626,-0.0490,0.2042,-0.2088
48.7280,263.87,-1093.14,71.16,-31.61,118.35,-17.43,0.0885,0.2362,-0.1704,-0.0650,0.1942,-0.2122
48.7695,263.52,-1093.62,71.65,-29.29,125.27,-20.08,0.0860,0.2413,-0.1753,-0.0844,0.1780,-0.2132
48.8109,263.27,-1094.23,72.14,-26.72,132.65,-23.03,0.0813,0.2486,-0.1796,-0.1062,0.1529,-0.2121
48.8525,263.18,-1094.79,72.65,-23.85,140.29,-24.80,0.0751,0.2545,-0.1849,-0.1323,0.1168,-0.2092
48.8944,263.29,-1095.24,72.99,-21.02,147.13,-26.56,0.0690,0.2599,-0.1890,-0.1606,0.0734,-0.2036
48.9366,263.53,-1095.60,73.25,-18.45,153.16,-28.61,0.0630,0.2659,-0.1934,-0.1869,0.0270,-0.1942
48.9788,263.78,-1095.74,73.37,-15.98,157.83,-30.59,0.0574,0.2702,-0.1991,-0.2095,-0.0208,-0.1790
49.0206,264.07,-1095.71,73.43,-13.83,161.36,-32.67,0.0522,0.2731,-0.2047,-0.2253,-0.0657,-0.1544
49.0624,264.32,-1095.43,73.42,-12.28,163.61,-34.42,0.0485,0.2752,-0.2098,-0.2369,-0.1042,-0.1232
49.1045,264.49,-1095.10,73.26,-10.97,164.85,-36.05,0.0464,0.2756,-0.2134,-0.2442,-0.1378,-0.0829
49.1466,264.76,-1094.87,72.96,-10.75,166.44,-37.21,0.0443,0.2765,-0.2161,-0.2415,-0.1627,-0.0371
49.1887,265.02,-1094.51,72.63,-10.53,167.64,-38.32,0.0429,0.2763,-0.2172,-0.2302,-0.1766,0.0094
49.2305,265.32,-1094.10,72.32,-10.64,167.61,-39.56,0.0410,0.2754,-0.2173,-0.2173,-0.1772,0.0516
49.2718,265.62,-1093.73,72.11,-10.20,166.88,-40.69,0.0383,0.2736,-0.2169,-0.2074,-0.1642,0.0878
49.3137,266.06,-1093.55,71.82,-10.55,165.80,-41.08,0.0329,0.2715,-0.2150,-0.2009,-0.1297,0.1135
49.3559,266.58,-1093.49,71.60,-11.35,164.70,-41.68,0.0293,0.2689,-0.2116,-0.1948,-0.0869,0.1297
49.3978,267.12,-1093.37,71.35,-12.85,162.87,-41.39,0.0264,0.2644,-0.2065,-0.1893,-0.0403,0.1341
49.4397,267.66,-1093.20,71.16,-14.52,159.73,-41.29,0.0256,0.2578,-0.2014,-0.1841,0.0067,0.1277
49.4814,268.20,-1092.96,70.96,-16.43,155.46,-40.29,0.0285,0.2510,-0.1964,-0.1788,0.0527,0.1112
49.5225,268.95,-1092.62,70.72,-19.48,149.39,-38.83,0.0329,0.2442,-0.1914,-0.1749,0.0978,0.0881
49.5636,269.83,-1092.23,70.46,-23.30,141.52,-34.91,0.0392,0.2375,-0.1885,-0.1696,0.1406,0.0573
49.6050,270.59,-1091.71,70.34,-25.93,131.71,-31.97,0.0501,0.2297,-0.1871,-0.1605,0.1759,0.0204
49.6469,271.43,-1091.48,70.07,-28.58,122.53,-27.35,0.0624,0.2231,-0.1823,-0.1477,0.2055,-0.0169
49.6879,272.08,-1091.23,69.80,-31.17,113.89,-24.03,0.0747,0.2168,-0.1764,-0.1287,0.2235,-0.0543
49.7299,272.77,-1091.06,69.49,-33.49,105.23,-19.36,0.0859,0.2113,-0.1679,-0.1105,0.2332,-0.0849
49.7721,273.32,-1090.89,69.19,-35.39,98.36,-15.90,0.0935,0.2060,-0.1594,-0.0910,0.2349,-0.1096
49.8138,273.91,-1090.68,68.91,-36.37,91.93,-12.34,0.0945,0.2003,-0.1496,-0.0785,0.2310,-0.1237
49.8553,274.30,-1090.69,68.54,-37.61,87.42,-9.67,0.0942,0.1989,-0.1402,-0.0697,0.2325,-0.1310
49.8972,274.64,-1090.80,68.19,-39.18,83.46,-7.20,0.0929,0.1988,-0.1357,-0.0647,0.2357,-0.1329
49.9387,274.83,-1091.01,67.89,-41.04,80.29,-4.90,0.0914,0.1924,-0.1370,-0.0600,0.2370,-0.1337
49.9806,274.85,-1091.16,67.78,-41.86,77.12,-2.56,0.0926,0.1799,-0.1467,-0.0579,0.2376,-0.1348
50.0225,274.70,-1091.43,67.85,-42.13,74.33,-0.19,0.0978,0.1643,-0.1625,-0.0561,0.2404,-0.1393
50.0647,274.47,-1091.71,68.04,-41.97,71.22,2.30,0.1065,0.1433,-0.1834,-0.0557,0.2426,-0.1457
50.1067,274.12,-1091.86,68.27,-41.40,68.78,4.58,0.1223,0.1131,-0.2063,-0.0550,0.2435,-0.1535
50.1483,273.78,-1091.94,68.43,-40.46,66.55,6.32,0.1447,0.0749,-0.2240,-0.0552,0.2425,-0.1608
50.1896,273.32,-1092.00,68.55,-40.27,65.41,7.89,0.1707,0.0307,-0.2376,-0.0561,0.2420,-0.1677
50.2317,272.99,-1091.82,68.56,-39.86,64.53,8.06,0.1948,-0.0205,-0.2417,-0.0598,0.2415,-0.1727
50.2733,272.76,-1091.63,68.54,-39.74,64.63,8.70,0.2130,-0.0750,-0.2336,-0.0650,0.2417,-0.1769
50.3153,272.63,-1091.30,68.47,-39.35,64.56,7.61,0.2281,-0.1248,-0.2176,-0.0706,0.2414,-0.1805
50.3570,272.63,-1091.14,68.40,-39.37,64.43,8.10,0.2355,-0.1632,-0.1840,-0.0762,0.2424,-0.1833
50.3990,272.69,-1090.97,68.36,-39.67,64.43,7.85,0.2416,-0.1854,-0.1462,-0.0820,0.2422,-0.1850
50.4404,272.80,-1090.87,68.33,-39.99,64.42,7.79,0.2493,-0.1937,-0.0975,-0.0883,0.2422,-0.1853
50.4826,272.85,-1090.87,68.20,-40.09,63.92,6.97,0.2529,-0.1914,-0.0450,-0.0938,0.2429,-0.1813
50.5241,272.81,-1091.01,68.16,-40.81,63.05,7.09,0.2543,-0.1835,0.0049,-0.0966,0.2451,-0.1776
50.5663,272.70,-1091.09,68.10,-41.17,62.42,7.18,0.2523,-0.1682,0.0493,-0.0974,0.2460,-0.1729
50.6075,272.42,-1091.38,68.10,-41.81,62.33,7.36,0.2478,-0.1447,0.0850,-0.0958,0.2481,-0.1686
50.6495,272.10,-1091.62,68.17,-42.34,62.81,7.43,0.2391,-0.1122,0.1106,-0.0924,0.2496,-0.1649
50.6912,271.66,-1091.90,68.17,-42.53,63.95,6.86,0.2294,-0.0701,0.1261,-0.0868,0.2493,-0.1612
50.7331,271.18,-1092.16,68.07,-43.37,65.68,6.62,0.2143,-0.0227,0.1294,-0.0798,0.2477,-0.1582
50.7753,270.62,-1092.36,67.86,-44.37,67.78,5.97,0.1964,0.0228,0.1227,-0.0728,0.2443,-0.1543
50.8168,270.07,-1092.43,67.69,-44.92,70.47,5.34,0.1772,0.0650,0.1103,-0.0661,0.2402,-0.1511
50.8585,269.49,-1092.51,67.68,-45.36,73.77,4.53,0.1589,0.1097,0.0917,-0.0604,0.2363,-0.1488
50.9002,268.90,-1092.47,67.74,-45.25,77.51,3.19,0.1404,0.1484,0.0650,-0.0559,0.2309,-0.1479
50.9420,268.28,-1092.60,67.92,-44.88,81.03,2.09,0.1232,0.1816,0.0316,-0.0544,0.2258,-0.1476
50.9840,267.58,-1092.59,68.24,-44.29,85.23,0.94,0.1111,0.2117,-0.0101,-0.0557,0.2183,-0.1484
51.0262,266.83,-1092.75,68.67,-43.02,89.36,-0.30,0.1056,0.2345,-0.0519,-0.0607,0.2117,-0.1482
51.0674,266.04,-1092.87,69.16,-41.43,94.09,-1.70,0.1009,0.2439,-0.0939,-0.0664,0.2058,-0.1483
51.1093,265.19,-1092.98,69.65,-39.90,98.90,-3.39,0.0943,0.2415,-0.1261,-0.0733,0.1995,-0.1479
51.1510,264.34,-1093.20,70.10,-38.17,104.43,-5.71,0.0874,0.2409,-0.1497,-0.0805,0.1946,-0.1485
51.1928,263.58,-1093.50,70.50,-36.47,110.38,-8.32,0.0818,0.2424,-0.1644,-0.0861,0.1908,-0.1509
51.2344,262.98,-1093.96,70.90,-35.06,116.28,-11.13,0.0755,0.2455,-0.1728,-0.0917,0.1856,-0.1558
51.2759,262.45,-1094.44,71.30,-33.29,122.62,-13.90,0.0676,0.2491,-0.1790,-0.0975,0.1778,-0.1644
51.3174,262.02,-1094.94,71.72,-31.11,129.04,-16.67,0.0599,0.2525,-0.1805,-0.1090,0.1661,-0.1762
51.3593,261.77,-1095.43,72.15,-28.38,136.13,-19.14,0.0513,0.2574,-0.1825,-0.1257,0.1459,-0.1877
51.4012,261.74,-1095.89,72.48,-25.95,143.04,-22.23,0.0432,0.2621,-0.1844,-0.1433,0.1168,-0.1968
51.4430,261.77,-1096.12,72.75,-22.97,149.21,-25.05,0.0356,0.2664,-0.1866,-0.1636,0.0760,-0.1999
51.4847,261.93,-1096.13,72.84,-20.30,154.75,-27.56,0.0289,0.2695,-0.1890,-0.1859,0.0280,-0.1976
51.5263,262.17,-1095.82,72.66,-18.49,159.59,-29.70,0.0235,0.2703,-0.1891,-0.2079,-0.0289,-0.1849
51.5686,262.23,-1095.27,72.36,-16.68,162.91,-32.07,0.0220,0.2678,-0.1872,-0.2271,-0.0872,-0.1633
51.6111,262.35,-1094.65,71.98,-15.96,164.80,-34.48,0.0203,0.2657,-0.1856,-0.2414,-0.1389,-0.1269
51.6531,262.43,-1094.05,71.54,-15.77,165.45,-36.17,0.0192,0.2630,-0.1847,-0.2487,-0.1782,-0.0795
51.6950,262.71,-1093.67,71.07,-16.79,165.91,-38.02,0.0190,0.2613,-0.1840,-0.2501,-0.2011,-0.0240
51.7364,263.14,-1093.31,70.55,-18.68,165.96,-37.97,0.0184,0.2605,-0.1837,-0.2475,-0.2116,0.0317
51.7784,263.55,-1092.90,70.27,-19.74,164.91,-37.90,0.0194,0.2587,-0.1843,-0.2404,-0.2075,0.0778
51.8204,264.14,-1092.50,70.03,-21.04,162.72,-37.69,0.0194,0.2569,-0.1848,-0.2298,-0.1905,0.1125
51.8623,264.72,-1092.16,69.89,-21.95,159.65,-37.34,0.0195,0.2529,-0.1868,-0.2204,-0.1613,0.1382
51.9039,265.46,-1092.00,69.80,-23.31,156.74,-36.14,0.0217,0.2497,-0.1879,-0.2142,-0.1191,0.1543
51.9454,266.18,-1091.79,69.68,-24.68,153.13,-35.35,0.0264,0.2474,-0.1874,-0.2077,-0.0738,0.1602
51.9871,266.93,-1091.62,69.58,-25.92,149.20,-34.01,0.0330,0.2435,-0.1851,-0.2017,-0.0260,0.1583
52.0287,267.79,-1091.45,69.39,-27.53,144.36,-32.95,0.0394,0.2391,-0.1809,-0.1947,0.0253,0.1469
52.0701,268.61,-1091.17,69.32,-28.99,138.57,-30.52,0.0472,0.2331,-0.1766,-0.1856,0.0760,0.1259
52.1116,269.51,-1090.93,69.23,-30.11,132.04,-28.62,0.0567,0.2274,-0.1715,-0.1753,0.1249,0.0990
52.1534,270.34,-1090.66,69.10,-31.25,125.24,-26.45,0.0669,0.2220,-0.1676,-0.1629,0.1674,0.0664
52.1941,271.19,-1090.49,68.87,-32.50,118.37,-24.54,0.0776,0.2161,-0.1633,-0.1480,0.2026,0.0301
52.2361,271.97,-1090.39,68.62,-34.07,111.35,-22.13,0.0872,0.2095,-0.1595,-0.1273,0.2260,-0.0103
52.2778,272.73,-1090.35,68.37,-35.39,104.44,-19.41,0.0946,0.2031,-0.1563,-0.1045,0.2369,-0.0501
52.3199,273.40,-1090.43,68.11,-36.75,98.32,-16.98,0.1004,0.1967,-0.1538,-0.0830,0.2420,-0.0870
52.3617,274.03,-1090.68,67.81,-38.49,92.64,-14.70,0.1042,0.1911,-0.1526,-0.0671,0.2417,-0.1176
52.4025,274.52,-1090.81,67.65,-39.90,87.63,-11.97,0.1081,0.1834,-0.1503,-0.0567,0.2382,-0.1396
52.4452,274.92,-1091.23,67.55,-41.07,83.60,-9.49,0.1100,0.1777,-0.1506,-0.0484,0.2369,-0.1526
52.4868,275.22,-1091.56,67.56,-42.00,79.87,-7.31,0.1123,0.1684,-0.1536,-0.0434,0.2370,-0.1576
52.5288,275.34,-1091.97,67.62,-42.55,76.73,-5.76,0.1162,0.1559,-0.1627,-0.0393,0.2407,-0.1610
52.5704,275.33,-1092.38,67.74,-43.38,73.63,-3.27,0.1232,0.1365,-0.1755,-0.0383,0.2441,-0.1635
52.6124,275.18,-1092.65,67.84,-43.61,71.19,-0.93,0.1326,0.1124,-0.1906,-0.0372,0.2462,-0.1666
52.6544,274.90,-1092.86,68.01,-43.88,69.36,0.67,0.1428,0.0781,-0.2047,-0.0367,0.2484,-0.1703
52.6960,274.67,-1092.75,68.10,-43.54,67.87,1.95,0.1534,0.0315,-0.2204,-0.0374,0.2493,-0.1738
52.7380,274.38,-1092.54,68.17,-43.23,67.09,2.85,0.1689,-0.0199,-0.2322,-0.0378,0.2498,-0.1774
52.7797,274.20,-1092.10,68.12,-43.02,66.41,3.63,0.1891,-0.0746,-0.2377,-0.0400,0.2487,-0.1811
52.8214,274.02,-1091.73,67.91,-43.12,65.87,4.46,0.2086,-0.1288,-0.2317,-0.0436,0.2486,-0.1845
52.8630,273.87,-1091.27,67.65,-43.77,65.45,4.80,0.2241,-0.1784,-0.2113,-0.0476,0.2486,-0.1878
52.9043,273.72,-1090.89,67.37,-44.45,65.33,5.06,0.2349,-0.2196,-0.1779,-0.0508,0.2492,-0.1907
52.9466,273.53,-1090.63,67.10,-45.19,65.26,5.04,0.2442,-0.2457,-0.1331,-0.0521,0.2503,-0.1931
52.9888,273.34,-1090.40,66.93,-45.77,65.22,5.21,0.2504,-0.2550,-0.0834,-0.0539,0.2511,-0.1947
53.0304,273.11,-1090.26,66.84,-45.94,65.46,4.74,0.2559,-0.2492,-0.0307,-0.0549,0.2528,-0.1955
53.0720,272.90,-1090.28,66.85,-45.93,65.81,4.64,0.2577,-0.2276,0.0180,-0.0551,0.2546,-0.1964
53.1142,272.71,-1090.27,66.96,-45.82,66.20,4.48,0.2527,-0.1918,0.0607,-0.0555,0.2554,-0.1960
53.1555,272.47,-1090.38,67.08,-45.02,66.80,4.04,0.2429,-0.1467,0.0915,-0.0539,0.2557,-0.1947
53.1973,272.20,-1090.62,67.31,-45.05,67.55,3.87,0.2332,-0.0974,0.1129,-0.0508,0.2555,-0.1932
53.2395,271.86,-1090.81,67.47,-44.32,68.11,3.36,0.2237,-0.0450,0.1232,-0.0462,0.2541,-0.1904
53.2807,271.41,-1091.10,67.65,-44.03,69.61,3.16,0.2125,0.0079,0.1224,-0.0409,0.2518,-0.1875
53.3226,270.93,-1091.28,67.87,-43.81,71.09,2.49,0.1987,0.0585,0.1083,-0.0352,0.2482,-0.1855
53.3648,270.42,-1091.34,68.09,-43.23,73.80,2.45,0.1841,0.1061,0.0852,-0.0302,0.2433,-0.1837
53.4065,269.80,-1091.40,68.33,-42.65,76.85,1.25,0.1676,0.1471,0.0517,-0.0259,0.2387,-0.1818
53.4483,269.12,-1091.34,68.59,-41.76,81.19,-0.07,0.1510,0.1833,0.0091,-0.0215,0.2335,-0.1815
53.4900,268.45,-1091.31,68.95,-40.64,84.40,-2.14,0.1365,0.2071,-0.0405,-0.0202,0.2285,-0.1818
53.5314,267.85,-1091.11,69.24,-38.88,87.98,-2.05,0.1234,0.2170,-0.0858,-0.0200,0.2234,-0.1836
53.5733,267.08,-1091.02,69.49,-37.73,91.01,-3.49,0.1099,0.2215,-0.1192,-0.0228,0.2195,-0.1855
53.6151,266.31,-1090.89,69.62,-36.35,95.38,-4.61,0.0970,0.2215,-0.1424,-0.0287,0.2157,-0.1869
53.6568,265.54,-1090.85,69.72,-35.53,100.57,-6.95,0.0906,0.2220,-0.1563,-0.0376,0.2120,-0.1888
53.6983,264.86,-1090.89,69.81,-34.38,106.38,-9.70,0.0883,0.2238,-0.1659,-0.0487,0.2071,-0.1920
53.7397,264.25,-1091.11,69.90,-33.62,112.09,-12.98,0.0845,0.2277,-0.1742,-0.0622,0.2004,-0.1949
53.7814,263.66,-1091.27,70.13,-32.35,117.73,-15.97,0.0817,0.2292,-0.1777,-0.0789,0.1894,-0.1971
53.8236,263.08,-1091.65,70.43,-30.44,123.87,-19.25,0.0785,0.2339,-0.1818,-0.0964,0.1733,-0.1982
53.8654,262.63,-1092.00,70.89,-28.54,130.03,-22.00,0.0749,0.2378,-0.1868,-0.1158,0.1477,-0.1987
53.9068,262.29,-1092.40,71.31,-25.78,136.20,-23.94,0.0726,0.2421,-0.1914,-0.1377,0.1127,-0.1982
53.9485,262.06,-1092.74,71.68,-23.40,142.14,-26.61,0.0713,0.2478,-0.1953,-0.1618,0.0714,-0.1948
53.9898,261.93,-1093.11,71.95,-21.30,148.08,-28.77,0.0687,0.2540,-0.1994,-0.1855,0.0266,-0.1873
54.0322,261.92,-1093.53,72.12,-19.38,154.11,-31.50,0.0657,0.2611,-0.2033,-0.2084,-0.0196,-0.1725
54.0743,261.92,-1093.71,72.33,-17.36,159.00,-33.50,0.0636,0.2658,-0.2074,-0.2251,-0.0655,-0.1493
54.1165,261.94,-1093.83,72.47,-15.12,163.05,-35.25,0.0616,0.2698,-0.2116,-0.2388,-0.1070,-0.1192
54.1586,261.91,-1093.87,72.62,-13.50,166.26,-36.35,0.0608,0.2724,-0.2159,-0.2404,-0.1463,-0.0784
54.2004,261.83,-1093.86,72.68,-12.05,168.32,-37.07,0.0601,0.2728,-0.2197,-0.2284,-0.1703,-0.0337
54.2421,261.74,-1093.83,72.68,-10.96,169.63,-37.56,0.0588,0.2723,-0.2243,-0.2120,-0.1800,0.0136
54.2847,261.77,-1093.86,72.67,-11.05,171.04,-37.98,0.0575,0.2718,-0.2257,-0.2000,-0.1728,0.0576
54.3259,261.98,-1093.85,72.48,-11.31,171.52,-38.66,0.0534,0.2712,-0.2251,-0.1907,-0.1537,0.0975
54.3684,262.19,-1093.77,72.35,-11.62,171.50,-38.68,0.0494,0.2691,-0.2238,-0.1837,-0.1282,0.1293
54.4096,262.47,-1093.64,72.12,-12.32,170.33,-39.39,0.0464,0.2661,-0.2222,-0.1815,-0.0944,0.1532
54.4516,262.83,-1093.44,71.88,-13.56,168.62,-39.13,0.0446,0.2619,-0.2208,-0.1819,-0.0529,0.1658
54.4935,263.23,-1093.19,71.54,-15.36,165.72,-38.84,0.0449,0.2562,-0.2178,-0.1826,-0.0050,0.1653
54.5354,263.72,-1092.87,71.11,-17.78,162.30,-38.05,0.0456,0.2488,-0.2137,-0.1807,0.0468,0.1501
54.5772,264.32,-1092.55,70.62,-20.93,157.80,-37.06,0.0471,0.2403,-0.2090,-0.1752,0.0983,0.1199
54.6188,264.90,-1092.11,70.18,-24.18,152.36,-35.13,0.0497,0.2316,-0.2050,-0.1647,0.1446,0.0805
54.6600,265.55,-1091.53,69.74,-27.23,145.35,-32.97,0.0535,0.2219,-0.2010,-0.1496,0.1806,0.0344
54.7014,266.24,-1090.95,69.35,-29.80,137.47,-30.11,0.0588,0.2124,-0.1965,-0.1317,0.2071,-0.0129
54.7427,267.06,-1090.39,68.97,-32.30,128.86,-27.04,0.0650,0.2037,-0.1904,-0.1153,0.2231,-0.0577
54.7843,267.96,-1090.04,68.65,-34.61,119.90,-22.53,0.0711,0.1977,-0.1842,-0.0978,0.2311,-0.1002
54.8260,268.91,-1089.84,68.41,-36.75,110.39,-18.55,0.0764,0.1936,-0.1785,-0.0836,0.2323,-0.1372
54.8676,269.82,-1089.73,68.36,-37.97,101.69,-13.33,0.0798,0.1907,-0.1752,-0.0723,0.2306,-0.1644
54.9094,270.63,-1089.79,68.37,-38.08,93.97,-9.53,0.0813,0.1897,-0.1723,-0.0632,0.2275,-0.1773
54.9512,271.24,-1089.91,68.52,-37.76,88.63,-7.38,0.0787,0.1886,-0.1726,-0.0536,0.2256,-0.1836
54.9930,271.72,-1090.16,68.51,-37.17,84.96,-6.51,0.0748,0.1864,-0.1724,-0.0496,0.2272,-0.1785
55.0351,271.99,-1090.67,68.36,-38.70,82.38,-5.09,0.0721,0.1835,-0.1734,-0.0446,0.2321,-0.1739
55.0763,272.16,-1091.08,68.11,-40.69,79.72,-3.69,0.0724,0.1746,-0.1787,-0.0439,0.2354,-0.1701
55.1181,272.18,-1091.33,67.81,-42.22,77.40,-1.60,0.0805,0.1582,-0.1863,-0.0436,0.2380,-0.1687
55.1601,272.13,-1091.55,67.43,-44.24,74.50,0.47,0.0919,0.1341,-0.1971,-0.0428,0.2401,-0.1706
55.2019,272.03,-1091.48,66.96,-45.68,71.88,2.37,0.1083,0.1000,-0.2091,-0.0432,0.2405,-0.1730
55.2440,271.89,-1091.44,66.52,-47.23,68.78,5.11,0.1284,0.0580,-0.2167,-0.0441,0.2420,-0.1765
55.2866,271.65,-1090.96,66.10,-47.97,66.01,7.90,0.1532,0.0077,-0.2209,-0.0465,0.2389,-0.1807
55.3292,271.45,-1090.53,65.75,-48.38,63.57,10.76,0.1813,-0.0426,-0.2183,-0.0516,0.2379,-0.1852
55.3715,271.22,-1089.96,65.43,-48.72,62.65,12.41,0.2096,-0.0931,-0.2056,-0.0579,0.2372,-0.1902
55.4137,271.07,-1089.48,65.16,-49.06,62.29,13.36,0.2336,-0.1393,-0.1860,-0.0653,0.2371,-0.1947
55.4560,270.93,-1089.04,64.89,-49.67,61.58,14.42,0.2507,-0.1782,-0.1558,-0.0729,0.2370,-0.1979
55.4982,270.79,-1088.70,64.69,-50.04,61.22,16.55,0.2576,-0.2052,-0.1170,-0.0783,0.2366,-0.1990
55.5396,270.60,-1088.36,64.57,-50.40,61.04,17.62,0.2607,-0.2147,-0.0742,-0.0815,0.2352,-0.1982
55.5816,270.37,-1088.15,64.52,-50.35,61.41,17.97,0.2639,-0.2111,-0.0286,-0.0831,0.2354,-0.1971
55.6237,270.10,-1088.10,64.55,-50.62,61.69,18.23,0.2642,-0.1936,0.0193,-0.0815,0.2369,-0.1955
55.6653,269.81,-1088.06,64.61,-50.21,62.14,17.78,0.2622,-0.1653,0.0641,-0.0769,0.2378,-0.1923
55.7077,269.50,-1088.18,64.79,-49.91,62.81,17.65,0.2556,-0.1266,0.1021,-0.0695,0.2393,-0.1889
55.7492,269.12,-1088.35,64.99,-49.65,63.39,16.88,0.2434,-0.0839,0.1311,-0.0610,0.2396,-0.1851
55.7912,268.78,-1088.60,65.24,-49.38,65.11,16.34,0.2292,-0.0379,0.1486,-0.0522,0.2388,-0.1819
55.8328,268.43,-1088.90,65.42,-49.02,66.55,15.46,0.2134,0.0097,0.1548,-0.0443,0.2378,-0.1781
55.8744,268.07,-1089.20,65.65,-48.92,68.54,14.69,0.1970,0.0570,0.1497,-0.0367,0.2360,-0.1747
55.9162,267.72,-1089.46,65.83,-48.88,70.82,13.41,0.1788,0.1023,0.1299,-0.0303,0.2335,-0.1707
55.9583,267.41,-1089.67,66.03,-48.35,73.44,12.56,0.1595,0.1443,0.0989,-0.0258,0.2306,-0.1663
55.9995,267.03,-1090.01,66.26,-48.44,76.47,10.77,0.1413,0.1817,0.0556,-0.0219,0.2275,-0.1625
56.0416,266.76,-1090.14,66.58,-48.12,80.12,9.42,0.1232,0.2037,0.0040,-0.0234,0.2196,-0.1596
56.0832,266.32,-1090.16,67.03,-46.79,84.64,6.37,0.1078,0.2137,-0.0448,-0.0275,0.2118,-0.1593
56.1243,265.88,-1090.23,67.52,-45.25,89.65,3.55,0.0955,0.2186,-0.0868,-0.0356,0.2045,-0.1610
56.1646,265.39,-1090.29,68.06,-43.46,95.27,0.73,0.0892,0.2198,-0.1141,-0.0466,0.1974,-0.1639
56.2052,264.81,-1090.46,68.71,-41.38,101.48,-2.50,0.0873,0.2200,-0.1289,-0.0589,0.1941,-0.1679
56.2462,264.41,-1090.72,69.48,-38.46,106.78,-3.19,0.0835,0.2224,-0.1383,-0.0728,0.1910,-0.1719
56.2872,264.07,-1091.22,70.25,-36.00,110.97,-4.78,0.0771,0.2272,-0.1471,-0.0858,0.1870,-0.1767
56.3291,263.76,-1091.68,70.99,-33.24,115.61,-6.63,0.0718,0.2306,-0.1534,-0.0992,0.1793,-0.1823
56.3702,263.55,-1092.27,71.54,-30.82,121.11,-9.50,0.0672,0.2371,-0.1554,-0.1154,0.1659,-0.1852
56.4115,263.39,-1092.90,71.87,-29.44,127.56,-12.49,0.0616,0.2449,-0.1573,-0.1325,0.1451,-0.1876
56.4532,263.25,-1093.48,72.07,-27.78,134.83,-15.88,0.0560,0.2503,-0.1591,-0.1526,0.1122,-0.1878
56.4953,263.10,-1093.98,72.16,-26.15,142.91,-19.56,0.0511,0.2551,-0.1634,-0.1743,0.0692,-0.1866
56.5370,263.00,-1094.14,72.25,-24.27,149.48,-22.41,0.0488,0.2583,-0.1693,-0.1970,0.0165,-0.1814
56.5788,262.82,-1094.08,72.24,-21.93,154.29,-24.62,0.0488,0.2610,-0.1764,-0.2160,-0.0395,-0.1711
56.6207,262.62,-1093.92,72.19,-19.91,157.83,-26.14,0.0499,0.2630,-0.1841,-0.2293,-0.0949,-0.1524
56.6624,262.39,-1093.77,72.06,-18.75,160.68,-28.50,0.0522,0.2649,-0.1910,-0.2371,-0.1440,-0.1250
56.7047,262.15,-1093.63,71.90,-18.09,163.06,-30.69,0.0543,0.2667,-0.1961,-0.2392,-0.1821,-0.0882
56.7474,262.07,-1093.53,71.61,-17.67,165.06,-32.68,0.0546,0.2686,-0.1990,-0.2347,-0.2071,-0.0428
56.7891,262.24,-1093.44,71.38,-17.88,166.87,-34.43,0.0524,0.2692,-0.2001,-0.2276,-0.2135,0.0026
56.8312,262.58,-1093.33,71.22,-17.81,167.79,-34.98,0.0484,0.2697,-0.2009,-0.2234,-0.2073,0.0443
56.8725,263.10,-1093.21,71.13,-17.65,167.64,-35.87,0.0447,0.2692,-0.2011,-0.2196,-0.1905,0.0816
56.9145,263.72,-1093.03,71.02,-17.57,166.54,-35.99,0.0405,0.2677,-0.2004,-0.2191,-0.1590,0.1117
56.9563,264.46,-1092.86,70.85,-18.19,164.28,-36.02,0.0375,0.2649,-0.1990,-0.2188,-0.1176,0.1327
56.9982,265.25,-1092.66,70.62,-19.48,161.47,-36.04,0.0371,0.2599,-0.1958,-0.2155,-0.0709,0.1433
57.0398,266.11,-1092.37,70.28,-21.35,157.17,-35.47,0.0382,0.2522,-0.1916,-0.2098,-0.0212,0.1445
57.0813,267.02,-1092.17,69.93,-23.76,152.55,-34.51,0.0429,0.2449,-0.1856,-0.2021,0.0317,0.1333
57.1227,267.94,-1091.93,69.60,-26.28,147.02,-33.58,0.0490,0.2391,-0.1799,-0.1927,0.0836,0.1117
57.1643,268.86,-1091.68,69.32,-28.56,140.84,-31.60,0.0579,0.2324,-0.1749,-0.1813,0.1299,0.0820
57.2061,269.78,-1091.44,69.03,-30.61,134.32,-30.35,0.0672,0.2264,-0.1702,-0.1679,0.1699,0.0492
57.2474,270.72,-1091.19,68.83,-33.30,126.95,-28.03,0.0762,0.2196,-0.1664,-0.1513,0.2020,0.0109
57.2889,271.46,-1090.87,68.68,-35.07,118.66,-26.28,0.0854,0.2110,-0.1631,-0.1297,0.2230,-0.0296
57.3306,272.11,-1090.55,68.51,-36.70,109.70,-22.49,0.0922,0.2030,-0.1607,-0.1059,0.2344,-0.0695
57.3724,272.64,-1090.45,68.22,-37.96,102.17,-18.33,0.0994,0.1963,-0.1574,-0.0850,0.2378,-0.1022
57.4143,273.06,-1090.30,67.99,-39.49,95.62,-14.58,0.1039,0.1913,-0.1540,-0.0708,0.2346,-0.1233
57.4563,273.42,-1090.26,67.88,-40.33,90.73,-11.87,0.1044,0.1879,-0.1520,-0.0608,0.2323,-0.1370
57.4979,273.74,-1090.42,67.71,-41.45,86.46,-9.12,0.1018,0.1868,-0.1514,-0.0541,0.2318,-0.1430
57.5392,273.93,-1090.48,67.59,-42.62,83.34,-6.66,0.0987,0.1818,-0.1539,-0.0502,0.2308,-0.1459
57.5816,274.05,-1090.64,67.51,-43.47,79.92,-4.26,0.0969,0.1726,-0.1611,-0.0497,0.2324,-0.1472
57.6235,274.05,-1090.76,67.52,-44.23,76.48,-1.64,0.0998,0.1569,-0.1740,-0.0495,0.2349,-0.1497
57.6662,274.04,-1090.81,67.54,-44.35,72.95,0.93,0.1074,0.1316,-0.1906,-0.0496,0.2366,-0.1532
57.7073,273.74,-1090.75,67.63,-44.25,70.00,3.12,0.1212,0.0968,-0.2097,-0.0484,0.2379,-0.1581
57.7488,273.40,-1090.64,67.70,-44.24,67.93,4.85,0.1415,0.0526,-0.2275,-0.0482,0.2393,-0.1641
57.7907,273.06,-1090.36,67.76,-43.69,66.87,6.05,0.1653,0.0025,-0.2407,-0.0501,0.2395,-0.1706
57.8324,272.67,-1090.08,67.83,-43.27,66.23,6.45,0.1900,-0.0507,-0.2454,-0.0521,0.2399,-0.1784
57.8748,272.35,-1089.77,67.90,-43.02,66.04,6.68,0.2112,-0.1064,-0.2377,-0.0552,0.2398,-0.1863
57.9161,272.07,-1089.49,67.93,-42.47,66.77,5.20,0.2288,-0.1537,-0.2196,-0.0588,0.2396,-0.1931
57.9581,271.93,-1089.32,68.00,-42.16,67.63,4.69,0.2450,-0.1908,-0.1873,-0.0616,0.2395,-0.2003
57.9999,271.79,-1089.29,68.01,-42.07,68.29,3.23,0.2570,-0.2119,-0.1459,-0.0640,0.2396,-0.2057
58.0418,271.75,-1089.42,68.06,-42.08,68.02,3.19,0.2642,-0.2182,-0.0970,-0.0653,0.2405,-0.2109
58.0835,271.67,-1089.64,68.11,-42.37,67.62,2.58,0.2663,-0.2118,-0.0466,-0.0654,0.2410,-0.2138
58.1253,271.65,-1089.86,68.24,-41.87,66.66,3.06,0.2613,-0.1961,-0.0015,-0.0638,0.2412,-0.2153
58.1671,271.56,-1090.24,68.37,-41.49,65.68,3.34,0.2542,-0.1739,0.0368,-0.0617,0.2425,-0.2148
58.2082,271.40,-1090.66,68.50,-41.56,64.99,3.85,0.2466,-0.1432,0.0682,-0.0588,0.2445,-0.2127
58.2504,271.20,-1091.07,68.58,-41.62,65.32,4.04,0.2388,-0.1067,0.0907,-0.0557,0.2458,-0.2095
58.2923,270.92,-1091.50,68.62,-41.79,65.71,3.72,0.2310,-0.0653,0.1050,-0.0522,0.2461,-0.2043
58.3349,270.64,-1091.90,68.67,-42.12,67.16,3.87,0.2219,-0.0180,0.1086,-0.0487,0.2458,-0.1994
58.3762,270.32,-1092.25,68.65,-42.13,68.66,3.38,0.2108,0.0294,0.1026,-0.0456,0.2441,-0.1935
58.4175,270.04,-1092.55,68.63,-42.34,70.72,3.28,0.1974,0.0749,0.0895,-0.0428,0.2416,-0.1881
58.4597,269.77,-1092.77,68.59,-42.62,72.89,2.85,0.1828,0.1171,0.0700,-0.0420,0.2390,-0.1828
58.5013,269.50,-1092.90,68.59,-42.69,75.12,2.23,0.1689,0.1544,0.0458,-0.0417,0.2366,-0.1779
58.5433,269.32,-1093.05,68.52,-42.69,77.77,1.78,0.1561,0.1879,0.0213,-0.0422,0.2341,-0.1726
58.5851,269.15,-1093.04,68.54,-42.66,79.70,0.57,0.1429,0.2131,-0.0078,-0.0446,0.2300,-0.1672
58.6265,268.94,-1093.02,68.56,-42.78,81.67,-0.16,0.1266,0.2260,-0.0413,-0.0477,0.2250,-0.1624
58.6682,268.59,-1092.90,68.58,-42.51,84.40,-1.15,0.1082,0.2288,-0.0767,-0.0528,0.2188,-0.1582
58.7103,268.09,-1092.78,68.73,-41.88,88.30,-2.37,0.0969,0.2306,-0.1039,-0.0596,0.2124,-0.1570
58.7522,267.41,-1092.72,68.96,-41.09,93.50,-5.49,0.0933,0.2299,-0.1249,-0.0686,0.2032,-0.1605
58.7939,266.79,-1092.78,69.23,-39.77,99.57,-8.61,0.0914,0.2309,-0.1407,-0.0819,0.1897,-0.1681
58.8353,266.28,-1092.86,69.55,-38.70,106.40,-12.15,0.0911,0.2355,-0.1492,-0.0992,0.1695,-0.1801
58.8768,265.90,-1092.83,69.82,-36.63,113.54,-15.42,0.0899,0.2413,-0.1545,-0.1207,0.1395,-0.1914
58.9185,265.61,-1092.80,70.10,-33.98,121.98,-19.80,0.0888,0.2459,-0.1551,-0.1457,0.0998,-0.1999
58.9602,265.41,-1092.76,70.32,-30.74,130.50,-24.45,0.0861,0.2533,-0.1547,-0.1757,0.0520,-0.2017
59.0012,265.27,-1092.73,70.58,-27.48,138.46,-29.09,0.0818,0.2598,-0.1558,-0.2053,0.0004,-0.1963
59.0431,265.17,-1092.63,70.78,-23.98,145.16,-33.36,0.0767,0.2643,-0.1589,-0.2281,-0.0567,-0.1798
59.0849,265.15,-1092.44,70.91,-21.07,150.24,-36.50,0.0718,0.2687,-0.1629,-0.2445,-0.1124,-0.1528
59.1267,265.19,-1092.20,70.90,-19.36,153.36,-38.93,0.0661,0.2709,-0.1685,-0.2557,-0.1637,-0.1182
59.1693,265.17,-1091.93,70.95,-18.23,155.67,-39.87,0.0614,0.2712,-0.1756,-0.2573,-0.2068,-0.0764
59.2115,265.17,-1091.72,70.99,-17.08,157.16,-41.31,0.0574,0.2710,-0.1833,-0.2488,-0.2339,-0.0287
59.2536,265.25,-1091.50,70.94,-16.56,158.41,-41.79,0.0547,0.2704,-0.1884,-0.2363,-0.2437,0.0183
59.2955,265.41,-1091.29,70.83,-16.37,158.66,-42.31,0.0522,0.2703,-0.1911,-0.2222,-0.2377,0.0605
59.3372,265.80,-1091.18,70.59,-17.24,158.62,-42.26,0.0482,0.2699,-0.1912,-0.2133,-0.2200,0.0971
59.3792,266.31,-1091.04,70.36,-18.00,157.75,-41.81,0.0451,0.2689,-0.1895,-0.2094,-0.1920,0.1258
59.4206,267.02,-1090.95,70.10,-19.24,156.01,-41.27,0.0429,0.2677,-0.1862,-0.2107,-0.1525,0.1458
59.4630,267.76,-1090.85,69.91,-20.48,153.18,-41.09,0.0423,0.2637,-0.1824,-0.2126,-0.1057,0.1570
59.5045,268.59,-1090.81,69.60,-22.36,149.28,-40.15,0.0439,0.2584,-0.1762,-0.2145,-0.0534,0.1581
59.5453,269.42,-1090.83,69.29,-24.66,144.86,-39.40,0.0482,0.2525,-0.1692,-0.2143,0.0024,0.1495
59.5866,270.35,-1090.84,68.87,-27.45,139.82,-37.38,0.0537,0.2466,-0.1610,-0.2087,0.0565,0.1275
59.6286,271.24,-1090.85,68.44,-30.29,133.79,-36.17,0.0600,0.2400,-0.1535,-0.1971,0.1060,0.0950
59.6702,272.26,-1090.89,67.96,-33.54,127.43,-32.97,0.0672,0.2332,-0.1461,-0.1848,0.1476,0.0575
59.7120,273.19,-1090.79,67.54,-36.62,119.82,-30.52,0.0750,0.2248,-0.1393,-0.1727,0.1808,0.0208
59.7536,274.12,-1090.72,67.06,-39.28,111.17,-26.42,0.0820,0.2162,-0.1321,-0.1550,0.2076,-0.0140
59.7955,274.91,-1090.68,66.61,-41.68,102.47,-22.45,0.0889,0.2083,-0.1249,-0.1326,0.2255,-0.0462
59.8374,275.55,-1090.75,66.17,-43.65,94.96,-17.63,0.0932,0.2021,-0.1187,-0.1107,0.2371,-0.0708
59.8792,275.96,-1090.69,65.82,-45.02,88.73,-14.38,0.0972,0.1957,-0.1138,-0.0915,0.2432,-0.0942
59.9210,276.36,-1090.83,65.60,-46.00,84.38,-10.93,0.0973,0.1921,-0.1148,-0.0790,0.2458,-0.1107
59.9628,276.55,-1090.67,65.48,-46.24,81.30,-8.93,0.0976,0.1840,-0.1196,-0.0697,0.2431,-0.1205
60.0044,276.61,-1090.79,65.46,-46.15,78.57,-6.95,0.0990,0.1739,-0.1290,-0.0625,0.2432,-0.1253
60.0466,276.58,-1090.88,65.47,-46.84,76.93,-4.69,0.1038,0.1577,-0.1424,-0.0592,0.2447,-0.1271
60.0884,276.14,-1090.85,65.67,-46.74,74.47,-2.41,0.1135,0.1333,-0.1607,-0.0566,0.2465,-0.1308
60.1305,275.66,-1090.77,65.90,-46.77,72.29,0.51,0.1290,0.0992,-0.1803,-0.0567,0.2487,-0.1354
60.1723,275.09,-1090.53,66.13,-45.93,70.51,2.89,0.1502,0.0585,-0.1990,-0.0567,0.2503,-0.1402
60.2138,274.44,-1090.32,66.36,-45.67,69.15,5.39,0.1754,0.0113,-0.2149,-0.0573,0.2524,-0.1445
60.2554,273.83,-1090.00,66.52,-45.49,67.74,7.10,0.2013,-0.0407,-0.2215,-0.0581,0.2549,-0.1494
60.2977,273.29,-1089.68,66.52,-45.80,67.50,7.95,0.2237,-0.0953,-0.2171,-0.0591,0.2557,-0.1538
60.3398,272.85,-1089.31,66.48,-46.60,67.61,6.88,0.2420,-0.1469,-0.1999,-0.0611,0.2561,-0.1597
60.3818,272.57,-1088.85,66.46,-46.29,67.56,6.43,0.2516,-0.1908,-0.1682,-0.0647,0.2556,-0.1671
60.4236,272.39,-1088.58,66.47,-45.97,66.41,6.71,0.2583,-0.2249,-0.1304,-0.0682,0.2555,-0.1749
60.4652,272.29,-1088.40,66.59,-45.94,64.96,8.35,0.2621,-0.2447,-0.0810,-0.0714,0.2549,-0.1823
60.5079,272.21,-1088.40,66.71,-45.43,63.31,9.11,0.2633,-0.2503,-0.0288,-0.0736,0.2558,-0.1889
60.5493,272.12,-1088.43,66.96,-45.12,61.81,9.93,0.2613,-0.2469,0.0254,-0.0754,0.2567,-0.1953
60.5908,272.03,-1088.57,67.19,-44.00,60.84,9.93,0.2559,-0.2300,0.0721,-0.0751,0.2584,-0.2006
60.6318,271.89,-1088.84,67.43,-43.71,60.18,10.11,0.2488,-0.2037,0.1101,-0.0742,0.2601,-0.2036
60.6733,271.71,-1089.09,67.60,-43.16,59.97,9.84,0.2426,-0.1694,0.1374,-0.0716,0.2606,-0.2036
60.7152,271.49,-1089.45,67.76,-42.93,60.26,10.11,0.2370,-0.1252,0.1531,-0.0664,0.2593,-0.2014
60.7566,271.25,-1089.85,67.86,-43.16,60.93,9.87,0.2312,-0.0754,0.1595,-0.0608,0.2574,-0.1981
60.7984,271.00,-1090.26,67.96,-43.20,61.90,9.49,0.2246,-0.0209,0.1548,-0.0570,0.2556,-0.1934
60.8402,270.76,-1090.72,68.06,-43.35,63.79,8.77,0.2153,0.0353,0.1393,-0.0530,0.2537,-0.1885
60.8818,270.56,-1091.00,68.19,-43.34,65.89,8.03,0.2033,0.0890,0.1132,-0.0497,0.2495,-0.1844
60.9237,270.29,-1091.19,68.28,-42.81,68.75,6.80,0.1882,0.1337,0.0803,-0.0476,0.2444,-0.1804
60.9656,269.98,-1091.42,68.45,-43.16,72.14,6.38,0.1721,0.1720,0.0411,-0.0468,0.2398,-0.1775
61.0073,269.66,-1091.31,68.64,-41.77,76.45,5.36,0.1535,0.1967,-0.0050,-0.0465,0.2339,-0.1749
61.0491,269.28,-1091.16,68.85,-40.54,80.35,3.55,0.1363,0.2072,-0.0522,-0.0481,0.2287,-0.1736
61.0909,268.79,-1090.98,68.97,-39.00,84.32,1.35,0.1229,0.2073,-0.0863,-0.0520,0.2241,-0.1721
61.1325,268.18,-1090.87,69.07,-38.39,89.25,-0.92,0.1173,0.2071,-0.1109,-0.0557,0.2186,-0.1712
61.1746,267.46,-1090.88,69.19,-37.50,94.95,-4.11,0.1166,0.2086,-0.1272,-0.0602,0.2125,-0.1699
61.2161,266.68,-1091.01,69.38,-36.77,101.42,-7.21,0.1189,0.2112,-0.1379,-0.0661,0.2054,-0.1705
61.2576,265.80,-1091.20,69.65,-35.09,109.07,-10.87,0.1209,0.2152,-0.1453,-0.0750,0.1928,-0.1727
61.2992,264.92,-1091.77,69.99,-33.61,118.19,-15.36,0.1221,0.2234,-0.1514,-0.0875,0.1759,-0.1754
61.3409,264.30,-1092.33,70.50,-31.28,126.64,-19.32,0.1206,0.2320,-0.1582,-0.1057,0.1499,-0.1776
61.3828,263.81,-1092.99,71.09,-28.25,134.27,-22.85,0.1178,0.2407,-0.1668,-0.1249,0.1168,-0.1815
61.4248,263.57,-1093.69,71.71,-25.56,140.94,-25.18,0.1144,0.2502,-0.1760,-0.1479,0.0773,-0.1856
61.4667,263.47,-1094.31,72.32,-22.80,146.65,-26.67,0.1104,0.2589,-0.1849,-0.1730,0.0326,-0.1880
61.5080,263.49,-1094.78,72.81,-20.17,151.36,-27.87,0.1054,0.2666,-0.1920,-0.1982,-0.0152,-0.1848
61.5496,263.64,-1095.14,73.17,-18.22,155.23,-28.94,0.0995,0.2731,-0.1962,-0.2198,-0.0645,-0.1732
61.5915,263.80,-1095.30,73.42,-16.33,158.35,-30.34,0.0936,0.2782,-0.1988,-0.2375,-0.1129,-0.1513
61.6337,263.97,-1095.36,73.62,-14.89,160.66,-31.70,0.0881,0.2808,-0.1995,-0.2466,-0.1540,-0.1193
61.6753,264.13,-1095.39,73.71,-13.75,162.36,-33.21,0.0823,0.2823,-0.2002,-0.2473,-0.1833,-0.0775
61.7176,264.34,-1095.42,73.69,-13.17,163.75,-33.89,0.0781,0.2834,-0.1999,-0.2452,-0.1979,-0.0328
61.7592,264.59,-1095.36,73.62,-12.92,164.09,-34.63,0.0745,0.2842,-0.2006,-0.2418,-0.1977,0.0117
61.8016,264.90,-1095.27,73.46,-12.87,163.84,-35.18,0.0707,0.2834,-0.2000,-0.2379,-0.1834,0.0531
61.8433,265.30,-1095.13,73.21,-13.73,162.81,-35.20,0.0665,0.2810,-0.1981,-0.2345,-0.1560,0.0893
61.8852,265.73,-1094.98,72.92,-15.20,160.77,-35.65,0.0625,0.2768,-0.1953,-0.2280,-0.1185,0.1178
61.9268,266.17,-1094.83,72.64,-16.90,157.82,-35.11,0.0604,0.2720,-0.1924,-0.2207,-0.0694,0.1327
61.9682,266.64,-1094.69,72.28,-18.82,154.42,-34.45,0.0606,0.2670,-0.1879,-0.2120,-0.0193,0.1350
62.0093,267.14,-1094.54,71.86,-21.00,150.49,-33.74,0.0615,0.2602,-0.1826,-0.2036,0.0303,0.1234
62.0512,267.69,-1094.41,71.40,-23.81,145.53,-32.40,0.0635,0.2530,-0.1768,-0.1948,0.0819,0.1013
62.0924,268.19,-1094.29,71.04,-26.66,139.81,-30.99,0.0678,0.2459,-0.1720,-0.1829,0.1317,0.0644
62.1342,268.71,-1094.04,70.82,-29.02,131.81,-27.72,0.0732,0.2371,-0.1698,-0.1680,0.1728,0.0208
62.1760,269.18,-1093.91,70.69,-31.48,123.39,-24.18,0.0801,0.2286,-0.1688,-0.1485,0.2072,-0.0245
62.2178,269.63,-1093.73,70.57,-32.98,114.60,-19.75,0.0869,0.2199,-0.1680,-0.1246,0.2297,-0.0686
62.2594,270.05,-1093.51,70.51,-33.96,106.09,-16.07,0.0939,0.2109,-0.1658,-0.1003,0.2362,-0.1077
62.3014,270.50,-1093.53,70.38,-35.33,98.36,-12.97,0.0981,0.2061,-0.1623,-0.0829,0.2376,-0.1365
62.3435,270.93,-1093.44,70.26,-36.26,92.21,-9.39,0.0984,0.2019,-0.1602,-0.0730,0.2353,-0.1570
62.3852,271.31,-1093.42,70.17,-36.83,87.37,-6.96,0.0949,0.1989,-0.1593,-0.0689,0.2347,-0.1692
62.4265,271.70,-1093.27,69.98,-37.42,84.33,-4.89,0.0887,0.1940,-0.1618,-0.0685,0.2349,-0.1745
62.4686,272.01,-1093.24,69.72,-38.08,82.19,-3.97,0.0853,0.1891,-0.1645,-0.0695,0.2363,-0.1743
62.5110,272.29,-1093.23,69.43,-39.91,80.33,-2.28,0.0822,0.1842,-0.1696,-0.0689,0.2380,-0.1733
62.5525,272.41,-1093.10,69.12,-41.05,78.72,-1.47,0.0829,0.1740,-0.1773,-0.0674,0.2381,-0.1715
62.5943,272.44,-1093.01,68.86,-42.59,77.02,-0.48,0.0891,0.1586,-0.1877,-0.0660,0.2381,-0.1705
62.6359,272.31,-1092.78,68.62,-43.61,75.36,0.52,0.1001,0.1361,-0.2020,-0.0647,0.2374,-0.1711
62.6778,272.17,-1092.46,68.37,-44.25,73.92,2.11,0.1155,0.1073,-0.2217,-0.0649,0.2365,-0.1719
62.7184,271.90,-1092.05,68.15,-44.52,72.82,3.19,0.1372,0.0722,-0.2421,-0.0647,0.2361,-0.1741
62.7604,271.66,-1091.59,67.95,-44.71,71.39,4.09,0.1605,0.0279,-0.2602,-0.0665,0.2346,-0.1768
62.8021,271.40,-1091.13,67.76,-44.96,70.13,5.19,0.1871,-0.0179,-0.2702,-0.0683,0.2340,-0.1804
62.8440,271.18,-1090.62,67.59,-44.99,69.40,6.08,0.2136,-0.0668,-0.2673,-0.0714,0.2331,-0.1836
62.8854,271.06,-1090.19,67.50,-45.23,68.91,6.74,0.2320,-0.1125,-0.2520,-0.0750,0.2327,-0.1873
62.9275,271.01,-1089.92,67.41,-45.24,68.47,7.24,0.2436,-0.1526,-0.2265,-0.0783,0.2333,-0.1910
62.9696,271.04,-1089.77,67.41,-45.55,67.67,7.33,0.2538,-0.1845,-0.1925,-0.0821,0.2344,-0.1952
63.0115,271.19,-1089.70,67.34,-45.35,66.61,7.90,0.2576,-0.2055,-0.1546,-0.0857,0.2357,-0.1980
63.0533,271.23,-1089.75,67.33,-45.73,64.83,8.26,0.2637,-0.2168,-0.1106,-0.0875,0.2381,-0.1992
63.0950,271.32,-1089.96,67.39,-45.71,63.33,9.36,0.2668,-0.2168,-0.0644,-0.0865,0.2414,-0.1997
63.1373,271.35,-1090.16,67.47,-45.50,62.09,9.84,0.2653,-0.2066,-0.0197,-0.0838,0.2434,-0.1995
63.1796,271.32,-1090.31,67.62,-45.10,61.92,9.98,0.2599,-0.1889,0.0222,-0.0804,0.2453,-0.1986
63.2215,271.20,-1090.56,67.78,-44.70,62.96,8.94,0.2529,-0.1627,0.0614,-0.0751,0.2468,-0.1969
63.2627,271.04,-1090.88,67.99,-44.70,64.35,7.87,0.2433,-0.1259,0.0935,-0.0690,0.2476,-0.1943
63.3040,270.91,-1091.18,68.22,-44.17,66.08,6.95,0.2299,-0.0825,0.1160,-0.0629,0.2476,-0.1909
63.3454,270.69,-1091.57,68.49,-43.49,67.03,6.60,0.2152,-0.0333,0.1245,-0.0568,0.2465,-0.1877
63.3870,270.48,-1092.06,68.78,-42.79,68.87,6.55,0.1995,0.0212,0.1211,-0.0514,0.2460,-0.1852
63.4290,270.20,-1092.44,69.11,-42.19,70.92,5.45,0.1836,0.0726,0.1077,-0.0471,0.2445,-0.1826
63.4708,269.91,-1092.80,69.43,-41.26,73.86,4.51,0.1653,0.1201,0.0871,-0.0426,0.2428,-0.1801
63.5124,269.56,-1093.07,69.68,-40.66,77.33,3.10,0.1461,0.1652,0.0600,-0.0391,0.2397,-0.1768
63.5535,269.19,-1093.12,69.90,-39.83,81.07,1.96,0.1254,0.1988,0.0236,-0.0371,0.2347,-0.1746
63.5958,268.77,-1093.18,70.06,-39.12,85.45,0.31,0.1040,0.2215,-0.0162,-0.0376,0.2293,-0.1726
63.6375,268.35,-1093.14,70.13,-38.62,89.82,-1.44,0.0855,0.2378,-0.0564,-0.0403,0.2217,-0.1719
63.6798,268.00,-1092.91,70.21,-37.72,93.46,-2.54,0.0684,0.2385,-0.0917,-0.0484,0.2128,-0.1717
63.7211,267.42,-1092.73,70.23,-36.41,98.36,-4.50,0.0545,0.2387,-0.1166,-0.0601,0.2041,-0.1712
63.7624,266.86,-1092.69,70.26,-35.82,104.47,-7.63,0.0464,0.2396,-0.1356,-0.0767,0.1946,-0.1713
63.8043,266.29,-1092.81,70.31,-34.96,111.12,-11.39,0.0437,0.2430,-0.1494,-0.0959,0.1811,-0.1730
63.8462,265.80,-1092.94,70.41,-34.15,118.47,-14.44,0.0416,0.2458,-0.1617,-0.1186,0.1584,-0.1743
63.8879,265.25,-1093.04,70.55,-31.85,126.30,-18.19,0.0402,0.2475,-0.1716,-0.1416,0.1268,-0.1748
63.9296,264.77,-1093.36,70.67,-29.95,134.90,-22.68,0.0388,0.2510,-0.1822,-0.1657,0.0871,-0.1757
63.9709,264.42,-1093.62,70.73,-27.73,142.76,-27.48,0.0380,0.2534,-0.1932,-0.1906,0.0408,-0.1750
64.0129,264.13,-1093.80,70.88,-25.25,149.98,-31.40,0.0388,0.2559,-0.2042,-0.2119,-0.0112,-0.1700
64.0547,263.92,-1093.91,71.04,-22.65,155.56,-34.45,0.0403,0.2590,-0.2144,-0.2276,-0.0655,-0.1574
64.0974,263.82,-1093.84,71.22,-20.07,159.82,-36.33,0.0420,0.2616,-0.2235,-0.2407,-0.1184,-0.1356
64.1395,263.77,-1093.72,71.35,-17.75,162.76,-38.01,0.0437,0.2652,-0.2312,-0.2513,-0.1668,-0.1039
64.1816,263.79,-1093.47,71.49,-15.79,164.08,-39.43,0.0454,0.2676,-0.2382,-0.2549,-0.2079,-0.0578
64.2233,263.95,-1093.16,71.62,-14.39,164.63,-40.34,0.0462,0.2679,-0.2431,-0.2497,-0.2347,-0.0060
64.2649,264.21,-1092.84,71.67,-13.34,164.41,-41.62,0.0441,0.2670,-0.2466,-0.2430,-0.2410,0.0403
64.3069,264.64,-1092.53,71.60,-13.07,163.70,-42.15,0.0391,0.2646,-0.2467,-0.2378,-0.2327,0.0804
64.3488,265.14,-1092.22,71.48,-13.15,162.40,-42.32,0.0327,0.2623,-0.2443,-0.2353,-0.2071,0.1128
64.3905,265.65,-1091.90,71.35,-13.99,160.01,-42.35,0.0264,0.2591,-0.2389,-0.2352,-0.1672,0.1382
64.4318,266.16,-1091.56,71.17,-15.40,157.22,-41.71,0.0218,0.2552,-0.2303,-0.2334,-0.1172,0.1539
64.4736,266.62,-1091.18,70.91,-17.26,153.71,-40.71,0.0194,0.2493,-0.2200,-0.2291,-0.0640,0.1607
64.5149,267.07,-1090.82,70.59,-19.66,149.64,-39.99,0.0207,0.2437,-0.2098,-0.2232,-0.0069,0.1545
64.5568,267.66,-1090.43,70.12,-22.93,144.96,-37.33,0.0242,0.2391,-0.1996,-0.2156,0.0476,0.1364
64.5983,268.19,-1089.99,69.76,-25.86,139.71,-35.49,0.0303,0.2346,-0.1899,-0.2050,0.0990,0.1081
64.6401,268.92,-1089.62,69.33,-29.40,134.27,-32.74,0.0354,0.2311,-0.1802,-0.1921,0.1447,0.0703
64.6814,269.50,-1089.10,68.96,-31.46,128.08,-30.72,0.0416,0.2250,-0.1711,-0.1754,0.1799,0.0285
64.7235,270.24,-1088.70,68.53,-34.34,121.71,-27.71,0.0464,0.2190,-0.1630,-0.1571,0.2070,-0.0166
64.7653,270.86,-1088.35,68.14,-36.41,115.56,-25.20,0.0514,0.2131,-0.1565,-0.1384,0.2211,-0.0604
64.8072,271.60,-1088.15,67.79,-38.87,109.27,-21.16,0.0534,0.2085,-0.1525,-0.1196,0.2280,-0.1001
64.8488,272.26,-1087.87,67.46,-40.18,103.02,-17.32,0.0548,0.2022,-0.1506,-0.1027,0.2259,-0.1297
64.8908,272.93,-1087.98,67.12,-42.02,97.25,-13.43,0.0562,0.1980,-0.1516,-0.0892,0.2244,-0.1507
64.9323,273.48,-1087.97,66.81,-43.62,91.71,-10.02,0.0588,0.1908,-0.1554,-0.0829,0.2222,-0.1622
64.9746,273.87,-1088.24,66.52,-45.28,86.78,-6.16,0.0635,0.1808,-0.1637,-0.0786,0.2227,-0.1695
65.0166,274.11,-1088.42,66.35,-46.97,82.07,-2.52,0.0731,0.1640,-0.1746,-0.0771,0.2246,-0.1722
65.0585,274.19,-1088.69,66.20,-47.81,77.83,1.49,0.0886,0.1443,-0.1869,-0.0751,0.2284,-0.1742
65.1006,274.11,-1088.96,66.09,-48.58,73.94,5.41,0.1097,0.1199,-0.1981,-0.0738,0.2320,-0.1749
65.1436,273.90,-1089.25,66.02,-49.38,69.82,9.73,0.1329,0.0861,-0.2090,-0.0731,0.2359,-0.1747
65.1860,273.56,-1089.27,65.93,-49.35,67.02,13.03,0.1615,0.0460,-0.2147,-0.0720,0.2378,-0.1738
65.2280,273.21,-1089.41,65.72,-49.48,65.26,15.42,0.1932,0.0040,-0.2131,-0.0714,0.2412,-0.1722
65.2704,272.87,-1089.49,65.52,-50.13,63.53,17.02,0.2251,-0.0397,-0.2016,-0.0714,0.2440,-0.1714
65.3122,272.58,-1089.51,65.34,-50.34,62.60,18.39,0.2535,-0.0825,-0.1798,-0.0714,0.2456,-0.1721
65.3543,272.32,-1089.37,65.18,-49.83,62.66,19.23,0.2720,-0.1257,-0.1472,-0.0722,0.2453,-0.1735
65.3962,272.07,-1089.36,65.18,-49.60,62.70,19.72,0.2836,-0.1615,-0.1120,-0.0725,0.2464,-0.1759
65.4385,271.89,-1089.43,65.12,-49.30,62.58,20.07,0.2892,-0.1898,-0.0708,-0.0722,0.2472,-0.1758
65.4803,271.75,-1089.55,65.16,-49.42,62.53,20.39,0.2878,-0.2041,-0.0263,-0.0710,0.2486,-0.1767
65.5220,271.62,-1089.77,65.17,-49.33,62.72,20.04,0.2819,-0.2057,0.0177,-0.0697,0.2498,-0.1748
65.5634,271.49,-1090.08,65.25,-49.43,62.85,19.34,0.2728,-0.1945,0.0625,-0.0668,0.2513,-0.1725
65.6055,271.30,-1090.50,65.38,-49.56,63.43,17.76,0.2633,-0.1718,0.1100,-0.0638,0.2528,-0.1693
65.6475,271.10,-1090.83,65.52,-49.12,63.90,16.88,0.2471,-0.1389,0.1494,-0.0604,0.2535,-0.1654
65.6893,270.81,-1091.25,65.66,-49.05,64.87,15.91,0.2278,-0.1013,0.1717,-0.0559,0.2533,-0.1611
65.7309,270.52,-1091.65,65.82,-48.90,66.00,15.70,0.2103,-0.0598,0.1810,-0.0525,0.2514,-0.1579
65.7725,270.14,-1092.10,66.02,-49.15,67.41,15.03,0.1955,-0.0141,0.1774,-0.0491,0.2492,-0.1564
65.8142,269.76,-1092.42,66.31,-48.56,69.41,14.58,0.1824,0.0327,0.1586,-0.0461,0.2451,-0.1570
65.8562,269.28,-1092.76,66.66,-47.79,72.21,12.83,0.1695,0.0820,0.1284,-0.0439,0.2410,-0.1584
65.8981,268.79,-1093.07,67.06,-47.13,75.52,11.76,0.1569,0.1258,0.0889,-0.0416,0.2365,-0.1606
65.9392,268.21,-1093.32,67.43,-46.21,79.50,9.66,0.1441,0.1639,0.0453,-0.0387,0.2296,-0.1633
65.9797,267.66,-1093.52,67.86,-45.72,84.38,8.14,0.1335,0.1940,-0.0010,-0.0376,0.2221,-0.1671
66.0204,267.09,-1093.51,68.33,-44.09,89.32,5.15,0.1204,0.2155,-0.0463,-0.0378,0.2136,-0.1726
66.0613,266.63,-1093.45,68.93,-42.43,93.94,2.42,0.1089,0.2290,-0.0937,-0.0408,0.2044,-0.1803
66.1027,266.29,-1093.26,69.50,-39.62,98.21,0.31,0.0977,0.2358,-0.1314,-0.0475,0.1964,-0.1885
66.1441,265.91,-1093.18,69.99,-37.43,103.34,-2.21,0.0888,0.2400,-0.1622,-0.0563,0.1916,-0.1954
66.1854,265.54,-1093.12,70.39,-35.32,108.36,-5.78,0.0820,0.2421,-0.1817,-0.0660,0.1889,-0.2004
66.2267,265.22,-1093.12,70.72,-33.70,113.76,-8.03,0.0743,0.2443,-0.1927,-0.0762,0.1863,-0.2035
66.2681,264.88,-1093.18,71.09,-32.19,118.91,-11.59,0.0679,0.2446,-0.1976,-0.0866,0.1817,-0.2058
66.3100,264.62,-1093.24,71.41,-30.36,124.14,-14.15,0.0629,0.2479,-0.1999,-0.0986,0.1735,-0.2082
66.3517,264.29,-1093.46,71.81,-28.03,130.36,-17.76,0.0608,0.2528,-0.2018,-0.1122,0.1603,-0.2120
66.3932,264.17,-1093.78,72.16,-25.93,137.27,-21.37,0.0571,0.2580,-0.2038,-0.1285,0.1404,-0.2170
66.4346,264.08,-1093.95,72.53,-22.90,143.86,-24.78,0.0532,0.2621,-0.2065,-0.1477,0.1091,-0.2215
66.4764,264.22,-1094.16,72.75,-20.12,150.39,-27.93,0.0495,0.2674,-0.2087,-0.1690,0.0687,-0.2227
66.5181,264.37,-1094.13,72.96,-17.44,156.22,-30.93,0.0466,0.2712,-0.2122,-0.1901,0.0183,-0.2188
66.5605,264.63,-1093.98,73.06,-14.80,160.83,-33.73,0.0451,0.2732,-0.2158,-0.2100,-0.0372,-0.2064
66.6026,264.92,-1093.56,73.11,-12.19,164.23,-36.26,0.0445,0.2741,-0.2199,-0.2230,-0.0944,-0.1877
66.6444,265.30,-1093.02,73.10,-10.20,165.69,-38.36,0.0444,0.2746,-0.2247,-0.2307,-0.1483,-0.1602
66.6863,265.72,-1092.45,72.95,-9.52,166.12,-39.52,0.0448,0.2746,-0.2281,-0.2347,-0.1901,-0.1237
66.7285,266.13,-1091.86,72.69,-9.51,165.56,-40.26,0.0452,0.2743,-0.2300,-0.2347,-0.2179,-0.0801
66.7706,266.68,-1091.39,72.31,-10.52,164.72,-41.10,0.0447,0.2724,-0.2305,-0.2346,-0.2306,-0.0337
66.8126,267.25,-1090.92,71.93,-11.77,163.72,-41.52,0.0441,0.2696,-0.2304,-0.2324,-0.2325,0.0114
66.8541,267.83,-1090.36,71.60,-12.96,161.81,-41.59,0.0443,0.2654,-0.2297,-0.2297,-0.2197,0.0512
66.8958,268.46,-1089.82,71.25,-14.11,158.79,-41.90,0.0452,0.2603,-0.2288,-0.2299,-0.1951,0.0847
66.9377,269.17,-1089.46,70.79,-16.06,155.54,-41.29,0.0463,0.2562,-0.2270,-0.2307,-0.1591,0.1124
66.9799,269.92,-1089.19,70.34,-18.50,151.82,-41.01,0.0484,0.2517,-0.2243,-0.2328,-0.1143,0.1334
67.0208,270.63,-1089.00,69.94,-20.95,147.58,-40.05,0.0515,0.2472,-0.2202,-0.2332,-0.0651,0.1444
67.0634,271.36,-1088.91,69.48,-23.61,142.88,-38.95,0.0545,0.2429,-0.2141,-0.2310,-0.0118,0.1465
67.1041,272.02,-1088.94,69.17,-26.18,138.36,-37.52,0.0581,0.2384,-0.2081,-0.2223,0.0435,0.1348
67.1454,272.78,-1089.01,68.71,-29.10,132.72,-35.66,0.0608,0.2340,-0.2012,-0.2072,0.0950,0.1127
67.1869,273.45,-1089.15,68.32,-32.00,126.99,-33.56,0.0632,0.2295,-0.1951,-0.1850,0.1417,0.0796
67.2287,274.22,-1089.37,67.89,-35.27,120.36,-30.43,0.0649,0.2251,-0.1885,-0.1618,0.1794,0.0433
67.2706,274.85,-1089.56,67.57,-37.81,113.67,-27.44,0.0675,0.2205,-0.1826,-0.1383,0.2096,0.0052
67.3121,275.52,-1089.75,67.18,-40.13,106.24,-23.34,0.0689,0.2158,-0.1765,-0.1162,0.2280,-0.0314
67.3539,276.04,-1089.97,66.86,-42.04,99.64,-19.89,0.0719,0.2106,-0.1710,-0.0940,0.2379,-0.0669
67.3960,276.62,-1090.02,66.42,-43.80,92.71,-16.12,0.0739,0.2041,-0.1662,-0.0767,0.2360,-0.0924
67.4378,277.01,-1090.16,66.03,-45.06,87.36,-12.79,0.0773,0.1977,-0.1636,-0.0650,0.2326,-0.1096
67.4799,277.38,-1090.34,65.71,-46.67,82.62,-10.17,0.0821,0.1902,-0.1628,-0.0621,0.2305,-0.1185
67.5213,277.57,-1090.56,65.54,-47.48,78.54,-7.63,0.0879,0.1819,-0.1673,-0.0607,0.2318,-0.1262
67.5630,277.56,-1090.87,65.50,-48.61,74.95,-4.96,0.0965,0.1691,-0.1749,-0.0632,0.2332,-0.1324
67.6049,277.39,-1091.05,65.59,-48.68,71.60,-1.93,0.1058,0.1507,-0.1864,-0.0653,0.2355,-0.1400
67.6479,277.10,-1091.39,65.74,-49.01,68.96,1.04,0.1164,0.1270,-0.2035,-0.0661,0.2390,-0.1485
67.6907,276.82,-1091.51,65.88,-48.71,67.09,3.33,0.1324,0.0966,-0.2229,-0.0669,0.2402,-0.1571
67.7329,276.45,-1091.69,66.08,-48.48,65.07,4.79,0.1486,0.0583,-0.2412,-0.0689,0.2422,-0.1648
67.7750,276.10,-1091.64,66.28,-48.03,63.85,5.97,0.1651,0.0113,-0.2526,-0.0712,0.2435,-0.1715
67.8166,275.76,-1091.58,66.39,-47.44,63.13,6.53,0.1815,-0.0383,-0.2547,-0.0729,0.2446,-0.1761
67.8585,275.49,-1091.47,66.47,-47.48,62.62,7.01,0.1969,-0.0894,-0.2455,-0.0753,0.2454,-0.1794
67.9007,275.28,-1091.30,66.51,-47.42,62.30,6.19,0.2083,-0.1359,-0.2249,-0.0779,0.2474,-0.1807
67.9425,275.16,-1091.20,66.51,-47.25,62.36,5.58,0.2136,-0.1753,-0.1921,-0.0804,0.2484,-0.1807
67.9842,275.07,-1091.22,66.56,-47.66,61.73,5.29,0.2193,-0.2039,-0.1560,-0.0816,0.2495,-0.1815
68.0261,275.03,-1091.23,66.60,-47.50,60.70,6.43,0.2254,-0.2213,-0.1124,-0.0828,0.2503,-0.1822
68.0681,274.93,-1091.39,66.70,-47.46,59.76,7.31,0.2289,-0.2268,-0.0659,-0.0822,0.2516,-0.1840
68.1101,274.82,-1091.44,66.81,-46.91,59.23,8.24,0.2320,-0.2243,-0.0218,-0.0806,0.2517,-0.1860
68.1523,274.57,-1091.60,66.97,-46.66,58.51,8.54,0.2329,-0.2117,0.0180,-0.0764,0.2529,-0.1890
68.1945,274.25,-1091.74,67.12,-46.12,58.26,8.73,0.2336,-0.1907,0.0517,-0.0709,0.2533,-0.1915
68.2356,273.81,-1091.95,67.28,-45.67,58.71,8.21,0.2337,-0.1588,0.0780,-0.0643,0.2530,-0.1934
68.2774,273.35,-1092.15,67.47,-45.24,59.46,7.93,0.2301,-0.1191,0.0965,-0.0573,0.2516,-0.1950
68.3186,272.78,-1092.38,67.65,-44.73,60.75,7.19,0.2214,-0.0732,0.1030,-0.0506,0.2489,-0.1950
68.3592,272.23,-1092.62,67.85,-44.53,62.42,7.01,0.2092,-0.0240,0.0997,-0.0445,0.2466,-0.1946
68.3998,271.65,-1092.85,68.07,-44.05,64.41,6.63,0.1945,0.0253,0.0873,-0.0387,0.2440,-0.1939
68.4406,271.11,-1092.97,68.30,-43.28,66.84,6.49,0.1785,0.0726,0.0703,-0.0339,0.2403,-0.1935
68.4816,270.55,-1092.91,68.61,-41.98,69.64,5.66,0.1613,0.1149,0.0453,-0.0308,0.2358,-0.1942
68.5232,269.94,-1092.85,68.92,-40.41,73.65,4.61,0.1446,0.1510,0.0165,-0.0288,0.2317,-0.1955
68.5652,269.36,-1092.71,69.16,-39.35,77.25,2.79,0.1274,0.1788,-0.0132,-0.0290,0.2270,-0.1963
68.6068,268.73,-1092.45,69.34,-38.34,81.42,1.26,0.1135,0.1978,-0.0432,-0.0297,0.2210,-0.1973
68.6472,268.12,-1092.28,69.49,-37.69,86.27,-0.45,0.1049,0.2139,-0.0771,-0.0331,0.2160,-0.1972
68.6895,267.52,-1092.06,69.67,-36.80,91.24,-3.03,0.1008,0.2222,-0.1115,-0.0376,0.2110,-0.1968
68.7313,266.87,-1091.98,69.89,-36.23,96.56,-6.35,0.1001,0.2261,-0.1415,-0.0433,0.2065,-0.1948
68.7731,266.38,-1091.88,70.04,-35.11,102.02,-9.41,0.0966,0.2270,-0.1631,-0.0524,0.2018,-0.1918
68.8153,265.94,-1091.82,70.16,-33.77,107.66,-12.78,0.0904,0.2279,-0.1762,-0.0642,0.1962,-0.1879
68.8566,265.68,-1091.83,70.27,-32.67,113.22,-16.13,0.0807,0.2294,-0.1833,-0.0794,0.1880,-0.1843
68.8982,265.54,-1091.91,70.35,-31.71,118.61,-19.29,0.0705,0.2311,-0.1892,-0.0974,0.1767,-0.1817
68.9403,265.46,-1091.93,70.44,-30.16,123.89,-22.48,0.0639,0.2327,-0.1934,-0.1177,0.1572,-0.1817
68.9818,265.43,-1091.98,70.52,-28.72,129.21,-25.51,0.0579,0.2352,-0.1984,-0.1397,0.1306,-0.1845
69.0239,265.40,-1092.00,70.62,-26.57,134.74,-29.26,0.0527,0.2360,-0.2045,-0.1598,0.0938,-0.1904
69.0655,265.42,-1092.02,70.81,-23.91,141.17,-32.55,0.0499,0.2357,-0.2110,-0.1769,0.0475,-0.1959
69.1072,265.44,-1091.90,71.10,-19.96,146.51,-37.03,0.0494,0.2360,-0.2182,-0.1978,-0.0033,-0.1988
69.1491,265.59,-1091.72,71.31,-16.04,150.48,-40.51,0.0501,0.2373,-0.2260,-0.2192,-0.0563,-0.1964
69.1913,265.80,-1091.58,71.49,-13.38,153.39,-42.53,0.0522,0.2398,-0.2342,-0.2364,-0.1084,-0.1826
69.2328,266.02,-1091.41,71.63,-11.70,155.17,-43.94,0.0549,0.2419,-0.2416,-0.2564,-0.1556,-0.1563
69.2751,266.19,-1091.33,71.71,-10.64,156.22,-44.91,0.0591,0.2446,-0.2466,-0.2675,-0.1936,-0.1136
69.3165,266.40,-1091.27,71.73,-10.17,156.70,-45.09,0.0618,0.2455,-0.2496,-0.2717,-0.2190,-0.0634
69.3585,266.63,-1091.33,71.73,-10.02,156.95,-45.75,0.0636,0.2460,-0.2512,-0.2686,-0.2255,-0.0127
69.4002,266.90,-1091.38,71.68,-10.52,157.11,-45.92,0.0644,0.2451,-0.2509,-0.2626,-0.2182,0.0353
69.4424,267.12,-1091.44,71.55,-10.95,156.26,-45.82,0.0660,0.2444,-0.2489,-0.2535,-0.1966,0.0759
69.4841,267.42,-1091.50,71.39,-12.15,155.06,-45.47,0.0668,0.2436,-0.2459,-0.2461,-0.1634,0.1080
69.5257,267.68,-1091.55,71.22,-13.40,153.19,-45.15,0.0675,0.2416,-0.2422,-0.2383,-0.1208,0.1300
69.5667,268.02,-1091.65,70.92,-15.26,150.80,-44.30,0.0682,0.2386,-0.2367,-0.2297,-0.0731,0.1413
69.6089,268.34,-1091.67,70.60,-17.22,147.79,-43.69,0.0690,0.2335,-0.2310,-0.2199,-0.0211,0.1408
69.6503,268.78,-1091.83,70.18,-19.96,144.51,-42.69,0.0697,0.2282,-0.2241,-0.2089,0.0341,0.1297
69.6924,269.21,-1091.96,69.76,-22.61,141.02,-41.71,0.0715,0.2230,-0.2168,-0.1953,0.0890,0.1078
69.7343,269.80,-1092.19,69.39,-26.22,137.12,-40.00,0.0726,0.2188,-0.2099,-0.1794,0.1381,0.0739
69.7760,270.19,-1092.00,69.25,-27.67,131.36,-38.39,0.0756,0.2118,-0.2048,-0.1595,0.1791,0.0336
69.8178,270.75,-1092.07,68.97,-30.00,125.57,-35.42,0.0784,0.2071,-0.1971,-0.1395,0.2124,-0.0076
69.8597,271.14,-1092.00,68.71,-31.83,119.86,-33.11,0.0812,0.2022,-0.1895,-0.1157,0.2317,-0.0479
69.9018,271.63,-1092.07,68.44,-34.52,114.30,-29.61,0.0819,0.1984,-0.1817,-0.0931,0.2431,-0.0848
69.9429,271.96,-1092.02,68.24,-36.23,109.81,-26.05,0.0819,0.1944,-0.1764,-0.0748,0.2442,-0.1133
69.9847,272.37,-1092.01,67.97,-38.38,105.47,-22.56,0.0804,0.1892,-0.1715,-0.0619,0.2398,-0.1325
70.0265,272.77,-1091.92,67.77,-39.96,101.11,-18.95,0.0775,0.1851,-0.1714,-0.0543,0.2345,-0.1437
70.0687,273.15,-1091.90,67.58,-40.73,96.65,-15.20,0.0769,0.1823,-0.1725,-0.0524,0.2312,-0.1486
70.1104,273.36,-1092.10,67.54,-42.21,93.91,-12.65,0.0755,0.1824,-0.1755,-0.0522,0.2309,-0.1508
70.1524,273.51,-1092.15,67.62,-42.39,91.12,-10.74,0.0750,0.1788,-0.1812,-0.0548,0.2309,-0.1511
70.1940,273.48,-1092.39,67.75,-42.67,88.63,-8.48,0.0772,0.1777,-0.1865,-0.0574,0.2327,-0.1510
70.2355,273.32,-1092.59,67.92,-43.05,85.77,-5.98,0.0806,0.1726,-0.1937,-0.0579,0.2338,-0.1518
70.2779,272.97,-1092.83,68.10,-43.38,82.44,-2.58,0.0872,0.1590,-0.2015,-0.0566,0.2351,-0.1534
70.3198,272.53,-1092.90,68.31,-43.55,79.04,0.78,0.0980,0.1367,-0.2103,-0.0555,0.2351,-0.1559
70.3616,271.98,-1092.84,68.58,-42.53,76.20,3.78,0.1148,0.1050,-0.2211,-0.0533,0.2347,-0.1604
70.4036,271.38,-1092.79,68.83,-42.05,73.88,6.25,0.1388,0.0677,-0.2304,-0.0519,0.2344,-0.1657
70.4451,270.80,-1092.65,69.12,-40.38,72.26,8.49,0.1684,0.0277,-0.2386,-0.0523,0.2349,-0.1719
70.4868,270.22,-1092.76,69.58,-39.53,71.62,10.10,0.1985,-0.0121,-0.2445,-0.0521,0.2371,-0.1807
70.5285,269.67,-1092.92,70.23,-37.99,71.70,10.24,0.2268,-0.0518,-0.2444,-0.0522,0.2367,-0.1928
70.5705,269.20,-1093.37,71.17,-35.60,73.28,9.69,0.2494,-0.0859,-0.2420,-0.0537,0.2371,-0.2091
70.6120,268.75,-1094.14,72.41,-33.14,74.63,8.29,0.2636,-0.1143,-0.2441,-0.0539,0.2372,-0.2327
70.6534,268.39,-1095.08,73.75,-28.94,76.37,7.55,0.2707,-0.1357,-0.2537,-0.0560,0.2333,-0.2605
70.6949,268.05,-1096.25,75.03,-25.31,77.96,6.86,0.2715,-0.1492,-0.2684,-0.0563,0.2279,-0.2892
70.7364,267.84,-1097.44,76.14,-21.35,79.56,6.43,0.2710,-0.1557,-0.2892,-0.0582,0.2168,-0.3123
70.7782,267.63,-1098.63,77.11,-18.05,80.88,5.88,0.2709,-0.1578,-0.3155,-0.0590,0.2044,-0.3322
70.8202,267.51,-1099.62,78.01,-14.27,82.42,5.20,0.2663,-0.1549,-0.3466,-0.0641,0.1887,-0.3498
70.8618,267.43,-1100.69,78.62,-11.24,83.86,4.60,0.2556,-0.1426,-0.3790,-0.0691,0.1726,-0.3659
70.9033,267.39,-1101.65,79.15,-9.15,85.29,4.21,0.2417,-0.1264,-0.4116,-0.0760,0.1549,-0.3826
70.9456,267.41,-1102.52,79.59,-6.79,86.80,3.82,0.2237,-0.1087,-0.4425,-0.0846,0.1354,-0.4004
70.9871,267.45,-1103.36,79.98,-4.74,88.37,3.47,0.2040,-0.0897,-0.4709,-0.0945,0.1178,-0.4183
71.0293,267.52,-1104.12,80.25,-2.98,89.90,3.00,0.1856,-0.0744,-0.4940,-0.1024,0.0998,-0.4335
71.0711,267.67,-1104.80,80.48,-1.67,91.21,2.49,0.1703,-0.0625,-0.5107,-0.1114,0.0824,-0.4493
71.1122,267.86,-1105.42,80.73,-0.44,92.34,2.04,0.1569,-0.0513,-0.5210,-0.1205,0.0651,-0.4659
71.1542,268.09,-1105.98,80.93,0.98,93.44,1.70,0.1451,-0.0382,-0.5236,-0.1321,0.0488,-0.4796
71.1965,268.37,-1106.47,81.16,2.36,94.15,0.97,0.1348,-0.0218,-0.5235,-0.1428,0.0355,-0.4917
71.2383,268.64,-1106.90,81.33,3.78,94.80,0.04,0.1286,-0.0042,-0.5226,-0.1505,0.0246,-0.4974
71.2803,268.91,-1107.25,81.47,5.14,95.29,-0.66,0.1235,0.0126,-0.5202,-0.1557,0.0151,-0.4994
71.3215,269.17,-1107.61,81.49,5.79,95.65,-1.22,0.1176,0.0270,-0.5171,-0.1604,0.0071,-0.5003
71.3627,269.43,-1107.93,81.53,6.01,95.74,-1.55,0.1127,0.0383,-0.5152,-0.1666,0.0001,-0.5022
